{"type":"FeatureCollection","features":[{"type":"Feature","properties":{"contour":1},"geometry":{"type":"Polygon","coordinates":[[[-122.39685,37.780003],[-122.39662,37.780003],[-122.39651,37.77991],[-122.39628,37.77991],[-122.39611,37.78005],[-122.39611,37.780136],[-122.39628,37.780273],[-122.39651,37.780273],[-122.39656,37.78032],[-122.39645,37.780407],[-122.39645,37.780586],[-122.39639,37.780632],[-122.39628,37.780632],[-122.396225,37.780678],[-122.396225,37.78077],[-122.39611,37.780857],[-122.39628,37.780994],[-122.39634,37.78095],[-122.39634,37.780857],[-122.39639,37.78081],[-122.39651,37.78081],[-122.39662,37.780724],[-122.39679,37.780857],[-122.39679,37.78095],[-122.39696,37.781082],[-122.39707,37.781082],[-122.39713,37.781036],[-122.39713,37.7805],[-122.39725,37.780407],[-122.39725,37.78005],[-122.39707,37.77991],[-122.39696,37.77991],[-122.39685,37.780003]]]}},{"type":"Feature","properties":{"contour":2},"geometry":{"type":"Polygon","coordinates":[[[-122.396774,37.779694],[-122.39672,37.779648],[-122.39638,37.779648],[-122.39593,37.779285],[-122.39553,37.779602],[-122.395645,37.779694],[-122.395645,37.77978],[-122.39553,37.779873],[-122.39553,37.780052],[-122.395584,37.780098],[-122.395645,37.780052],[-122.395645,37.779873],[-122.3957,37.779827],[-122.39576,37.779873],[-122.39576,37.77996],[-122.39587,37.780052],[-122.39587,37.780144],[-122.39581,37.780186],[-122.3957,37.780186],[-122.39542,37.78041],[-122.3957,37.78064],[-122.39581,37.78064],[-122.39593,37.78055],[-122.39598,37.780594],[-122.39598,37.78068],[-122.39576,37.780865],[-122.39576,37.781044],[-122.39553,37.781223],[-122.39553,37.781403],[-122.395584,37.78145],[-122.39616,37.78145],[-122.39621,37.781403],[-122.39621,37.781223],[-122.39626,37.781178],[-122.39638,37.78127],[-122.396835,37.78127],[-122.39695,37.781178],[-122.397064,37.781178],[-122.39712,37.78113],[-122.39712,37.780594],[-122.39723,37.780502],[-122.39723,37.780052],[-122.39717,37.780006],[-122.397064,37.77992],[-122.39695,37.77992],[-122.396774,37.77978],[-122.396774,37.779694]]]}},{"type":"Feature","properties":{"contour":3},"geometry":{"type":"Polygon","coordinates":[[[-122.39902,37.77933],[-122.398796,37.779152],[-122.398796,37.77906],[-122.39862,37.778927],[-122.3984,37.778927],[-122.398056,37.779198],[-122.39794,37.779198],[-122.39789,37.779152],[-122.39789,37.77906],[-122.39777,37.778973],[-122.39777,37.77888],[-122.39771,37.778835],[-122.39749,37.778835],[-122.39715,37.779106],[-122.39703,37.779106],[-122.39698,37.77906],[-122.39698,37.778973],[-122.396805,37.778835],[-122.39658,37.778835],[-122.39647,37.778927],[-122.396355,37.778927],[-122.39629,37.778973],[-122.39652,37.779152],[-122.39652,37.77933],[-122.39664,37.779423],[-122.39664,37.779602],[-122.39658,37.779648],[-122.396355,37.779648],[-122.39629,37.779602],[-122.39629,37.77951],[-122.39601,37.779285],[-122.3959,37.779285],[-122.39573,37.779152],[-122.39573,37.77906],[-122.395615,37.778973],[-122.395615,37.77888],[-122.39556,37.778835],[-122.3951,37.778835],[-122.39505,37.77888],[-122.39505,37.779152],[-122.394936,37.779243],[-122.394936,37.779602],[-122.39482,37.779694],[-122.39482,37.779873],[-122.394875,37.77992],[-122.39499,37.77992],[-122.39505,37.77996],[-122.39505,37.78023],[-122.395164,37.780323],[-122.395164,37.780415],[-122.3951,37.780457],[-122.39499,37.780457],[-122.394936,37.780502],[-122.394936,37.780594],[-122.39482,37.78068],[-122.39482,37.780865],[-122.394936,37.780952],[-122.394936,37.781044],[-122.39499,37.78109],[-122.3951,37.78109],[-122.395164,37.781136],[-122.39505,37.781223],[-122.39505,37.781403],[-122.3951,37.78145],[-122.39533,37.78145],[-122.3955,37.781586],[-122.3955,37.781673],[-122.395615,37.781765],[-122.395615,37.781853],[-122.395676,37.7819],[-122.39578,37.7819],[-122.3959,37.78181],[-122.39601,37.78181],[-122.39624,37.78199],[-122.39647,37.78199],[-122.39698,37.781586],[-122.39698,37.781494],[-122.396866,37.781403],[-122.396866,37.781223],[-122.39692,37.781178],[-122.39703,37.781178],[-122.397095,37.781136],[-122.397095,37.780773],[-122.3972,37.78068],[-122.3972,37.780144],[-122.39726,37.780098],[-122.39738,37.78019],[-122.39749,37.78019],[-122.3976,37.780277],[-122.39771,37.780277],[-122.39783,37.78037],[-122.398056,37.78037],[-122.39817,37.780457],[-122.398224,37.780415],[-122.398224,37.78023],[-122.398285,37.78019],[-122.3984,37.780277],[-122.398735,37.780277],[-122.398796,37.78023],[-122.398796,37.780144],[-122.39891,37.780052],[-122.398796,37.77996],[-122.398796,37.77978],[-122.39902,37.779602],[-122.39891,37.77951],[-122.39891,37.779423],[-122.39902,37.77933]]]}},{"type":"Feature","properties":{"contour":4},"geometry":{"type":"Polygon","coordinates":[[[-122.399414,37.778435],[-122.39936,37.77839],[-122.3989,37.77839],[-122.398735,37.778526],[-122.398735,37.778618],[-122.398674,37.77866],[-122.39856,37.77866],[-122.398506,37.778618],[-122.398506,37.778526],[-122.39862,37.778435],[-122.39862,37.778347],[-122.39856,37.7783],[-122.39845,37.77839],[-122.39834,37.7783],[-122.39811,37.7783],[-122.39805,37.778347],[-122.39805,37.778435],[-122.397995,37.77848],[-122.39788,37.77848],[-122.39754,37.77875],[-122.39737,37.778618],[-122.39743,37.778572],[-122.39754,37.778572],[-122.39771,37.778435],[-122.39754,37.7783],[-122.39743,37.7783],[-122.39737,37.778347],[-122.39737,37.778526],[-122.397316,37.778572],[-122.39709,37.77839],[-122.39697,37.77839],[-122.39686,37.7783],[-122.39674,37.7783],[-122.39663,37.77839],[-122.39652,37.7783],[-122.39629,37.77848],[-122.39595,37.77821],[-122.395836,37.77821],[-122.39555,37.778435],[-122.39555,37.778526],[-122.39527,37.77875],[-122.39504,37.77875],[-122.39481,37.778572],[-122.39471,37.77866],[-122.39448,37.77866],[-122.39442,37.778706],[-122.39442,37.778885],[-122.39448,37.77893],[-122.39459,37.77893],[-122.39471,37.779022],[-122.39481,37.779022],[-122.394875,37.779068],[-122.39476,37.779156],[-122.39476,37.779247],[-122.39453,37.779427],[-122.39453,37.779697],[-122.39448,37.779743],[-122.39425,37.779743],[-122.394196,37.77979],[-122.394196,37.779877],[-122.39408,37.77997],[-122.394196,37.780056],[-122.394196,37.780148],[-122.39408,37.78024],[-122.394196,37.780327],[-122.394196,37.780598],[-122.3943,37.78069],[-122.3943,37.780777],[-122.39442,37.78087],[-122.39436,37.780914],[-122.394135,37.780914],[-122.39408,37.78096],[-122.39408,37.78114],[-122.394196,37.781227],[-122.394196,37.78132],[-122.39425,37.781364],[-122.39448,37.781364],[-122.39453,37.78141],[-122.39453,37.78159],[-122.39442,37.78168],[-122.39442,37.78177],[-122.39408,37.78204],[-122.39408,37.78213],[-122.394135,37.782173],[-122.39425,37.782173],[-122.3943,37.78222],[-122.3943,37.78231],[-122.39471,37.782627],[-122.39504,37.782627],[-122.39527,37.782444],[-122.3955,37.782444],[-122.395615,37.782356],[-122.39618,37.782356],[-122.39629,37.782265],[-122.39641,37.782265],[-122.39652,37.782356],[-122.39663,37.782356],[-122.39674,37.782444],[-122.39686,37.782444],[-122.39697,37.782536],[-122.39754,37.782536],[-122.3976,37.78249],[-122.397484,37.7824],[-122.397484,37.78231],[-122.3976,37.78222],[-122.3976,37.781948],[-122.39754,37.781906],[-122.397316,37.781906],[-122.397255,37.78186],[-122.397255,37.78168],[-122.39714,37.78159],[-122.39714,37.781498],[-122.39703,37.78141],[-122.39703,37.781227],[-122.39714,37.78114],[-122.39714,37.78042],[-122.397255,37.780327],[-122.397255,37.780148],[-122.397316,37.7801],[-122.39743,37.780193],[-122.39754,37.780193],[-122.39765,37.78028],[-122.397766,37.78028],[-122.39788,37.780373],[-122.397995,37.780373],[-122.39811,37.780464],[-122.398224,37.780464],[-122.39828,37.78051],[-122.39828,37.780598],[-122.39834,37.780643],[-122.39845,37.780643],[-122.398506,37.78069],[-122.398506,37.780777],[-122.39856,37.780823],[-122.39902,37.780823],[-122.39907,37.780777],[-122.39907,37.78069],[-122.39913,37.780643],[-122.39936,37.780643],[-122.399414,37.780598],[-122.399414,37.78051],[-122.39953,37.78042],[-122.39947,37.780373],[-122.39936,37.780373],[-122.3993,37.780327],[-122.39953,37.780148],[-122.39936,37.780014],[-122.39925,37.780014],[-122.39907,37.779877],[-122.39907,37.779697],[-122.399185,37.779606],[-122.399185,37.77952],[-122.39896,37.779335],[-122.39902,37.779293],[-122.39936,37.779293],[-122.39964,37.779068],[-122.39964,37.778797],[-122.39958,37.77875],[-122.39953,37.778706],[-122.39953,37.778618],[-122.399414,37.778526],[-122.399414,37.778435]]]}},{"type":"Feature","properties":{"contour":5},"geometry":{"type":"Polygon","coordinates":[[[-122.39974,37.77799],[-122.39968,37.778034],[-122.39957,37.778034],[-122.39951,37.77808],[-122.39951,37.77835],[-122.39945,37.778397],[-122.39889,37.778397],[-122.39866,37.778214],[-122.39798,37.778214],[-122.39793,37.77817],[-122.39793,37.77808],[-122.39781,37.77799],[-122.39781,37.7779],[-122.3977,37.77781],[-122.3977,37.777718],[-122.39752,37.777584],[-122.39747,37.77763],[-122.39747,37.777718],[-122.3973,37.777855],[-122.39707,37.777855],[-122.39696,37.777763],[-122.39673,37.777763],[-122.396614,37.777855],[-122.39651,37.777855],[-122.39639,37.777763],[-122.39628,37.777855],[-122.396164,37.777855],[-122.3961,37.7779],[-122.3961,37.77799],[-122.39582,37.778214],[-122.3956,37.778034],[-122.39537,37.778034],[-122.395195,37.77817],[-122.395195,37.77835],[-122.39514,37.778397],[-122.39491,37.778214],[-122.39469,37.778214],[-122.39463,37.77826],[-122.394745,37.77835],[-122.394745,37.77862],[-122.39469,37.778664],[-122.39446,37.778664],[-122.39435,37.778576],[-122.39423,37.778576],[-122.39412,37.778484],[-122.39395,37.77862],[-122.39395,37.7788],[-122.39389,37.778847],[-122.39367,37.778847],[-122.39361,37.77889],[-122.39361,37.779343],[-122.39349,37.77943],[-122.39349,37.77961],[-122.393555,37.779655],[-122.39367,37.779655],[-122.39372,37.7797],[-122.39361,37.779793],[-122.39372,37.77988],[-122.39349,37.780064],[-122.39349,37.78033],[-122.39338,37.780422],[-122.39338,37.7806],[-122.39361,37.78078],[-122.39361,37.780872],[-122.39384,37.78105],[-122.393776,37.781097],[-122.39367,37.781097],[-122.393555,37.78101],[-122.39338,37.781143],[-122.39338,37.781322],[-122.39344,37.78137],[-122.393555,37.78137],[-122.39361,37.781414],[-122.39338,37.781593],[-122.39361,37.781773],[-122.39349,37.781864],[-122.39367,37.781998],[-122.393776,37.781998],[-122.39384,37.78195],[-122.39384,37.781864],[-122.39389,37.78182],[-122.39395,37.781864],[-122.39395,37.782223],[-122.394005,37.78227],[-122.39423,37.78227],[-122.394745,37.782673],[-122.394745,37.782764],[-122.3948,37.78281],[-122.39503,37.78281],[-122.39531,37.782585],[-122.39531,37.782494],[-122.39537,37.782448],[-122.395485,37.782448],[-122.3956,37.78236],[-122.395935,37.78236],[-122.395996,37.782406],[-122.395935,37.782448],[-122.39582,37.782448],[-122.39565,37.782585],[-122.39588,37.782764],[-122.39588,37.782856],[-122.39582,37.782898],[-122.395706,37.782898],[-122.39565,37.782944],[-122.39582,37.78308],[-122.39588,37.783035],[-122.39588,37.782944],[-122.395935,37.782898],[-122.395996,37.782944],[-122.395996,37.783035],[-122.39605,37.78308],[-122.39628,37.78308],[-122.39633,37.783035],[-122.39633,37.782944],[-122.39639,37.782898],[-122.396614,37.78308],[-122.39673,37.78299],[-122.39684,37.78308],[-122.39719,37.78308],[-122.39724,37.783035],[-122.39724,37.782944],[-122.3973,37.782898],[-122.397415,37.78299],[-122.39747,37.782944],[-122.39747,37.782856],[-122.39752,37.78281],[-122.39764,37.78281],[-122.3977,37.782856],[-122.3977,37.782944],[-122.39758,37.783035],[-122.39764,37.78308],[-122.39775,37.78308],[-122.397865,37.78299],[-122.39798,37.78308],[-122.398094,37.78299],[-122.39821,37.78299],[-122.39826,37.782944],[-122.39826,37.782856],[-122.39815,37.782764],[-122.39815,37.782673],[-122.39826,37.782585],[-122.39815,37.782494],[-122.39815,37.782223],[-122.39826,37.782135],[-122.39826,37.78195],[-122.39815,37.781864],[-122.39815,37.781773],[-122.398094,37.781727],[-122.397865,37.781727],[-122.3977,37.781864],[-122.3977,37.78195],[-122.39764,37.781998],[-122.397415,37.78182],[-122.3973,37.78182],[-122.39724,37.781773],[-122.39724,37.781685],[-122.397125,37.781593],[-122.397125,37.7815],[-122.39702,37.781414],[-122.39702,37.781235],[-122.39707,37.78119],[-122.397865,37.78119],[-122.39798,37.781277],[-122.398094,37.78119],[-122.39821,37.78119],[-122.39838,37.78105],[-122.39838,37.780964],[-122.39843,37.78092],[-122.398544,37.78092],[-122.39866,37.780827],[-122.399,37.780827],[-122.39957,37.781277],[-122.39968,37.78119],[-122.399796,37.78119],[-122.40008,37.780964],[-122.40008,37.78078],[-122.40019,37.780693],[-122.40019,37.7806],[-122.400024,37.780468],[-122.399796,37.780468],[-122.39963,37.78033],[-122.39963,37.780243],[-122.39951,37.78015],[-122.39951,37.77961],[-122.39985,37.779343],[-122.39985,37.77916],[-122.39974,37.77907],[-122.39974,37.77898],[-122.39963,37.77889],[-122.39963,37.77871],[-122.39951,37.77862],[-122.39957,37.778576],[-122.40014,37.778576],[-122.40019,37.77853],[-122.40019,37.77844],[-122.40008,37.77835],[-122.40019,37.77826],[-122.40019,37.77817],[-122.40008,37.77808],[-122.40008,37.77799],[-122.400024,37.777943],[-122.39991,37.777855],[-122.399796,37.777855],[-122.39974,37.7779],[-122.39974,37.77799]]]}},{"type":"Feature","properties":{"contour":6},"geometry":{"type":"Polygon","coordinates":[[[-122.40089,37.777817],[-122.40078,37.77773],[-122.40078,37.77755],[-122.400665,37.77746],[-122.40078,37.777367],[-122.400665,37.77728],[-122.400665,37.777187],[-122.400604,37.77714],[-122.40049,37.77714],[-122.40027,37.777325],[-122.400154,37.777325],[-122.40004,37.777233],[-122.3997,37.777233],[-122.399414,37.77746],[-122.399414,37.77755],[-122.39958,37.777683],[-122.3997,37.777683],[-122.39976,37.77773],[-122.39976,37.777817],[-122.399414,37.778088],[-122.399414,37.77836],[-122.39936,37.778404],[-122.3989,37.778404],[-122.398674,37.778225],[-122.397995,37.778225],[-122.39783,37.778088],[-122.39783,37.77791],[-122.397995,37.777775],[-122.39834,37.777775],[-122.39845,37.777863],[-122.39856,37.777863],[-122.398735,37.77773],[-122.398735,37.77746],[-122.398674,37.777412],[-122.398224,37.777412],[-122.39811,37.777504],[-122.397995,37.777504],[-122.39788,37.77759],[-122.397545,37.77759],[-122.397484,37.77755],[-122.397484,37.77746],[-122.397255,37.77728],[-122.397255,37.777187],[-122.3972,37.77714],[-122.39715,37.777187],[-122.39715,37.77728],[-122.39709,37.777325],[-122.39686,37.77714],[-122.39674,37.77714],[-122.39664,37.777054],[-122.396065,37.777054],[-122.395836,37.777233],[-122.395386,37.777233],[-122.395325,37.77728],[-122.395325,37.77773],[-122.39522,37.777817],[-122.39522,37.77827],[-122.39516,37.778313],[-122.39504,37.778313],[-122.39493,37.778225],[-122.39482,37.778225],[-122.39471,37.778133],[-122.394646,37.77818],[-122.394646,37.77827],[-122.39453,37.77836],[-122.39453,37.77845],[-122.39436,37.778584],[-122.394135,37.778404],[-122.39402,37.778404],[-122.39397,37.77836],[-122.39397,37.77827],[-122.39408,37.77818],[-122.39408,37.778088],[-122.39402,37.77804],[-122.39391,37.77804],[-122.3938,37.778133],[-122.393684,37.778133],[-122.39357,37.77804],[-122.393456,37.77804],[-122.3934,37.778088],[-122.3934,37.77818],[-122.39334,37.778225],[-122.39323,37.778225],[-122.39317,37.77818],[-122.39317,37.778088],[-122.39311,37.77804],[-122.39289,37.77804],[-122.39283,37.778088],[-122.39283,37.77818],[-122.392944,37.77827],[-122.392944,37.77845],[-122.39306,37.778538],[-122.39306,37.77863],[-122.393,37.778675],[-122.39278,37.778675],[-122.392715,37.77872],[-122.39283,37.77881],[-122.39283,37.7789],[-122.392715,37.778988],[-122.39278,37.779034],[-122.393,37.779034],[-122.39317,37.77917],[-122.39306,37.77926],[-122.39306,37.77935],[-122.392944,37.77944],[-122.39323,37.779667],[-122.39334,37.779667],[-122.393456,37.779755],[-122.39357,37.779755],[-122.39362,37.7798],[-122.39362,37.779892],[-122.39351,37.77998],[-122.39351,37.78016],[-122.3934,37.78025],[-122.3934,37.780613],[-122.39334,37.780655],[-122.39278,37.780655],[-122.392715,37.7807],[-122.392715,37.78088],[-122.39283,37.78097],[-122.39283,37.781063],[-122.392944,37.78115],[-122.392944,37.781334],[-122.39306,37.78142],[-122.39306,37.7816],[-122.39283,37.781784],[-122.39283,37.781963],[-122.392944,37.78205],[-122.392944,37.782143],[-122.392715,37.782322],[-122.392715,37.782593],[-122.39283,37.782684],[-122.39283,37.782864],[-122.39289,37.78291],[-122.393,37.78291],[-122.39306,37.782955],[-122.39306,37.783226],[-122.39317,37.783314],[-122.39317,37.783405],[-122.39357,37.78372],[-122.393684,37.78372],[-122.39374,37.783676],[-122.39374,37.783585],[-122.39385,37.783493],[-122.39385,37.783405],[-122.39391,37.78336],[-122.39402,37.78336],[-122.39408,37.783405],[-122.39408,37.783493],[-122.394135,37.78354],[-122.39425,37.78354],[-122.39436,37.78363],[-122.39448,37.78354],[-122.39471,37.78354],[-122.394875,37.783405],[-122.394875,37.783134],[-122.39476,37.783043],[-122.39476,37.782955],[-122.39471,37.78291],[-122.39436,37.78291],[-122.39425,37.782997],[-122.39408,37.782864],[-122.394135,37.782818],[-122.39436,37.782818],[-122.39459,37.78264],[-122.39471,37.78264],[-122.39476,37.782684],[-122.39476,37.782772],[-122.39482,37.782818],[-122.39504,37.782818],[-122.39516,37.78273],[-122.39522,37.782772],[-122.39522,37.782864],[-122.39544,37.783043],[-122.39544,37.783134],[-122.39555,37.783226],[-122.3955,37.783268],[-122.395386,37.783268],[-122.39527,37.78318],[-122.39516,37.78318],[-122.3951,37.783226],[-122.3951,37.783314],[-122.39499,37.783405],[-122.39516,37.78354],[-122.395386,37.78354],[-122.395615,37.78336],[-122.39573,37.78336],[-122.395836,37.783268],[-122.3959,37.783314],[-122.3959,37.783405],[-122.39618,37.78363],[-122.39664,37.78363],[-122.39669,37.783585],[-122.39669,37.783405],[-122.396576,37.783314],[-122.396576,37.783134],[-122.39664,37.78309],[-122.39697,37.78309],[-122.3972,37.783268],[-122.397316,37.783268],[-122.397545,37.78345],[-122.39765,37.78345],[-122.39771,37.783405],[-122.39771,37.783134],[-122.397766,37.78309],[-122.398224,37.78309],[-122.39828,37.783134],[-122.39828,37.783493],[-122.39834,37.78354],[-122.398674,37.78354],[-122.398964,37.783314],[-122.398964,37.783134],[-122.3989,37.78309],[-122.39879,37.78309],[-122.398674,37.782997],[-122.39856,37.782997],[-122.398506,37.782955],[-122.39862,37.782864],[-122.398506,37.782772],[-122.398506,37.782413],[-122.39862,37.782322],[-122.39862,37.78205],[-122.398735,37.781963],[-122.398735,37.7816],[-122.39879,37.78156],[-122.39913,37.78156],[-122.39925,37.781647],[-122.39936,37.781647],[-122.399414,37.7816],[-122.399414,37.781513],[-122.39953,37.78142],[-122.39953,37.781334],[-122.3997,37.781197],[-122.39981,37.781197],[-122.39998,37.781334],[-122.39998,37.781513],[-122.39987,37.7816],[-122.39987,37.781693],[-122.40004,37.781826],[-122.400154,37.78174],[-122.40027,37.78174],[-122.40038,37.781647],[-122.40044,37.781693],[-122.40044,37.78187],[-122.40049,37.781918],[-122.40078,37.781693],[-122.40078,37.7816],[-122.40089,37.781513],[-122.40072,37.781376],[-122.400604,37.781376],[-122.40055,37.781334],[-122.40055,37.781242],[-122.400604,37.781197],[-122.40083,37.781197],[-122.40089,37.78115],[-122.40089,37.78097],[-122.40083,37.780926],[-122.40072,37.780926],[-122.400665,37.78088],[-122.40078,37.780792],[-122.40078,37.7807],[-122.400604,37.780567],[-122.40049,37.780567],[-122.40044,37.78052],[-122.40049,37.780476],[-122.40072,37.780476],[-122.40078,37.78043],[-122.40078,37.780342],[-122.400665,37.78025],[-122.400665,37.78016],[-122.40055,37.78007],[-122.40055,37.77998],[-122.40044,37.779892],[-122.40044,37.7798],[-122.40032,37.77971],[-122.40032,37.77962],[-122.40004,37.779396],[-122.399925,37.779396],[-122.39987,37.77935],[-122.40021,37.77908],[-122.40021,37.77872],[-122.40027,37.778675],[-122.400604,37.778675],[-122.40078,37.778538],[-122.400665,37.77845],[-122.400665,37.77836],[-122.40055,37.77827],[-122.40055,37.778088],[-122.40089,37.777817]]]}},{"type":"Feature","properties":{"contour":7},"geometry":{"type":"Polygon","coordinates":[[[-122.39979,37.777058],[-122.399734,37.77701],[-122.399734,37.776924],[-122.39945,37.7767],[-122.39934,37.7767],[-122.39905,37.776924],[-122.39905,37.777103],[-122.39894,37.77719],[-122.39928,37.777462],[-122.39922,37.777508],[-122.39888,37.777508],[-122.39883,37.777462],[-122.39883,37.77719],[-122.3986,37.77701],[-122.3986,37.776833],[-122.39843,37.7767],[-122.39809,37.7767],[-122.39797,37.776608],[-122.39774,37.776608],[-122.39746,37.776833],[-122.39746,37.776924],[-122.39735,37.77701],[-122.39735,37.77719],[-122.39729,37.777237],[-122.39723,37.77719],[-122.39723,37.777103],[-122.397125,37.77701],[-122.397125,37.77674],[-122.397064,37.7767],[-122.39672,37.7767],[-122.396614,37.776608],[-122.3965,37.7767],[-122.396385,37.7767],[-122.39616,37.77688],[-122.39604,37.77688],[-122.39593,37.776966],[-122.39536,37.776966],[-122.395195,37.776833],[-122.3953,37.77674],[-122.39525,37.7767],[-122.394905,37.7767],[-122.39485,37.77674],[-122.39485,37.776833],[-122.394684,37.776966],[-122.39457,37.776966],[-122.394455,37.777058],[-122.39434,37.777058],[-122.39429,37.777103],[-122.39429,37.77719],[-122.394394,37.777283],[-122.394394,37.777374],[-122.39434,37.777416],[-122.39389,37.777416],[-122.393776,37.777508],[-122.39355,37.777508],[-122.39343,37.7776],[-122.39332,37.7776],[-122.3932,37.777508],[-122.39315,37.777554],[-122.39315,37.777733],[-122.393036,37.777824],[-122.39315,37.777912],[-122.39315,37.778004],[-122.39309,37.77805],[-122.39287,37.77805],[-122.39247,37.778362],[-122.39247,37.778454],[-122.39213,37.778725],[-122.39213,37.778816],[-122.39247,37.779083],[-122.39241,37.77913],[-122.39207,37.77913],[-122.39201,37.779175],[-122.39201,37.779533],[-122.39218,37.77967],[-122.39241,37.77967],[-122.392525,37.77958],[-122.39264,37.77958],[-122.39269,37.779625],[-122.39241,37.77985],[-122.392296,37.77985],[-122.39224,37.779896],[-122.39224,37.780075],[-122.39236,37.780167],[-122.39236,37.780254],[-122.39247,37.780346],[-122.39247,37.780437],[-122.39269,37.780617],[-122.39269,37.780796],[-122.392525,37.780933],[-122.39241,37.780933],[-122.39213,37.78116],[-122.39213,37.781338],[-122.39224,37.781425],[-122.39224,37.78161],[-122.39218,37.781654],[-122.39207,37.781654],[-122.39201,37.781696],[-122.39201,37.78206],[-122.39207,37.782104],[-122.39218,37.782013],[-122.392296,37.782013],[-122.39236,37.78206],[-122.39236,37.782146],[-122.39224,37.782238],[-122.39224,37.78233],[-122.39201,37.78251],[-122.39201,37.78269],[-122.39224,37.782867],[-122.39213,37.78296],[-122.39224,37.78305],[-122.39224,37.78314],[-122.39213,37.78323],[-122.39213,37.78341],[-122.39218,37.783455],[-122.39241,37.783455],[-122.39247,37.78341],[-122.39247,37.783318],[-122.39264,37.783184],[-122.39269,37.78323],[-122.39269,37.783318],[-122.39258,37.78341],[-122.39258,37.7835],[-122.39241,37.783634],[-122.392296,37.783634],[-122.39224,37.78368],[-122.39224,37.78386],[-122.39264,37.784176],[-122.39287,37.784176],[-122.39309,37.783997],[-122.3932,37.783997],[-122.39332,37.783905],[-122.39355,37.783905],[-122.393715,37.78404],[-122.393715,37.78413],[-122.39389,37.784264],[-122.394,37.784264],[-122.39434,37.783997],[-122.394455,37.783997],[-122.39457,37.784084],[-122.394684,37.784084],[-122.394905,37.783905],[-122.39502,37.783905],[-122.39508,37.78386],[-122.39508,37.78377],[-122.39474,37.7835],[-122.394905,37.783363],[-122.395134,37.783546],[-122.39536,37.783546],[-122.39542,37.78359],[-122.39542,37.78404],[-122.395706,37.784264],[-122.39581,37.784264],[-122.39616,37.783997],[-122.3965,37.783997],[-122.39655,37.78404],[-122.39655,37.78413],[-122.396614,37.784176],[-122.396835,37.784176],[-122.39695,37.784084],[-122.397064,37.784176],[-122.39718,37.784176],[-122.39723,37.78413],[-122.39723,37.78395],[-122.39735,37.78386],[-122.39735,37.78377],[-122.39723,37.78368],[-122.39723,37.7835],[-122.39718,37.783455],[-122.39695,37.783455],[-122.396835,37.783546],[-122.39672,37.783546],[-122.39667,37.7835],[-122.39667,37.78314],[-122.39672,37.783092],[-122.39695,37.783092],[-122.39718,37.783276],[-122.39741,37.783276],[-122.39746,37.783318],[-122.39746,37.78341],[-122.39752,37.783455],[-122.39763,37.783455],[-122.39769,37.78341],[-122.39769,37.78323],[-122.39786,37.783092],[-122.3982,37.783092],[-122.39837,37.78323],[-122.398254,37.783318],[-122.398254,37.7835],[-122.3982,37.783546],[-122.39809,37.783546],[-122.39803,37.78359],[-122.39803,37.78377],[-122.39809,37.783813],[-122.3982,37.783813],[-122.398254,37.78386],[-122.39814,37.78395],[-122.3982,37.783997],[-122.398315,37.783905],[-122.39848,37.78404],[-122.39848,37.78413],[-122.39854,37.784176],[-122.39911,37.784176],[-122.39922,37.784084],[-122.39934,37.784084],[-122.39939,37.78404],[-122.39934,37.783997],[-122.39922,37.783997],[-122.39916,37.78395],[-122.39916,37.78386],[-122.39922,37.783813],[-122.39945,37.783813],[-122.39962,37.78368],[-122.39962,37.783318],[-122.39956,37.783276],[-122.39945,37.783276],[-122.39922,37.783455],[-122.39916,37.78341],[-122.39916,37.783318],[-122.39905,37.78323],[-122.39905,37.78305],[-122.39894,37.78296],[-122.39894,37.78269],[-122.398994,37.782642],[-122.39922,37.782825],[-122.39945,37.782825],[-122.39962,37.78269],[-122.39962,37.78233],[-122.39967,37.782284],[-122.399734,37.78233],[-122.399734,37.782417],[-122.39979,37.782463],[-122.3999,37.782463],[-122.40002,37.78237],[-122.40013,37.78237],[-122.400185,37.78233],[-122.400185,37.782238],[-122.40007,37.782146],[-122.400246,37.782013],[-122.40036,37.782013],[-122.40047,37.782104],[-122.40058,37.782104],[-122.40064,37.782146],[-122.40064,37.782238],[-122.400696,37.782284],[-122.40104,37.782284],[-122.40115,37.78237],[-122.40127,37.78237],[-122.401436,37.782238],[-122.401436,37.782146],[-122.40155,37.78206],[-122.40155,37.781967],[-122.40149,37.78192],[-122.401375,37.78192],[-122.40132,37.78188],[-122.401436,37.781788],[-122.401375,37.781742],[-122.40127,37.781742],[-122.40121,37.781696],[-122.40121,37.781517],[-122.40155,37.781246],[-122.40155,37.780975],[-122.40127,37.78075],[-122.40104,37.78075],[-122.40098,37.78071],[-122.40098,37.780617],[-122.40076,37.780437],[-122.40076,37.780346],[-122.400925,37.780212],[-122.40104,37.780212],[-122.40109,37.780254],[-122.40109,37.780437],[-122.40115,37.78048],[-122.40149,37.78048],[-122.401665,37.780346],[-122.401665,37.780075],[-122.40149,37.77994],[-122.401375,37.77994],[-122.40132,37.779896],[-122.401436,37.779804],[-122.401436,37.779533],[-122.401375,37.77949],[-122.40127,37.77949],[-122.40121,37.779446],[-122.40121,37.779354],[-122.40109,37.779266],[-122.40109,37.779175],[-122.400925,37.77904],[-122.40081,37.77904],[-122.40064,37.779175],[-122.40064,37.779446],[-122.40058,37.77949],[-122.400246,37.77949],[-122.40007,37.779354],[-122.40007,37.779175],[-122.40036,37.77895],[-122.40047,37.77895],[-122.400696,37.77877],[-122.40115,37.77877],[-122.40132,37.778904],[-122.40127,37.77895],[-122.40115,37.77895],[-122.40109,37.778996],[-122.40115,37.77904],[-122.40127,37.77904],[-122.40149,37.77886],[-122.4016,37.77886],[-122.401665,37.778816],[-122.401665,37.778545],[-122.40155,37.778454],[-122.40155,37.778362],[-122.401436,37.778275],[-122.401436,37.778183],[-122.401375,37.778137],[-122.40115,37.77832],[-122.40104,37.77832],[-122.40098,37.778275],[-122.40098,37.777912],[-122.40086,37.777824],[-122.40086,37.777733],[-122.40081,37.777687],[-122.40076,37.777645],[-122.40076,37.77719],[-122.40058,37.777058],[-122.39979,37.777058]]]}},{"type":"Feature","properties":{"contour":8},"geometry":{"type":"Polygon","coordinates":[[[-122.40373,37.776203],[-122.40373,37.776024],[-122.40368,37.775978],[-122.403564,37.775978],[-122.4035,37.775932],[-122.403564,37.77589],[-122.40368,37.77589],[-122.40385,37.775753],[-122.40385,37.775665],[-122.40368,37.775528],[-122.40345,37.775528],[-122.40328,37.775394],[-122.403336,37.77535],[-122.40368,37.77535],[-122.40373,37.775303],[-122.40362,37.775215],[-122.40362,37.775032],[-122.403564,37.774986],[-122.40345,37.775078],[-122.403336,37.775078],[-122.40322,37.77517],[-122.40311,37.77517],[-122.40299,37.775078],[-122.40288,37.775078],[-122.40277,37.774986],[-122.40266,37.774986],[-122.4022,37.77535],[-122.40186,37.77535],[-122.401405,37.775707],[-122.40135,37.775665],[-122.40135,37.775574],[-122.40146,37.775482],[-122.40146,37.775394],[-122.40169,37.775215],[-122.40169,37.774944],[-122.401634,37.7749],[-122.401405,37.7749],[-122.40101,37.775215],[-122.40101,37.775394],[-122.40106,37.77544],[-122.40118,37.77544],[-122.40124,37.775482],[-122.40118,37.775528],[-122.40084,37.775528],[-122.40078,37.775574],[-122.40078,37.775845],[-122.40101,37.776024],[-122.400955,37.77607],[-122.40084,37.77607],[-122.400665,37.776203],[-122.400665,37.776386],[-122.40084,37.77652],[-122.400955,37.77652],[-122.40106,37.77643],[-122.40118,37.77643],[-122.40129,37.77652],[-122.401405,37.77652],[-122.40146,37.776566],[-122.401405,37.77661],[-122.40129,37.77661],[-122.40118,37.7767],[-122.40073,37.7767],[-122.400665,37.776745],[-122.400665,37.777016],[-122.40061,37.77706],[-122.40038,37.77706],[-122.40033,37.777016],[-122.400444,37.776924],[-122.400444,37.776836],[-122.40055,37.776745],[-122.40055,37.776653],[-122.400444,37.776566],[-122.400444,37.776474],[-122.40038,37.77643],[-122.40027,37.77643],[-122.400154,37.77634],[-122.39982,37.77634],[-122.399704,37.77643],[-122.399475,37.77643],[-122.39914,37.77616],[-122.39891,37.77616],[-122.398796,37.77607],[-122.39868,37.77616],[-122.39834,37.77616],[-122.39817,37.776295],[-122.39817,37.776474],[-122.398,37.77661],[-122.39766,37.77661],[-122.397545,37.7767],[-122.39675,37.7767],[-122.39664,37.77661],[-122.39652,37.7767],[-122.39641,37.7767],[-122.3963,37.77679],[-122.39619,37.77679],[-122.39607,37.77688],[-122.39584,37.77688],[-122.39579,37.776836],[-122.39596,37.7767],[-122.39607,37.7767],[-122.396126,37.776653],[-122.396126,37.776295],[-122.39607,37.77625],[-122.39584,37.77625],[-122.39573,37.77616],[-122.395615,37.77616],[-122.3955,37.77625],[-122.39539,37.77616],[-122.39528,37.77625],[-122.395164,37.77616],[-122.3951,37.776203],[-122.39522,37.776295],[-122.395164,37.77634],[-122.39505,37.77634],[-122.39482,37.77616],[-122.39426,37.77616],[-122.39414,37.77625],[-122.393684,37.77625],[-122.39363,37.776295],[-122.393745,37.776386],[-122.393745,37.776653],[-122.393974,37.776836],[-122.393974,37.777016],[-122.39403,37.77706],[-122.39414,37.77706],[-122.394196,37.777107],[-122.39403,37.77724],[-122.39357,37.77724],[-122.39346,37.77715],[-122.39335,37.77715],[-122.393234,37.77706],[-122.393005,37.77706],[-122.39272,37.777287],[-122.39284,37.777374],[-122.39284,37.777466],[-122.39272,37.777557],[-122.39272,37.777737],[-122.39284,37.777824],[-122.39284,37.778095],[-122.39278,37.77814],[-122.392555,37.77814],[-122.392044,37.777737],[-122.392044,37.777557],[-122.39198,37.77751],[-122.39165,37.77751],[-122.39159,37.777557],[-122.39159,37.777916],[-122.39153,37.77796],[-122.39142,37.77787],[-122.39136,37.777916],[-122.39136,37.778095],[-122.39147,37.778187],[-122.39147,37.778458],[-122.39159,37.778545],[-122.39159,37.778637],[-122.3917,37.77873],[-122.3917,37.77918],[-122.391815,37.779266],[-122.391815,37.779358],[-122.39193,37.77945],[-122.39187,37.77949],[-122.39165,37.77949],[-122.39153,37.779404],[-122.39125,37.77963],[-122.39125,37.779716],[-122.39147,37.7799],[-122.39147,37.779987],[-122.39153,37.780033],[-122.39187,37.780033],[-122.392044,37.7799],[-122.392044,37.779808],[-122.3921,37.779762],[-122.39216,37.779808],[-122.39216,37.7799],[-122.392265,37.779987],[-122.392265,37.78008],[-122.39238,37.78017],[-122.39238,37.78035],[-122.39233,37.780396],[-122.39187,37.780396],[-122.391754,37.780304],[-122.39153,37.780304],[-122.39147,37.78035],[-122.39147,37.780437],[-122.39125,37.78062],[-122.39125,37.78071],[-122.39136,37.7808],[-122.39136,37.780888],[-122.39147,37.78098],[-122.39147,37.78107],[-122.3917,37.78125],[-122.39153,37.781384],[-122.39142,37.781384],[-122.39125,37.78152],[-122.39125,37.78161],[-122.39147,37.78179],[-122.39147,37.78188],[-122.39136,37.78197],[-122.39136,37.78215],[-122.39147,37.78224],[-122.39147,37.78233],[-122.39159,37.78242],[-122.39159,37.78278],[-122.39147,37.78287],[-122.39147,37.782963],[-122.39136,37.78305],[-122.39136,37.783142],[-122.39142,37.783188],[-122.391754,37.783188],[-122.39187,37.783276],[-122.39198,37.783276],[-122.392265,37.7835],[-122.392265,37.78377],[-122.39221,37.783817],[-122.3921,37.783817],[-122.391815,37.784042],[-122.391815,37.78422],[-122.391754,37.784267],[-122.39165,37.784267],[-122.39147,37.784405],[-122.39147,37.784492],[-122.391754,37.784718],[-122.39187,37.784718],[-122.39198,37.78463],[-122.392555,37.78463],[-122.39266,37.784718],[-122.39284,37.784584],[-122.39284,37.784405],[-122.39278,37.78436],[-122.392555,37.78436],[-122.392494,37.784313],[-122.39266,37.78418],[-122.39289,37.78418],[-122.39312,37.783997],[-122.393234,37.783997],[-122.39335,37.78391],[-122.39357,37.78391],[-122.393745,37.784042],[-122.393745,37.784134],[-122.39386,37.78422],[-122.39386,37.784313],[-122.39391,37.78436],[-122.39437,37.783997],[-122.394485,37.783997],[-122.39477,37.78422],[-122.39477,37.784405],[-122.39471,37.784447],[-122.394485,37.784447],[-122.394424,37.784492],[-122.394424,37.784584],[-122.39471,37.78481],[-122.39477,37.784763],[-122.39477,37.78467],[-122.39482,37.78463],[-122.395164,37.78463],[-122.39528,37.784718],[-122.39545,37.784584],[-122.39545,37.784492],[-122.3955,37.784447],[-122.395615,37.784447],[-122.395676,37.784405],[-122.395676,37.784313],[-122.39573,37.784267],[-122.39584,37.784267],[-122.39619,37.783997],[-122.3963,37.783997],[-122.39641,37.78391],[-122.39647,37.783955],[-122.39647,37.784042],[-122.39658,37.784134],[-122.39658,37.78422],[-122.39647,37.784313],[-122.39647,37.78467],[-122.39664,37.78481],[-122.396866,37.78481],[-122.39698,37.784718],[-122.397316,37.784718],[-122.397545,37.78454],[-122.39766,37.78454],[-122.39772,37.784584],[-122.397606,37.78467],[-122.39766,37.784718],[-122.39777,37.78463],[-122.39789,37.784718],[-122.398,37.78463],[-122.39812,37.78463],[-122.398224,37.784718],[-122.39834,37.78463],[-122.39845,37.78463],[-122.398796,37.78436],[-122.39891,37.78436],[-122.39908,37.784492],[-122.39908,37.784584],[-122.39925,37.784718],[-122.399475,37.784718],[-122.39959,37.78463],[-122.399704,37.784718],[-122.39982,37.78463],[-122.40005,37.78463],[-122.40033,37.784405],[-122.40033,37.783955],[-122.40027,37.78391],[-122.400154,37.78391],[-122.39999,37.78377],[-122.39999,37.783592],[-122.400215,37.783413],[-122.400215,37.78332],[-122.40033,37.783234],[-122.40033,37.783142],[-122.400215,37.78305],[-122.40027,37.78301],[-122.40073,37.78301],[-122.40078,37.782963],[-122.40078,37.78287],[-122.400955,37.782738],[-122.401405,37.782738],[-122.40146,37.78278],[-122.40146,37.78287],[-122.40152,37.782917],[-122.401634,37.782825],[-122.40175,37.782917],[-122.40197,37.782917],[-122.402145,37.78278],[-122.402145,37.7826],[-122.40203,37.782513],[-122.40203,37.78242],[-122.402145,37.78233],[-122.40203,37.78224],[-122.40203,37.78215],[-122.40192,37.782063],[-122.40192,37.78188],[-122.40226,37.78161],[-122.40226,37.78134],[-122.402084,37.781204],[-122.40175,37.781204],[-122.40169,37.78116],[-122.40175,37.781116],[-122.40197,37.781116],[-122.40226,37.780888],[-122.40226,37.78071],[-122.40186,37.780396],[-122.40175,37.780396],[-122.40169,37.78035],[-122.40169,37.78008],[-122.40157,37.779987],[-122.40157,37.7799],[-122.401634,37.779854],[-122.40186,37.779854],[-122.40197,37.77994],[-122.4022,37.77994],[-122.40226,37.7799],[-122.40226,37.77963],[-122.402374,37.779537],[-122.402374,37.77918],[-122.40226,37.779087],[-122.40226,37.77873],[-122.4022,37.778683],[-122.40197,37.778683],[-122.4018,37.778545],[-122.4018,37.778187],[-122.40203,37.778008],[-122.40203,37.777916],[-122.40169,37.777645],[-122.40169,37.777557],[-122.40186,37.77742],[-122.40197,37.77751],[-122.402084,37.77751],[-122.402145,37.777466],[-122.402145,37.777374],[-122.402084,37.777332],[-122.40197,37.777332],[-122.40192,37.777287],[-122.40192,37.777195],[-122.402084,37.77706],[-122.4022,37.77715],[-122.40243,37.77715],[-122.40254,37.77724],[-122.40266,37.77724],[-122.40288,37.77742],[-122.40294,37.777374],[-122.40294,37.777287],[-122.40305,37.777195],[-122.40305,37.777107],[-122.40311,37.77706],[-122.403336,37.77706],[-122.40373,37.776745],[-122.40373,37.776566],[-122.40362,37.776474],[-122.40362,37.776295],[-122.40373,37.776203]]]}},{"type":"Feature","properties":{"contour":9},"geometry":{"type":"Polygon","coordinates":[[[-122.4039,37.77675],[-122.40395,37.776703],[-122.40407,37.776703],[-122.404236,37.77657],[-122.404236,37.776478],[-122.40435,37.776386],[-122.40435,37.7763],[-122.40458,37.776115],[-122.40435,37.775936],[-122.40435,37.77585],[-122.4043,37.775803],[-122.40418,37.775803],[-122.40412,37.775757],[-122.40412,37.775578],[-122.404236,37.775486],[-122.404236,37.775394],[-122.404465,37.775215],[-122.404465,37.775127],[-122.40418,37.774902],[-122.40407,37.774902],[-122.404015,37.774857],[-122.40407,37.77481],[-122.4043,37.77481],[-122.40435,37.774765],[-122.40435,37.774677],[-122.404236,37.774586],[-122.404236,37.774494],[-122.40418,37.77445],[-122.40407,37.77445],[-122.404015,37.774494],[-122.404015,37.774586],[-122.4039,37.774677],[-122.404015,37.774765],[-122.40395,37.77481],[-122.403725,37.77481],[-122.40361,37.77472],[-122.4035,37.77481],[-122.40339,37.77481],[-122.40311,37.774586],[-122.40311,37.774494],[-122.403046,37.77445],[-122.40276,37.774677],[-122.40276,37.774857],[-122.40288,37.774944],[-122.40282,37.77499],[-122.4027,37.77499],[-122.40265,37.774944],[-122.40265,37.774857],[-122.402306,37.774586],[-122.402306,37.774494],[-122.40225,37.77445],[-122.40214,37.77445],[-122.401855,37.774677],[-122.401855,37.774765],[-122.401794,37.77481],[-122.40157,37.77481],[-122.40151,37.774765],[-122.40151,37.774677],[-122.40157,37.77463],[-122.40169,37.77463],[-122.40174,37.774586],[-122.40174,37.774406],[-122.40169,37.77436],[-122.40157,37.77436],[-122.40146,37.77445],[-122.40123,37.77427],[-122.401115,37.77427],[-122.40089,37.77445],[-122.40078,37.77445],[-122.400375,37.774765],[-122.400375,37.774857],[-122.400154,37.775036],[-122.400154,37.775127],[-122.40049,37.775394],[-122.40049,37.776115],[-122.40044,37.77616],[-122.40032,37.77616],[-122.40009,37.77598],[-122.39998,37.77598],[-122.39981,37.77585],[-122.399925,37.775757],[-122.399925,37.775665],[-122.39987,37.775623],[-122.39907,37.775623],[-122.39902,37.775665],[-122.39902,37.775936],[-122.39907,37.77598],[-122.399185,37.77598],[-122.39925,37.776028],[-122.39925,37.776207],[-122.399185,37.776253],[-122.39907,37.77616],[-122.39896,37.77616],[-122.39885,37.776073],[-122.398735,37.776073],[-122.39862,37.77598],[-122.398506,37.77598],[-122.39845,37.775936],[-122.39845,37.77585],[-122.39828,37.77571],[-122.39805,37.77589],[-122.39794,37.77589],[-122.39788,37.77585],[-122.39788,37.775757],[-122.39771,37.775623],[-122.397316,37.775936],[-122.397316,37.776028],[-122.3972,37.776115],[-122.3972,37.7763],[-122.39743,37.776478],[-122.39743,37.776657],[-122.39737,37.776703],[-122.396805,37.776703],[-122.39669,37.77661],[-122.396576,37.77661],[-122.39618,37.7763],[-122.39618,37.776028],[-122.396065,37.775936],[-122.396065,37.775665],[-122.3959,37.77553],[-122.39555,37.775803],[-122.3951,37.775803],[-122.39499,37.77589],[-122.39476,37.77589],[-122.39471,37.77585],[-122.39471,37.775757],[-122.39453,37.775623],[-122.39442,37.775623],[-122.39425,37.775757],[-122.39425,37.77585],[-122.394196,37.77589],[-122.39397,37.77589],[-122.393906,37.77585],[-122.393906,37.775757],[-122.39385,37.77571],[-122.39374,37.77571],[-122.39362,37.775623],[-122.39351,37.77571],[-122.39317,37.77571],[-122.39311,37.775757],[-122.39311,37.775936],[-122.393,37.776028],[-122.393,37.776115],[-122.393456,37.776478],[-122.3934,37.776524],[-122.39317,37.776524],[-122.39306,37.77661],[-122.39283,37.77661],[-122.39209,37.7772],[-122.392204,37.777287],[-122.39204,37.777424],[-122.39198,37.777378],[-122.39198,37.7772],[-122.39169,37.776974],[-122.39158,37.776974],[-122.39136,37.777153],[-122.39124,37.777153],[-122.39113,37.77706],[-122.390785,37.77706],[-122.39073,37.777107],[-122.39073,37.777378],[-122.39085,37.77747],[-122.39085,37.777557],[-122.39073,37.77765],[-122.39073,37.77783],[-122.390785,37.777874],[-122.3909,37.777874],[-122.39096,37.77792],[-122.3909,37.777966],[-122.390785,37.777966],[-122.39062,37.7781],[-122.39073,37.77819],[-122.39073,37.77828],[-122.39085,37.77837],[-122.39085,37.778458],[-122.3909,37.778503],[-122.39147,37.778503],[-122.39164,37.77864],[-122.39164,37.77873],[-122.391754,37.77882],[-122.391754,37.779],[-122.39158,37.779137],[-122.39147,37.779137],[-122.39124,37.778954],[-122.39113,37.778954],[-122.3909,37.778774],[-122.39073,37.77891],[-122.39073,37.77927],[-122.390785,37.779316],[-122.39113,37.779316],[-122.39118,37.77936],[-122.39118,37.77945],[-122.391075,37.77954],[-122.391075,37.77972],[-122.391014,37.779766],[-122.3909,37.779766],[-122.39062,37.77999],[-122.39073,37.780083],[-122.39073,37.780262],[-122.39096,37.78044],[-122.39096,37.780533],[-122.391075,37.78062],[-122.391075,37.780712],[-122.39118,37.780804],[-122.39118,37.781433],[-122.391075,37.781525],[-122.39118,37.781612],[-122.39118,37.781704],[-122.39113,37.78175],[-122.3909,37.78175],[-122.39085,37.78179],[-122.39085,37.782333],[-122.39096,37.782425],[-122.39096,37.782513],[-122.39073,37.782696],[-122.3909,37.78283],[-122.391014,37.78283],[-122.39113,37.782738],[-122.39118,37.782784],[-122.39118,37.782875],[-122.39124,37.78292],[-122.39136,37.78292],[-122.39141,37.782963],[-122.39141,37.783054],[-122.3913,37.783146],[-122.39141,37.783234],[-122.39141,37.783867],[-122.39136,37.78391],[-122.39113,37.78391],[-122.39096,37.784046],[-122.391075,37.784134],[-122.391014,37.78418],[-122.3909,37.78418],[-122.39085,37.784225],[-122.39085,37.784317],[-122.39073,37.784405],[-122.390785,37.78445],[-122.391014,37.78445],[-122.391075,37.784496],[-122.391075,37.784588],[-122.39096,37.784676],[-122.39096,37.784855],[-122.39124,37.78508],[-122.39136,37.78508],[-122.39141,37.785126],[-122.39141,37.785217],[-122.39147,37.785263],[-122.391525,37.785217],[-122.391525,37.785126],[-122.39164,37.785038],[-122.39164,37.784855],[-122.39181,37.78472],[-122.39204,37.78472],[-122.39215,37.78463],[-122.392204,37.784676],[-122.392204,37.784767],[-122.39232,37.784855],[-122.39232,37.784946],[-122.39249,37.78508],[-122.3926,37.78508],[-122.39283,37.7849],[-122.392944,37.7849],[-122.39306,37.784813],[-122.39317,37.784813],[-122.39329,37.78472],[-122.39351,37.78472],[-122.393684,37.784588],[-122.393684,37.784496],[-122.39385,37.78436],[-122.393906,37.784405],[-122.393906,37.784496],[-122.394875,37.785263],[-122.39499,37.785263],[-122.39504,37.785217],[-122.39504,37.785126],[-122.39516,37.785038],[-122.39516,37.784946],[-122.39522,37.7849],[-122.39567,37.7849],[-122.39572,37.784946],[-122.395615,37.785038],[-122.39567,37.78508],[-122.3959,37.78508],[-122.39595,37.785126],[-122.39595,37.785217],[-122.39601,37.785263],[-122.396126,37.785263],[-122.39618,37.785217],[-122.39618,37.785038],[-122.39646,37.784813],[-122.396805,37.784813],[-122.39692,37.78472],[-122.397255,37.78472],[-122.39743,37.784855],[-122.39743,37.784946],[-122.39765,37.785126],[-122.39765,37.785217],[-122.39771,37.785263],[-122.39783,37.785263],[-122.39828,37.7849],[-122.398506,37.7849],[-122.39885,37.78517],[-122.39896,37.78517],[-122.39902,37.785126],[-122.39902,37.785038],[-122.39913,37.784946],[-122.39913,37.784767],[-122.399185,37.78472],[-122.3993,37.78472],[-122.39947,37.784855],[-122.399414,37.7849],[-122.3993,37.7849],[-122.39925,37.784946],[-122.39925,37.785038],[-122.39913,37.785126],[-122.3993,37.785263],[-122.399414,37.78517],[-122.39964,37.78535],[-122.39976,37.785263],[-122.39987,37.785263],[-122.39998,37.78517],[-122.40009,37.78517],[-122.40021,37.785263],[-122.40032,37.785263],[-122.40055,37.78508],[-122.400665,37.78508],[-122.40078,37.78517],[-122.40083,37.785126],[-122.40083,37.784855],[-122.40095,37.784767],[-122.40078,37.78463],[-122.40055,37.78463],[-122.40049,37.784588],[-122.40049,37.784405],[-122.400604,37.784317],[-122.400604,37.784225],[-122.40049,37.784134],[-122.40049,37.784046],[-122.400375,37.783955],[-122.400375,37.783684],[-122.40044,37.78364],[-122.400665,37.78364],[-122.40078,37.78373],[-122.40089,37.78373],[-122.40095,37.783684],[-122.40095,37.783596],[-122.40083,37.783504],[-122.40089,37.78346],[-122.401115,37.78346],[-122.40123,37.78337],[-122.40146,37.78355],[-122.40157,37.78346],[-122.40169,37.78346],[-122.40174,37.783417],[-122.40174,37.783325],[-122.40191,37.783188],[-122.40237,37.783188],[-122.40242,37.783234],[-122.40242,37.783325],[-122.402596,37.78346],[-122.40276,37.783325],[-122.40276,37.783234],[-122.40288,37.783146],[-122.40288,37.783054],[-122.40282,37.78301],[-122.4027,37.78301],[-122.40265,37.782963],[-122.40265,37.782875],[-122.4027,37.78283],[-122.40282,37.78283],[-122.40288,37.782784],[-122.40288,37.782696],[-122.40276,37.782604],[-122.40276,37.782513],[-122.40265,37.782425],[-122.40265,37.78224],[-122.40276,37.782154],[-122.40276,37.781883],[-122.402534,37.781704],[-122.402534,37.781612],[-122.402306,37.781433],[-122.402306,37.781162],[-122.40242,37.78107],[-122.40242,37.780804],[-122.40248,37.780758],[-122.402596,37.780758],[-122.40276,37.78062],[-122.40276,37.780262],[-122.40288,37.78017],[-122.40288,37.780083],[-122.40299,37.77999],[-122.40299,37.7799],[-122.40311,37.77981],[-122.40299,37.77972],[-122.40299,37.77954],[-122.40288,37.77945],[-122.40288,37.77927],[-122.40299,37.77918],[-122.40299,37.77909],[-122.40288,37.779],[-122.40288,37.77873],[-122.40299,37.77864],[-122.40299,37.778458],[-122.40282,37.778324],[-122.4027,37.778324],[-122.40248,37.778145],[-122.40237,37.778145],[-122.402306,37.7781],[-122.402306,37.77792],[-122.40288,37.77747],[-122.40288,37.777378],[-122.403046,37.777245],[-122.40311,37.777287],[-122.40311,37.777378],[-122.40299,37.77747],[-122.40299,37.777557],[-122.403275,37.777782],[-122.40339,37.777782],[-122.40361,37.777966],[-122.403725,37.777966],[-122.403786,37.77792],[-122.403786,37.77783],[-122.40418,37.777515],[-122.4043,37.777515],[-122.40435,37.77747],[-122.40435,37.777287],[-122.404465,37.7772],[-122.404236,37.77702],[-122.404236,37.776928],[-122.40418,37.776882],[-122.40395,37.776882],[-122.4039,37.776836],[-122.4039,37.77675]]]}},{"type":"Feature","properties":{"contour":10},"geometry":{"type":"Polygon","coordinates":[[[-122.40492,37.777023],[-122.40492,37.776844],[-122.40498,37.7768],[-122.4051,37.7768],[-122.40515,37.776752],[-122.40515,37.776665],[-122.40504,37.776573],[-122.40515,37.776485],[-122.4051,37.77644],[-122.404755,37.77644],[-122.404526,37.77662],[-122.4043,37.77662],[-122.40424,37.776573],[-122.40424,37.776485],[-122.40436,37.776394],[-122.40436,37.776302],[-122.404526,37.77617],[-122.40464,37.77617],[-122.404755,37.77626],[-122.40487,37.77626],[-122.40504,37.776123],[-122.40504,37.776035],[-122.405266,37.775852],[-122.405266,37.775673],[-122.40498,37.775448],[-122.40487,37.775448],[-122.40481,37.775494],[-122.40481,37.77558],[-122.404755,37.775627],[-122.40464,37.77554],[-122.404526,37.77554],[-122.40447,37.77558],[-122.40447,37.775764],[-122.40441,37.775806],[-122.4043,37.775806],[-122.40413,37.775673],[-122.40413,37.77558],[-122.40424,37.775494],[-122.40424,37.775402],[-122.40447,37.775223],[-122.40447,37.775043],[-122.40459,37.774952],[-122.40459,37.77486],[-122.404755,37.774727],[-122.40487,37.774727],[-122.405266,37.77441],[-122.40521,37.77437],[-122.40498,37.77437],[-122.40492,37.774323],[-122.40492,37.77423],[-122.40504,37.774143],[-122.40492,37.77405],[-122.40492,37.77396],[-122.40487,37.773914],[-122.404755,37.773914],[-122.40459,37.77405],[-122.40459,37.774143],[-122.404526,37.774185],[-122.40447,37.774143],[-122.40447,37.77405],[-122.40441,37.774006],[-122.40419,37.774006],[-122.40413,37.77405],[-122.40413,37.774143],[-122.404076,37.774185],[-122.40396,37.774185],[-122.40385,37.774097],[-122.40373,37.774097],[-122.4035,37.774277],[-122.40305,37.774277],[-122.40299,37.77423],[-122.40299,37.774143],[-122.40305,37.774097],[-122.40317,37.774097],[-122.403336,37.77396],[-122.40328,37.773914],[-122.40305,37.773914],[-122.40299,37.77396],[-122.40299,37.77405],[-122.40294,37.774097],[-122.402596,37.774097],[-122.402374,37.773914],[-122.40226,37.773914],[-122.402145,37.773827],[-122.40192,37.773827],[-122.40186,37.773872],[-122.40186,37.77396],[-122.40197,37.77405],[-122.40192,37.774097],[-122.40169,37.774097],[-122.401634,37.77405],[-122.401634,37.77396],[-122.40147,37.773827],[-122.40112,37.773827],[-122.40101,37.773914],[-122.400665,37.773914],[-122.400444,37.773735],[-122.39999,37.773735],[-122.39982,37.773872],[-122.39982,37.77396],[-122.39959,37.774143],[-122.39959,37.774323],[-122.399704,37.77441],[-122.399704,37.7745],[-122.39993,37.77468],[-122.39993,37.774773],[-122.40005,37.77486],[-122.40005,37.775043],[-122.39987,37.775177],[-122.39976,37.77509],[-122.39931,37.77509],[-122.39919,37.774998],[-122.398964,37.774998],[-122.39885,37.77509],[-122.398735,37.77509],[-122.39863,37.774998],[-122.39851,37.774998],[-122.39823,37.775223],[-122.39823,37.775314],[-122.39812,37.775402],[-122.39823,37.775494],[-122.39823,37.77558],[-122.39834,37.775673],[-122.398056,37.775898],[-122.39794,37.775898],[-122.39789,37.775852],[-122.39789,37.775764],[-122.39777,37.775673],[-122.39777,37.775494],[-122.39789,37.775402],[-122.39777,37.775314],[-122.39777,37.77513],[-122.39749,37.774906],[-122.39726,37.774906],[-122.39698,37.77513],[-122.39698,37.775223],[-122.39692,37.77527],[-122.39681,37.77527],[-122.39675,37.775223],[-122.39675,37.77513],[-122.3967,37.77509],[-122.39647,37.77509],[-122.396355,37.775177],[-122.39624,37.775177],[-122.39619,37.775223],[-122.39619,37.775494],[-122.396416,37.775673],[-122.396416,37.775852],[-122.39652,37.775944],[-122.39652,37.776394],[-122.39664,37.776485],[-122.39658,37.776527],[-122.39647,37.776527],[-122.39619,37.776302],[-122.39619,37.776035],[-122.39607,37.775944],[-122.39607,37.775673],[-122.39596,37.77558],[-122.39596,37.775494],[-122.39584,37.775402],[-122.39584,37.775314],[-122.39573,37.775223],[-122.39573,37.77513],[-122.39556,37.774998],[-122.39545,37.774998],[-122.39533,37.77509],[-122.39488,37.77509],[-122.39482,37.77513],[-122.39482,37.775223],[-122.39465,37.775356],[-122.39454,37.775356],[-122.39437,37.775494],[-122.39437,37.775673],[-122.39426,37.775764],[-122.39426,37.775852],[-122.394196,37.775898],[-122.393974,37.775898],[-122.39391,37.775852],[-122.39391,37.77558],[-122.39414,37.775402],[-122.39403,37.775314],[-122.39403,37.775223],[-122.393974,37.775177],[-122.39363,37.775177],[-122.39352,37.77527],[-122.39318,37.77527],[-122.39307,37.775356],[-122.39295,37.775356],[-122.39289,37.775314],[-122.39284,37.775257],[-122.39238,37.775257],[-122.39233,37.775314],[-122.392494,37.775448],[-122.39261,37.775448],[-122.39267,37.775494],[-122.39267,37.77558],[-122.392555,37.775673],[-122.392555,37.775944],[-122.39238,37.776077],[-122.392265,37.776077],[-122.39187,37.776394],[-122.39187,37.776485],[-122.39176,37.776573],[-122.39176,37.776665],[-122.39159,37.7768],[-122.39147,37.7768],[-122.39136,37.77689],[-122.39091,37.77689],[-122.39079,37.7768],[-122.390724,37.776844],[-122.39034,37.777058],[-122.39027,37.777115],[-122.390114,37.777508],[-122.39005,37.777565],[-122.39005,37.777836],[-122.390114,37.77788],[-122.39023,37.77788],[-122.390396,37.778015],[-122.39017,37.778194],[-122.39028,37.778286],[-122.39023,37.77833],[-122.390114,37.77833],[-122.38983,37.778557],[-122.38983,37.778645],[-122.38994,37.778736],[-122.38994,37.778828],[-122.39028,37.7791],[-122.39028,37.779186],[-122.39051,37.779366],[-122.39051,37.779457],[-122.390625,37.77955],[-122.390625,37.779636],[-122.39074,37.779728],[-122.390625,37.779816],[-122.390625,37.779907],[-122.39051,37.78],[-122.39051,37.780087],[-122.39034,37.780224],[-122.39023,37.780132],[-122.39005,37.78027],[-122.39005,37.78045],[-122.39017,37.780537],[-122.38994,37.78072],[-122.38994,37.780807],[-122.390396,37.78117],[-122.390396,37.781258],[-122.390564,37.781395],[-122.39068,37.781395],[-122.39079,37.781303],[-122.391136,37.781303],[-122.39119,37.78135],[-122.39091,37.781574],[-122.39079,37.781574],[-122.390625,37.781708],[-122.390625,37.78198],[-122.390564,37.782024],[-122.39034,37.782024],[-122.39017,37.78216],[-122.39028,37.78225],[-122.39028,37.78315],[-122.39068,37.783466],[-122.39079,37.783375],[-122.39091,37.783375],[-122.39102,37.783287],[-122.391136,37.783287],[-122.39125,37.783195],[-122.39136,37.783195],[-122.39142,37.78324],[-122.39142,37.78369],[-122.39136,37.783737],[-122.39125,37.783646],[-122.391136,37.783646],[-122.391075,37.78369],[-122.391075,37.783783],[-122.39119,37.78387],[-122.39102,37.784008],[-122.39074,37.783783],[-122.39074,37.78369],[-122.39068,37.783646],[-122.390564,37.783737],[-122.39045,37.783737],[-122.390396,37.783783],[-122.390396,37.78387],[-122.39034,37.783916],[-122.39023,37.783916],[-122.39017,37.783962],[-122.39017,37.78414],[-122.39028,37.784233],[-122.39017,37.78432],[-122.39017,37.784412],[-122.39028,37.784504],[-122.39028,37.78459],[-122.39017,37.784683],[-122.39017,37.78477],[-122.39023,37.784817],[-122.39045,37.784817],[-122.39074,37.78504],[-122.39074,37.785492],[-122.390854,37.785583],[-122.390854,37.785675],[-122.39102,37.78581],[-122.391136,37.78581],[-122.39125,37.785717],[-122.39136,37.785717],[-122.3917,37.78545],[-122.391815,37.78545],[-122.39193,37.78536],[-122.392044,37.78536],[-122.39238,37.785088],[-122.39261,37.785088],[-122.39284,37.78491],[-122.39295,37.78491],[-122.39307,37.784817],[-122.39318,37.784817],[-122.39346,37.78504],[-122.39346,37.785133],[-122.39358,37.785225],[-122.39346,37.785313],[-122.39346,37.785583],[-122.39335,37.785675],[-122.3934,37.785717],[-122.393745,37.785717],[-122.39386,37.78581],[-122.39391,37.785763],[-122.39391,37.785675],[-122.393974,37.78563],[-122.39409,37.78563],[-122.394196,37.785538],[-122.39431,37.78563],[-122.394424,37.78563],[-122.39454,37.785717],[-122.39465,37.785717],[-122.39471,37.785675],[-122.39471,37.785404],[-122.39465,37.78536],[-122.39454,37.78536],[-122.394485,37.785313],[-122.39454,37.785267],[-122.39488,37.785267],[-122.394936,37.785313],[-122.394936,37.785404],[-122.3951,37.785538],[-122.39522,37.785538],[-122.39533,37.78563],[-122.39545,37.78563],[-122.39556,37.785717],[-122.395676,37.785717],[-122.39579,37.78581],[-122.396126,37.78581],[-122.39624,37.785717],[-122.396355,37.78581],[-122.39647,37.785717],[-122.39658,37.78581],[-122.39703,37.78581],[-122.39721,37.785675],[-122.39721,37.785583],[-122.397095,37.785492],[-122.397095,37.785404],[-122.39715,37.78536],[-122.39726,37.78536],[-122.39749,37.785538],[-122.39766,37.785404],[-122.39766,37.785313],[-122.39772,37.785267],[-122.39783,37.785267],[-122.39789,37.785313],[-122.39789,37.785404],[-122.39817,37.78563],[-122.398285,37.78563],[-122.3984,37.785717],[-122.398735,37.785717],[-122.398964,37.785538],[-122.39919,37.785538],[-122.39931,37.78545],[-122.399536,37.78545],[-122.39976,37.785267],[-122.39982,37.785313],[-122.39982,37.785583],[-122.399704,37.785675],[-122.39976,37.785717],[-122.39987,37.785717],[-122.39999,37.78563],[-122.400215,37.78563],[-122.400444,37.78545],[-122.40056,37.78545],[-122.40061,37.785492],[-122.40061,37.785583],[-122.40073,37.785675],[-122.40073,37.785763],[-122.40078,37.78581],[-122.40084,37.785763],[-122.40084,37.785675],[-122.400894,37.78563],[-122.40112,37.78581],[-122.40124,37.785717],[-122.40135,37.785717],[-122.401405,37.785675],[-122.401405,37.785404],[-122.40135,37.78536],[-122.40124,37.78536],[-122.40118,37.785404],[-122.40118,37.785492],[-122.40112,37.785538],[-122.40106,37.785492],[-122.40106,37.785225],[-122.40118,37.785133],[-122.40106,37.78504],[-122.40106,37.78477],[-122.40112,37.78473],[-122.40124,37.784817],[-122.40135,37.78473],[-122.40147,37.78473],[-122.40152,37.784683],[-122.401405,37.78459],[-122.401405,37.784412],[-122.40135,37.784367],[-122.40124,37.784367],[-122.40106,37.784504],[-122.40106,37.784683],[-122.40101,37.78473],[-122.400955,37.784683],[-122.400955,37.784504],[-122.40084,37.784412],[-122.40084,37.784233],[-122.40135,37.783825],[-122.40157,37.783825],[-122.40169,37.783916],[-122.402145,37.783916],[-122.40226,37.784008],[-122.402374,37.783916],[-122.40271,37.783916],[-122.402824,37.783825],[-122.40294,37.783825],[-122.40305,37.783737],[-122.40317,37.783825],[-122.40328,37.783825],[-122.40345,37.78369],[-122.40345,37.7836],[-122.403564,37.783512],[-122.403564,37.783333],[-122.40368,37.78324],[-122.40368,37.78297],[-122.4035,37.782837],[-122.40317,37.782837],[-122.40305,37.782745],[-122.40294,37.782745],[-122.40277,37.78261],[-122.40277,37.78252],[-122.40266,37.78243],[-122.40266,37.78225],[-122.40277,37.78216],[-122.40277,37.78189],[-122.402824,37.781845],[-122.40294,37.781845],[-122.40299,37.78189],[-122.40299,37.78198],[-122.402885,37.78207],[-122.40294,37.782116],[-122.40305,37.782024],[-122.40317,37.782024],[-122.40328,37.782116],[-122.4035,37.782116],[-122.403564,37.78207],[-122.403564,37.7818],[-122.40345,37.781708],[-122.40345,37.78162],[-122.40339,37.781574],[-122.40328,37.781574],[-122.40322,37.78153],[-122.40322,37.78144],[-122.40345,37.781258],[-122.403336,37.78117],[-122.403336,37.78108],[-122.40328,37.781033],[-122.40305,37.781033],[-122.40294,37.780945],[-122.402824,37.780945],[-122.40277,37.7809],[-122.40277,37.780537],[-122.402824,37.780495],[-122.40317,37.78076],[-122.40339,37.78076],[-122.40345,37.78072],[-122.40345,37.78063],[-122.403564,37.780537],[-122.403564,37.78045],[-122.40379,37.78027],[-122.40379,37.780178],[-122.40373,37.780132],[-122.40362,37.780132],[-122.403564,37.780087],[-122.403564,37.779636],[-122.40345,37.77955],[-122.40345,37.779457],[-122.403336,37.779366],[-122.403336,37.7791],[-122.40345,37.779007],[-122.40345,37.778915],[-122.403564,37.778828],[-122.403564,37.778736],[-122.40345,37.778645],[-122.40345,37.778557],[-122.403336,37.778465],[-122.4035,37.77833],[-122.40373,37.77851],[-122.40385,37.77851],[-122.404015,37.778378],[-122.4039,37.778286],[-122.4039,37.778194],[-122.40385,37.778152],[-122.40362,37.778152],[-122.403564,37.778107],[-122.40385,37.77788],[-122.4039,37.777924],[-122.4039,37.778015],[-122.404015,37.778107],[-122.404015,37.778194],[-122.404076,37.77824],[-122.40419,37.77824],[-122.4043,37.77833],[-122.40441,37.77824],[-122.404526,37.77824],[-122.4047,37.778107],[-122.4047,37.778015],[-122.40492,37.777836],[-122.40492,37.777744],[-122.40504,37.777657],[-122.40504,37.777565],[-122.40515,37.777473],[-122.40515,37.777115],[-122.4051,37.77707],[-122.40498,37.77707],[-122.40492,37.777023]]]}},{"type":"Feature","properties":{"contour":11},"geometry":{"type":"Polygon","coordinates":[[[-122.40515,37.775497],[-122.40515,37.775406],[-122.405205,37.77536],[-122.40543,37.77536],[-122.40555,37.77527],[-122.40566,37.77527],[-122.405716,37.775227],[-122.405716,37.775043],[-122.40583,37.774956],[-122.40583,37.774593],[-122.405945,37.774506],[-122.405945,37.774414],[-122.40578,37.77428],[-122.40566,37.77428],[-122.40555,37.77437],[-122.40543,37.77437],[-122.40532,37.77428],[-122.405205,37.77428],[-122.40515,37.774235],[-122.40515,37.774143],[-122.405205,37.774097],[-122.40532,37.77419],[-122.40543,37.774097],[-122.40555,37.77419],[-122.40566,37.77419],[-122.405716,37.774143],[-122.405716,37.773964],[-122.40549,37.773785],[-122.40549,37.773693],[-122.40538,37.773605],[-122.40538,37.773514],[-122.40532,37.773468],[-122.405205,37.773468],[-122.40509,37.77356],[-122.404976,37.77356],[-122.40487,37.773647],[-122.40464,37.773647],[-122.4043,37.773376],[-122.40373,37.773376],[-122.40362,37.773468],[-122.40305,37.773468],[-122.40299,37.773422],[-122.40299,37.773335],[-122.402824,37.773197],[-122.40271,37.77329],[-122.402596,37.773197],[-122.40237,37.773376],[-122.40225,37.773376],[-122.402145,37.77329],[-122.402084,37.773335],[-122.402084,37.773422],[-122.40169,37.77374],[-122.40157,37.77374],[-122.40146,37.77383],[-122.40124,37.77383],[-122.40118,37.773785],[-122.40118,37.773693],[-122.40101,37.77356],[-122.400894,37.77356],[-122.40083,37.773514],[-122.40083,37.773422],[-122.40073,37.773335],[-122.40073,37.773243],[-122.400665,37.773197],[-122.4005,37.773335],[-122.4005,37.773422],[-122.40061,37.773514],[-122.40061,37.773605],[-122.40055,37.773647],[-122.4001,37.773647],[-122.40004,37.773605],[-122.40004,37.773514],[-122.39976,37.77329],[-122.39919,37.77329],[-122.39902,37.773422],[-122.39913,37.773514],[-122.39913,37.773605],[-122.39925,37.773693],[-122.39919,37.77374],[-122.39908,37.77374],[-122.39902,37.773785],[-122.39902,37.773872],[-122.39908,37.77392],[-122.39931,37.77392],[-122.39936,37.773964],[-122.39936,37.774055],[-122.399475,37.774143],[-122.399475,37.774235],[-122.39959,37.774323],[-122.39953,37.77437],[-122.39919,37.77437],[-122.39913,37.774414],[-122.39913,37.774506],[-122.398506,37.775],[-122.3984,37.775],[-122.39834,37.774956],[-122.39834,37.774864],[-122.39857,37.774685],[-122.39857,37.774506],[-122.398506,37.77446],[-122.39817,37.77446],[-122.398056,37.77437],[-122.39771,37.77437],[-122.39766,37.774414],[-122.39766,37.774506],[-122.397545,37.774593],[-122.397545,37.774685],[-122.39749,37.77473],[-122.39726,37.77473],[-122.39703,37.77455],[-122.396805,37.77455],[-122.39669,37.77464],[-122.39658,37.77455],[-122.39647,37.77464],[-122.396355,37.77455],[-122.39601,37.77482],[-122.39556,37.77482],[-122.39545,37.77473],[-122.39533,37.77473],[-122.3951,37.77491],[-122.39499,37.77491],[-122.394875,37.775],[-122.39477,37.775],[-122.39471,37.774956],[-122.39471,37.774864],[-122.39482,37.774776],[-122.39482,37.774593],[-122.39477,37.77455],[-122.39454,37.77473],[-122.39448,37.774685],[-122.39448,37.774593],[-122.394424,37.77455],[-122.393745,37.77509],[-122.39363,37.77509],[-122.393456,37.774956],[-122.39352,37.77491],[-122.39363,37.77491],[-122.393684,37.774864],[-122.393684,37.774685],[-122.39363,37.77464],[-122.39352,37.77473],[-122.39345,37.774776],[-122.39317,37.774807],[-122.39306,37.774807],[-122.39299,37.774864],[-122.39215,37.77526],[-122.39208,37.775314],[-122.391815,37.77571],[-122.391754,37.775764],[-122.39198,37.776035],[-122.3921,37.776127],[-122.3921,37.776215],[-122.39187,37.776398],[-122.39187,37.776485],[-122.391754,37.776577],[-122.391754,37.77667],[-122.3917,37.77671],[-122.39147,37.77671],[-122.39142,37.77667],[-122.39142,37.776577],[-122.39153,37.776485],[-122.39153,37.776306],[-122.39164,37.776215],[-122.39159,37.77616],[-122.39124,37.77616],[-122.391174,37.776215],[-122.39079,37.77661],[-122.390724,37.77667],[-122.390335,37.77706],[-122.39027,37.77712],[-122.38931,37.77751],[-122.389206,37.777523],[-122.389145,37.77757],[-122.389145,37.777927],[-122.38949,37.7782],[-122.38949,37.778378],[-122.389824,37.77865],[-122.38977,37.778694],[-122.389656,37.778694],[-122.38954,37.778786],[-122.38943,37.778786],[-122.38937,37.778828],[-122.38937,37.77892],[-122.38949,37.77901],[-122.38949,37.7791],[-122.3896,37.77919],[-122.3896,37.77937],[-122.38954,37.779415],[-122.38943,37.779415],[-122.38926,37.77955],[-122.38937,37.77964],[-122.38937,37.78009],[-122.38949,37.78018],[-122.38949,37.78027],[-122.3896,37.78036],[-122.3896,37.780453],[-122.38972,37.78054],[-122.38972,37.78072],[-122.389656,37.780766],[-122.38954,37.780766],[-122.389145,37.781082],[-122.389145,37.78126],[-122.38937,37.78144],[-122.38937,37.781532],[-122.389656,37.781757],[-122.389885,37.781757],[-122.39,37.78185],[-122.390114,37.781757],[-122.390335,37.781757],[-122.390396,37.781803],[-122.390396,37.78189],[-122.39028,37.781982],[-122.39028,37.783062],[-122.39022,37.783108],[-122.39,37.783108],[-122.38977,37.78293],[-122.389656,37.78293],[-122.38949,37.783062],[-122.38949,37.783245],[-122.38937,37.783333],[-122.38937,37.783424],[-122.38926,37.783516],[-122.38926,37.783695],[-122.38949,37.783875],[-122.38949,37.783966],[-122.38972,37.784145],[-122.38972,37.784233],[-122.389824,37.784325],[-122.389824,37.784416],[-122.38977,37.784462],[-122.38954,37.784462],[-122.38949,37.784504],[-122.38949,37.784595],[-122.3896,37.784687],[-122.3896,37.784866],[-122.38972,37.784954],[-122.38972,37.785046],[-122.3896,37.785137],[-122.389656,37.78518],[-122.38977,37.78509],[-122.38994,37.785225],[-122.3896,37.785496],[-122.3896,37.785675],[-122.38977,37.785812],[-122.389885,37.785812],[-122.38994,37.78586],[-122.38994,37.785946],[-122.389885,37.78599],[-122.389656,37.78599],[-122.3896,37.786037],[-122.3896,37.786217],[-122.389656,37.786263],[-122.38977,37.786263],[-122.389885,37.786354],[-122.39005,37.786217],[-122.38994,37.786125],[-122.38994,37.786037],[-122.39,37.78599],[-122.390114,37.78599],[-122.39022,37.786083],[-122.390335,37.786083],[-122.39045,37.78617],[-122.39079,37.78617],[-122.39085,37.786125],[-122.39085,37.786037],[-122.39102,37.7859],[-122.39124,37.7859],[-122.39142,37.785767],[-122.39142,37.785675],[-122.3917,37.78545],[-122.391815,37.78545],[-122.39193,37.785362],[-122.39204,37.785362],[-122.39238,37.78509],[-122.39261,37.78509],[-122.39266,37.785137],[-122.39266,37.785225],[-122.39289,37.785408],[-122.39284,37.78545],[-122.39272,37.78545],[-122.39266,37.785496],[-122.39272,37.78554],[-122.39284,37.78554],[-122.39289,37.785587],[-122.39289,37.78631],[-122.39295,37.786354],[-122.39317,37.786354],[-122.39352,37.786083],[-122.39386,37.786083],[-122.39397,37.78617],[-122.39431,37.78617],[-122.394875,37.78572],[-122.394936,37.785767],[-122.394936,37.786037],[-122.394875,37.786083],[-122.39477,37.786083],[-122.39459,37.786217],[-122.39477,37.786354],[-122.394875,37.786354],[-122.394936,37.78631],[-122.394936,37.786217],[-122.39499,37.78617],[-122.3951,37.786263],[-122.39522,37.78617],[-122.39533,37.786263],[-122.395386,37.786217],[-122.39527,37.786125],[-122.39533,37.786083],[-122.39545,37.786083],[-122.39578,37.785812],[-122.39624,37.785812],[-122.39629,37.78586],[-122.39629,37.785946],[-122.39658,37.78617],[-122.39669,37.786083],[-122.396805,37.786083],[-122.396866,37.786125],[-122.396866,37.786217],[-122.39703,37.786354],[-122.39738,37.786354],[-122.397545,37.786217],[-122.397545,37.785767],[-122.39743,37.785675],[-122.39743,37.785587],[-122.39766,37.785408],[-122.39766,37.785316],[-122.39771,37.78527],[-122.39783,37.78527],[-122.39789,37.785316],[-122.39789,37.785408],[-122.39817,37.785633],[-122.398285,37.785633],[-122.3984,37.78572],[-122.398735,37.78572],[-122.39913,37.786037],[-122.39908,37.786083],[-122.398735,37.786083],[-122.39868,37.786125],[-122.39868,37.78631],[-122.398735,37.786354],[-122.39885,37.786263],[-122.398964,37.786263],[-122.39908,37.78617],[-122.39913,37.786217],[-122.39913,37.78631],[-122.39919,37.786354],[-122.39925,37.78631],[-122.39925,37.786217],[-122.39931,37.78617],[-122.39942,37.786263],[-122.39964,37.786263],[-122.399704,37.786217],[-122.399704,37.786125],[-122.39976,37.786083],[-122.4001,37.786083],[-122.400154,37.786125],[-122.4001,37.78617],[-122.39999,37.78617],[-122.399925,37.786217],[-122.399925,37.78631],[-122.39999,37.786354],[-122.4001,37.786354],[-122.400215,37.786263],[-122.40055,37.786263],[-122.40061,37.786217],[-122.40061,37.786125],[-122.40073,37.786037],[-122.40073,37.785946],[-122.40078,37.7859],[-122.40106,37.786125],[-122.40106,37.786217],[-122.40124,37.786354],[-122.401344,37.786354],[-122.40146,37.786263],[-122.40157,37.786263],[-122.4018,37.786083],[-122.40192,37.786083],[-122.40203,37.78617],[-122.402145,37.78617],[-122.4022,37.786125],[-122.4022,37.786037],[-122.402145,37.78599],[-122.40203,37.78599],[-122.40197,37.785946],[-122.40197,37.78586],[-122.40169,37.785633],[-122.40157,37.78572],[-122.40146,37.78572],[-122.401405,37.785675],[-122.401405,37.785408],[-122.40146,37.785362],[-122.40169,37.78554],[-122.40192,37.78554],[-122.40197,37.785587],[-122.40197,37.785675],[-122.40203,37.78572],[-122.4022,37.785587],[-122.4022,37.785496],[-122.40197,37.785316],[-122.40197,37.785225],[-122.402084,37.785137],[-122.402084,37.785046],[-122.4022,37.784954],[-122.40197,37.784775],[-122.402084,37.784687],[-122.402084,37.784504],[-122.402145,37.784462],[-122.40225,37.784462],[-122.40237,37.78455],[-122.40243,37.784504],[-122.40243,37.784416],[-122.40248,37.78437],[-122.40266,37.784504],[-122.40266,37.784595],[-122.40271,37.78464],[-122.40276,37.784595],[-122.40276,37.784504],[-122.402824,37.784462],[-122.40294,37.784462],[-122.40299,37.784416],[-122.40299,37.784325],[-122.40288,37.784233],[-122.40288,37.784145],[-122.40276,37.784054],[-122.40276,37.783875],[-122.402824,37.78383],[-122.40294,37.78383],[-122.40305,37.78374],[-122.40316,37.78383],[-122.40339,37.78383],[-122.40367,37.784054],[-122.40367,37.784416],[-122.40373,37.784462],[-122.40385,37.784462],[-122.404015,37.784325],[-122.404015,37.784233],[-122.40413,37.784145],[-122.40413,37.784054],[-122.40424,37.783966],[-122.40424,37.783875],[-122.404015,37.783695],[-122.404015,37.783604],[-122.40396,37.783558],[-122.40362,37.783558],[-122.403564,37.783516],[-122.403564,37.783333],[-122.40367,37.783245],[-122.40367,37.783062],[-122.403786,37.782974],[-122.40362,37.782837],[-122.40339,37.782837],[-122.403336,37.782795],[-122.40345,37.782703],[-122.403336,37.78261],[-122.40339,37.78257],[-122.4035,37.78257],[-122.40367,37.782433],[-122.40367,37.782074],[-122.403786,37.781982],[-122.403786,37.78144],[-122.40373,37.7814],[-122.40362,37.7814],[-122.403564,37.781353],[-122.40362,37.781307],[-122.40373,37.781307],[-122.404015,37.781082],[-122.404015,37.78099],[-122.40447,37.780632],[-122.40447,37.780453],[-122.40424,37.78027],[-122.40436,37.78018],[-122.40436,37.78009],[-122.40424,37.78],[-122.40424,37.77982],[-122.40413,37.77973],[-122.40413,37.77964],[-122.40407,37.779594],[-122.40385,37.779594],[-122.403786,37.77955],[-122.40385,37.779507],[-122.40407,37.779507],[-122.40418,37.779415],[-122.4043,37.779507],[-122.40447,37.77937],[-122.40441,37.779324],[-122.4043,37.779324],[-122.40424,37.779278],[-122.40424,37.77919],[-122.40436,37.7791],[-122.40436,37.77901],[-122.40447,37.77892],[-122.40441,37.778873],[-122.4043,37.778873],[-122.40424,37.778828],[-122.40424,37.77874],[-122.40464,37.778423],[-122.404755,37.778423],[-122.40487,37.77833],[-122.405205,37.77833],[-122.405266,37.778378],[-122.405266,37.77847],[-122.40515,37.77856],[-122.40515,37.77865],[-122.405205,37.778694],[-122.40566,37.778694],[-122.405716,37.77865],[-122.405716,37.77856],[-122.4056,37.77847],[-122.405716,37.778378],[-122.405716,37.77829],[-122.40566,37.778244],[-122.40555,37.778244],[-122.40549,37.7782],[-122.40549,37.778107],[-122.40538,37.77802],[-122.40538,37.777927],[-122.405266,37.77784],[-122.405266,37.777298],[-122.40532,37.777252],[-122.40543,37.777344],[-122.40566,37.777344],[-122.405716,37.777298],[-122.405716,37.777027],[-122.40555,37.776894],[-122.40543,37.77698],[-122.40532,37.77698],[-122.405266,37.776936],[-122.40538,37.776848],[-122.40538,37.776577],[-122.40543,37.77653],[-122.40555,37.77653],[-122.405716,37.776398],[-122.405716,37.776306],[-122.40583,37.776215],[-122.40583,37.776127],[-122.40555,37.7759],[-122.40532,37.7759],[-122.405266,37.775856],[-122.405266,37.775585],[-122.40515,37.775497]]]}},{"type":"Feature","properties":{"contour":12},"geometry":{"type":"Polygon","coordinates":[[[-122.40612,37.77613],[-122.40617,37.776085],[-122.40629,37.776085],[-122.40634,37.77604],[-122.40634,37.77577],[-122.406456,37.775677],[-122.406456,37.775227],[-122.40657,37.77514],[-122.40652,37.775093],[-122.4064,37.775093],[-122.40634,37.775047],[-122.406456,37.77496],[-122.406456,37.774868],[-122.4064,37.774822],[-122.40629,37.774822],[-122.40589,37.774506],[-122.40589,37.774326],[-122.406006,37.77424],[-122.406006,37.773785],[-122.40623,37.773605],[-122.40623,37.773426],[-122.40634,37.773335],[-122.40634,37.772976],[-122.40629,37.77293],[-122.40617,37.77293],[-122.40606,37.77302],[-122.406006,37.772976],[-122.406006,37.772884],[-122.405945,37.77284],[-122.40572,37.77284],[-122.40566,37.772884],[-122.40566,37.772976],[-122.40561,37.77302],[-122.405495,37.77302],[-122.40538,37.77293],[-122.405266,37.77293],[-122.40521,37.772976],[-122.40532,37.773067],[-122.40532,37.773155],[-122.40538,37.7732],[-122.405495,37.7732],[-122.40555,37.773247],[-122.40543,37.773335],[-122.40543,37.773426],[-122.40538,37.77347],[-122.405266,37.77347],[-122.40515,37.77356],[-122.40504,37.77356],[-122.40498,37.773518],[-122.40498,37.773426],[-122.40487,37.773335],[-122.40487,37.773155],[-122.40498,37.773067],[-122.40498,37.772976],[-122.40492,37.77293],[-122.40481,37.77302],[-122.40447,37.77302],[-122.40424,37.77284],[-122.404076,37.772976],[-122.404076,37.773067],[-122.40419,37.773155],[-122.40419,37.773247],[-122.40413,37.773293],[-122.404015,37.773293],[-122.40385,37.773155],[-122.40385,37.773067],[-122.403336,37.77266],[-122.40311,37.77266],[-122.40299,37.77275],[-122.402885,37.77266],[-122.40277,37.77266],[-122.402596,37.772797],[-122.402596,37.772976],[-122.40254,37.77302],[-122.40243,37.77302],[-122.4022,37.7732],[-122.40198,37.7732],[-122.40186,37.77311],[-122.40175,37.77311],[-122.401634,37.7732],[-122.401405,37.7732],[-122.40129,37.77311],[-122.40112,37.773247],[-122.40112,37.773518],[-122.40107,37.77356],[-122.40084,37.77356],[-122.40078,37.773518],[-122.40078,37.773155],[-122.40056,37.772976],[-122.40056,37.772705],[-122.4005,37.77266],[-122.40016,37.77266],[-122.39993,37.77284],[-122.39982,37.77284],[-122.399704,37.77293],[-122.39959,37.77293],[-122.399475,37.77302],[-122.399254,37.77302],[-122.39914,37.77311],[-122.399025,37.77311],[-122.398964,37.773155],[-122.398964,37.773247],[-122.39908,37.773335],[-122.39908,37.773605],[-122.398964,37.773697],[-122.398964,37.773968],[-122.39891,37.774014],[-122.39868,37.774014],[-122.39857,37.773922],[-122.39834,37.773922],[-122.39823,37.774014],[-122.398056,37.773876],[-122.398056,37.773785],[-122.398,37.773743],[-122.39766,37.774014],[-122.397545,37.774014],[-122.39743,37.773922],[-122.397095,37.773922],[-122.39693,37.774055],[-122.39693,37.774147],[-122.396866,37.774193],[-122.39675,37.774193],[-122.3967,37.774147],[-122.3967,37.774055],[-122.39664,37.774014],[-122.396416,37.774014],[-122.3963,37.7741],[-122.39607,37.7741],[-122.39573,37.774372],[-122.395676,37.774326],[-122.395676,37.774147],[-122.39551,37.774014],[-122.39539,37.774014],[-122.39533,37.774055],[-122.39533,37.774147],[-122.39545,37.77424],[-122.39545,37.774326],[-122.39551,37.774372],[-122.395615,37.774372],[-122.395676,37.774418],[-122.395676,37.774506],[-122.39556,37.774597],[-122.39556,37.77469],[-122.39551,37.77473],[-122.39539,37.77473],[-122.395,37.774418],[-122.395,37.774326],[-122.394936,37.77428],[-122.39471,37.77428],[-122.3946,37.774372],[-122.39437,37.774193],[-122.394295,37.77424],[-122.39346,37.77436],[-122.39339,37.774418],[-122.393005,37.77481],[-122.39294,37.774868],[-122.3921,37.77526],[-122.39203,37.77532],[-122.39165,37.77571],[-122.39157,37.77577],[-122.39119,37.77616],[-122.39112,37.77622],[-122.39074,37.776615],[-122.39066,37.77667],[-122.39028,37.777065],[-122.39021,37.77712],[-122.38926,37.777515],[-122.389145,37.777527],[-122.38909,37.77757],[-122.38909,37.77766],[-122.389206,37.777752],[-122.389206,37.77811],[-122.38932,37.778202],[-122.38932,37.77928],[-122.38926,37.779327],[-122.389145,37.779236],[-122.38904,37.779236],[-122.38892,37.77915],[-122.38886,37.779194],[-122.38886,37.77928],[-122.38881,37.779327],[-122.388695,37.779327],[-122.38863,37.779373],[-122.38863,37.779644],[-122.38853,37.77973],[-122.38853,37.779823],[-122.38858,37.77987],[-122.388695,37.77987],[-122.38875,37.779915],[-122.38863,37.780003],[-122.38898,37.780273],[-122.38898,37.780544],[-122.38909,37.780632],[-122.38909,37.781174],[-122.38886,37.781353],[-122.38886,37.781715],[-122.38881,37.78176],[-122.388695,37.78176],[-122.38858,37.78167],[-122.38853,37.781715],[-122.38863,37.781807],[-122.38853,37.781895],[-122.38853,37.781986],[-122.38858,37.782032],[-122.388695,37.782032],[-122.38875,37.782074],[-122.38863,37.782166],[-122.388695,37.78221],[-122.38892,37.78221],[-122.38904,37.78212],[-122.389145,37.78221],[-122.389435,37.781986],[-122.389435,37.781895],[-122.3896,37.78176],[-122.389946,37.78176],[-122.39005,37.78185],[-122.39028,37.78185],[-122.39034,37.781895],[-122.39034,37.781986],[-122.39023,37.782074],[-122.39023,37.782345],[-122.39034,37.782436],[-122.39034,37.782616],[-122.39017,37.78275],[-122.39005,37.78275],[-122.389946,37.78284],[-122.38972,37.78284],[-122.3896,37.78275],[-122.38949,37.78275],[-122.389435,37.782707],[-122.389435,37.782616],[-122.38926,37.782482],[-122.388695,37.782482],[-122.38863,37.782524],[-122.38863,37.782616],[-122.38875,37.782707],[-122.38875,37.782795],[-122.38863,37.782887],[-122.38863,37.782978],[-122.388695,37.78302],[-122.38881,37.78302],[-122.38886,37.783066],[-122.38886,37.783607],[-122.38875,37.783695],[-122.38875,37.78388],[-122.38886,37.783966],[-122.38886,37.784058],[-122.38863,37.784237],[-122.38863,37.78433],[-122.38875,37.784416],[-122.38875,37.7846],[-122.38886,37.784687],[-122.38886,37.78487],[-122.38898,37.784958],[-122.38898,37.78505],[-122.38904,37.785095],[-122.389145,37.785095],[-122.389206,37.785137],[-122.389206,37.78523],[-122.38932,37.78532],[-122.38932,37.785408],[-122.38955,37.785587],[-122.38955,37.78568],[-122.38909,37.78604],[-122.38909,37.7864],[-122.38898,37.78649],[-122.38898,37.78658],[-122.38886,37.78667],[-122.38904,37.786804],[-122.38926,37.786804],[-122.38932,37.78685],[-122.38932,37.78694],[-122.38937,37.786987],[-122.38955,37.78685],[-122.38955,37.78667],[-122.38972,37.786533],[-122.38983,37.786533],[-122.39005,37.786716],[-122.39017,37.786716],[-122.39028,37.786804],[-122.39034,37.786762],[-122.39034,37.78658],[-122.39068,37.78631],[-122.39068,37.78622],[-122.39074,37.786175],[-122.390854,37.786175],[-122.39102,37.78604],[-122.39102,37.78595],[-122.391075,37.785904],[-122.39119,37.785904],[-122.39147,37.78568],[-122.39147,37.785587],[-122.39165,37.785454],[-122.39176,37.785454],[-122.39187,37.785362],[-122.39198,37.785362],[-122.3921,37.785275],[-122.39221,37.785275],[-122.39233,37.785183],[-122.39244,37.785183],[-122.392494,37.78523],[-122.392494,37.785408],[-122.39233,37.785545],[-122.39221,37.785545],[-122.39216,37.785587],[-122.39227,37.78568],[-122.39227,37.78577],[-122.39216,37.78586],[-122.39227,37.78595],[-122.392044,37.78613],[-122.392044,37.78622],[-122.39267,37.786716],[-122.392784,37.786716],[-122.39284,37.78667],[-122.39284,37.78658],[-122.39289,37.786533],[-122.39312,37.786533],[-122.39329,37.78667],[-122.39329,37.786762],[-122.39358,37.786987],[-122.3938,37.786804],[-122.39391,37.786896],[-122.39414,37.786896],[-122.39426,37.786804],[-122.39437,37.786896],[-122.39454,37.786762],[-122.39454,37.78649],[-122.3946,37.786446],[-122.39471,37.786446],[-122.39482,37.786354],[-122.39505,37.786354],[-122.39522,37.78649],[-122.39522,37.78658],[-122.395164,37.786625],[-122.39505,37.786625],[-122.39488,37.786762],[-122.394936,37.786804],[-122.39505,37.786804],[-122.395164,37.786896],[-122.39539,37.786896],[-122.39551,37.786804],[-122.39607,37.786804],[-122.39619,37.786896],[-122.39664,37.786896],[-122.3967,37.78685],[-122.3967,37.786762],[-122.396866,37.786625],[-122.39698,37.786625],[-122.39743,37.786987],[-122.39749,37.78694],[-122.39749,37.78685],[-122.39766,37.786716],[-122.39777,37.786716],[-122.398056,37.78694],[-122.398,37.786987],[-122.39789,37.786987],[-122.397835,37.78703],[-122.39789,37.787075],[-122.39812,37.787075],[-122.39817,37.78712],[-122.39817,37.787212],[-122.39834,37.787346],[-122.39845,37.787346],[-122.39857,37.787254],[-122.39891,37.787254],[-122.399025,37.787346],[-122.39908,37.7873],[-122.39908,37.78694],[-122.399025,37.786896],[-122.39891,37.786896],[-122.39885,37.78685],[-122.39885,37.786762],[-122.39891,37.786716],[-122.39914,37.786716],[-122.39919,37.786762],[-122.39919,37.78685],[-122.399254,37.786896],[-122.39936,37.786896],[-122.399475,37.786987],[-122.39959,37.786896],[-122.399704,37.786896],[-122.39987,37.786762],[-122.39987,37.78667],[-122.39993,37.786625],[-122.40005,37.786716],[-122.40016,37.786716],[-122.40038,37.786896],[-122.40073,37.786896],[-122.40107,37.786625],[-122.40129,37.786625],[-122.401405,37.786716],[-122.40152,37.786716],[-122.40175,37.786896],[-122.40198,37.786716],[-122.40231,37.786716],[-122.40243,37.786804],[-122.40254,37.786716],[-122.40266,37.786716],[-122.40271,37.78667],[-122.40271,37.78649],[-122.402824,37.7864],[-122.40277,37.786354],[-122.40254,37.786354],[-122.40249,37.78631],[-122.40249,37.78622],[-122.40254,37.786175],[-122.40266,37.786175],[-122.402824,37.78604],[-122.402824,37.78595],[-122.40271,37.78586],[-122.40271,37.78577],[-122.402824,37.78568],[-122.402824,37.78532],[-122.40294,37.78523],[-122.40294,37.785137],[-122.402824,37.78505],[-122.402824,37.78487],[-122.402885,37.784824],[-122.40294,37.78487],[-122.40294,37.784958],[-122.40311,37.785095],[-122.403336,37.785095],[-122.4034,37.78505],[-122.4034,37.784958],[-122.40345,37.784912],[-122.403564,37.784912],[-122.40368,37.785004],[-122.404015,37.785004],[-122.404076,37.784958],[-122.40396,37.78487],[-122.404015,37.784824],[-122.40413,37.784824],[-122.40424,37.784912],[-122.40447,37.784733],[-122.40459,37.784733],[-122.40464,37.78478],[-122.404526,37.78487],[-122.404526,37.784958],[-122.40459,37.785004],[-122.4047,37.785004],[-122.404755,37.784958],[-122.404755,37.78478],[-122.40464,37.784687],[-122.40487,37.784508],[-122.40487,37.784416],[-122.404755,37.78433],[-122.404755,37.784237],[-122.40464,37.78415],[-122.40464,37.784058],[-122.404526,37.783966],[-122.404526,37.78388],[-122.404755,37.783695],[-122.404755,37.783607],[-122.40464,37.783516],[-122.40464,37.78343],[-122.4047,37.783382],[-122.40481,37.783382],[-122.40487,37.783337],[-122.40487,37.783157],[-122.40481,37.78311],[-122.4047,37.78311],[-122.40447,37.78329],[-122.40441,37.783245],[-122.40441,37.783157],[-122.40424,37.78302],[-122.40413,37.78302],[-122.40379,37.78329],[-122.40373,37.783245],[-122.40373,37.782887],[-122.40379,37.78284],[-122.4039,37.782932],[-122.40424,37.782932],[-122.404305,37.782887],[-122.404305,37.782795],[-122.40441,37.782707],[-122.40441,37.782524],[-122.40447,37.782482],[-122.40459,37.78257],[-122.40481,37.78257],[-122.40498,37.782436],[-122.40498,37.782345],[-122.40481,37.78221],[-122.4047,37.78221],[-122.40464,37.782166],[-122.40487,37.781986],[-122.404755,37.781895],[-122.404755,37.781715],[-122.40481,37.78167],[-122.40492,37.78167],[-122.4051,37.781536],[-122.40498,37.781445],[-122.40498,37.781265],[-122.40487,37.781174],[-122.40487,37.781086],[-122.40498,37.780994],[-122.40498,37.780632],[-122.40492,37.78059],[-122.40481,37.78059],[-122.4047,37.7805],[-122.40459,37.7805],[-122.404526,37.780453],[-122.404526,37.780273],[-122.40459,37.780228],[-122.40492,37.780228],[-122.40504,37.78014],[-122.40515,37.78014],[-122.40521,37.780094],[-122.40521,37.779823],[-122.40498,37.779644],[-122.40498,37.77946],[-122.40504,37.77942],[-122.40538,37.77942],[-122.40561,37.779236],[-122.40583,37.779236],[-122.405945,37.779327],[-122.40617,37.779327],[-122.406456,37.779102],[-122.406456,37.77883],[-122.40629,37.778698],[-122.40617,37.778698],[-122.40612,37.778652],[-122.40623,37.77856],[-122.40612,37.778473],[-122.40617,37.778427],[-122.40629,37.778427],[-122.40634,37.77838],[-122.40634,37.77829],[-122.406456,37.778202],[-122.406456,37.778023],[-122.40634,37.77793],[-122.40634,37.777752],[-122.40629,37.777706],[-122.40617,37.777794],[-122.40606,37.777794],[-122.40589,37.77766],[-122.40589,37.77757],[-122.40578,37.77748],[-122.40606,37.777256],[-122.40612,37.7773],[-122.40612,37.77739],[-122.40617,37.777435],[-122.40629,37.777435],[-122.4064,37.777527],[-122.406456,37.77748],[-122.406456,37.77658],[-122.40657,37.77649],[-122.40634,37.77631],[-122.40634,37.77622],[-122.40629,37.776173],[-122.40617,37.776173],[-122.40612,37.77613]]]}},{"type":"Feature","properties":{"contour":13},"geometry":{"type":"MultiPolygon","coordinates":[[[[-122.40696,37.77703],[-122.40696,37.776943],[-122.406845,37.77685],[-122.406845,37.776764],[-122.40674,37.776672],[-122.40674,37.77658],[-122.406624,37.776493],[-122.406624,37.7764],[-122.40674,37.77631],[-122.40674,37.77613],[-122.40696,37.77595],[-122.40696,37.77586],[-122.407074,37.775772],[-122.40696,37.77568],[-122.40696,37.775593],[-122.406845,37.7755],[-122.40696,37.77541],[-122.40696,37.775322],[-122.40719,37.77514],[-122.40719,37.77505],[-122.40702,37.774914],[-122.406906,37.775005],[-122.40668,37.775005],[-122.40651,37.77487],[-122.406624,37.77478],[-122.406624,37.77469],[-122.40674,37.7746],[-122.40674,37.77451],[-122.406624,37.77442],[-122.406624,37.77415],[-122.40656,37.774105],[-122.40645,37.774193],[-122.40623,37.774193],[-122.40611,37.774284],[-122.406,37.774284],[-122.40594,37.77424],[-122.40605,37.77415],[-122.40605,37.77406],[-122.40611,37.774014],[-122.40623,37.774014],[-122.40645,37.773834],[-122.40668,37.773834],[-122.40679,37.773926],[-122.40696,37.77379],[-122.406845,37.7737],[-122.406845,37.773518],[-122.40674,37.77343],[-122.40674,37.773067],[-122.406845,37.77298],[-122.406845,37.772797],[-122.40696,37.77271],[-122.40696,37.772617],[-122.406845,37.77253],[-122.406845,37.772438],[-122.40679,37.772392],[-122.40668,37.772392],[-122.406624,37.772438],[-122.406624,37.77253],[-122.40656,37.77257],[-122.40634,37.772392],[-122.40628,37.772438],[-122.40628,37.77253],[-122.40588,37.772842],[-122.405655,37.772842],[-122.40554,37.772755],[-122.40543,37.772755],[-122.40532,37.772663],[-122.405205,37.772755],[-122.404976,37.772755],[-122.40486,37.772663],[-122.40452,37.772663],[-122.404465,37.772617],[-122.404465,37.77253],[-122.40458,37.772438],[-122.40458,37.772346],[-122.4043,37.77212],[-122.40395,37.77212],[-122.40384,37.772213],[-122.40361,37.772034],[-122.40344,37.772167],[-122.40344,37.77226],[-122.403275,37.772392],[-122.40316,37.772392],[-122.403046,37.772484],[-122.40299,37.772438],[-122.40299,37.772346],[-122.4027,37.77212],[-122.40248,37.77212],[-122.40242,37.772167],[-122.40242,37.772346],[-122.402306,37.772438],[-122.402306,37.77271],[-122.40242,37.772797],[-122.40242,37.77298],[-122.40237,37.77302],[-122.401855,37.772617],[-122.401855,37.77253],[-122.40169,37.772392],[-122.40157,37.772392],[-122.40151,37.772438],[-122.40151,37.77253],[-122.4014,37.772617],[-122.40163,37.772797],[-122.40163,37.77289],[-122.40174,37.77298],[-122.40174,37.77316],[-122.40169,37.773205],[-122.40146,37.773205],[-122.40118,37.77298],[-122.40118,37.77289],[-122.401,37.772755],[-122.40089,37.772755],[-122.40078,37.772663],[-122.400665,37.772663],[-122.400375,37.772438],[-122.400375,37.772346],[-122.40021,37.772213],[-122.40009,37.772213],[-122.39981,37.772438],[-122.39981,37.772617],[-122.3997,37.77271],[-122.3997,37.77289],[-122.39953,37.77302],[-122.3993,37.77302],[-122.399185,37.773113],[-122.398735,37.773113],[-122.39862,37.773205],[-122.398506,37.773205],[-122.39839,37.773293],[-122.39828,37.773293],[-122.398224,37.77334],[-122.398224,37.77343],[-122.39811,37.773518],[-122.39811,37.77361],[-122.39805,37.773655],[-122.39794,37.773655],[-122.39788,37.77361],[-122.39788,37.773518],[-122.39783,37.773476],[-122.397484,37.773476],[-122.39737,37.773563],[-122.397255,37.773563],[-122.39692,37.773834],[-122.396805,37.773834],[-122.396576,37.774014],[-122.39646,37.774014],[-122.39618,37.77379],[-122.39618,37.7737],[-122.39629,37.77361],[-122.39629,37.773518],[-122.39623,37.773476],[-122.396126,37.773563],[-122.3959,37.773563],[-122.39578,37.773476],[-122.39567,37.773476],[-122.3951,37.773926],[-122.39504,37.77388],[-122.39504,37.77379],[-122.39516,37.7737],[-122.39499,37.773563],[-122.394875,37.773563],[-122.39482,37.77361],[-122.39482,37.7737],[-122.394806,37.77379],[-122.39442,37.773914],[-122.39435,37.773968],[-122.39351,37.774364],[-122.39344,37.77442],[-122.39306,37.774815],[-122.39299,37.77487],[-122.39215,37.775265],[-122.39208,37.775322],[-122.39169,37.775715],[-122.391624,37.775772],[-122.39124,37.776165],[-122.391174,37.776222],[-122.390785,37.776615],[-122.39072,37.776672],[-122.390335,37.777065],[-122.39027,37.777122],[-122.389084,37.777515],[-122.38903,37.777573],[-122.389145,37.777843],[-122.38926,37.777935],[-122.38926,37.778202],[-122.389366,37.778294],[-122.389366,37.778473],[-122.3892,37.77861],[-122.38897,37.77861],[-122.388855,37.77852],[-122.38869,37.778656],[-122.38869,37.778744],[-122.38857,37.778835],[-122.38857,37.778923],[-122.38846,37.779015],[-122.38846,37.779106],[-122.38835,37.779194],[-122.38835,37.779285],[-122.38824,37.779377],[-122.38835,37.779465],[-122.38835,37.779556],[-122.38824,37.779644],[-122.38824,37.779736],[-122.388176,37.77978],[-122.38795,37.77978],[-122.38789,37.779827],[-122.38801,37.779915],[-122.38801,37.780094],[-122.38778,37.780277],[-122.38784,37.780323],[-122.38795,37.780323],[-122.38806,37.78041],[-122.38829,37.78041],[-122.38835,37.780457],[-122.38835,37.78055],[-122.38846,37.780636],[-122.38846,37.781178],[-122.38829,37.78131],[-122.388176,37.781223],[-122.38806,37.781223],[-122.387665,37.781536],[-122.38778,37.781628],[-122.38778,37.78172],[-122.387665,37.781807],[-122.387665,37.7819],[-122.387726,37.781944],[-122.38784,37.781944],[-122.38801,37.782078],[-122.38801,37.78217],[-122.38812,37.782257],[-122.38812,37.78244],[-122.38801,37.782528],[-122.38801,37.7828],[-122.38829,37.783024],[-122.388405,37.783024],[-122.38852,37.783115],[-122.38863,37.783115],[-122.3888,37.78325],[-122.3888,37.7837],[-122.38835,37.78406],[-122.38835,37.78442],[-122.388176,37.784557],[-122.38795,37.784557],[-122.38789,37.7846],[-122.38789,37.78487],[-122.38801,37.78496],[-122.38801,37.78505],[-122.38806,37.785095],[-122.388176,37.785095],[-122.38824,37.78514],[-122.38824,37.78559],[-122.38829,37.785637],[-122.388405,37.785637],[-122.38869,37.785862],[-122.38869,37.786312],[-122.38857,37.786404],[-122.38857,37.78649],[-122.38852,37.786537],[-122.38835,37.786404],[-122.38846,37.786312],[-122.38846,37.786224],[-122.388405,37.78618],[-122.388176,37.78618],[-122.38812,37.786224],[-122.38812,37.786312],[-122.38824,37.786404],[-122.38812,37.78649],[-122.38824,37.786583],[-122.38824,37.786674],[-122.38835,37.786762],[-122.38835,37.787033],[-122.38846,37.787125],[-122.38846,37.787212],[-122.38835,37.787304],[-122.388405,37.78735],[-122.38863,37.78735],[-122.38875,37.787437],[-122.3892,37.787437],[-122.389366,37.787304],[-122.389366,37.787125],[-122.38943,37.78708],[-122.38954,37.78708],[-122.389656,37.786987],[-122.38971,37.787033],[-122.38971,37.787125],[-122.389595,37.787212],[-122.389595,37.787304],[-122.38976,37.787437],[-122.38999,37.787437],[-122.39011,37.78735],[-122.39022,37.78735],[-122.390335,37.787437],[-122.390564,37.787437],[-122.39067,37.78735],[-122.390785,37.78735],[-122.39085,37.787304],[-122.39085,37.787212],[-122.391075,37.787033],[-122.391075,37.786854],[-122.3909,37.786716],[-122.390785,37.786716],[-122.39073,37.786674],[-122.39073,37.786583],[-122.39085,37.78649],[-122.39085,37.786133],[-122.39124,37.785816],[-122.39136,37.785816],[-122.39159,37.785995],[-122.39169,37.785995],[-122.391754,37.78604],[-122.391754,37.786133],[-122.39187,37.786224],[-122.39187,37.786404],[-122.39181,37.78645],[-122.39159,37.78645],[-122.39141,37.786583],[-122.39141,37.786674],[-122.391525,37.786762],[-122.391525,37.787033],[-122.39159,37.78708],[-122.39181,37.78708],[-122.39198,37.787212],[-122.39198,37.787395],[-122.39215,37.78753],[-122.392265,37.78753],[-122.3926,37.78726],[-122.39283,37.78726],[-122.392944,37.787167],[-122.39306,37.787167],[-122.3934,37.7869],[-122.39351,37.7869],[-122.393684,37.787033],[-122.393684,37.787125],[-122.39385,37.78726],[-122.39397,37.787167],[-122.39408,37.787167],[-122.394135,37.787212],[-122.394135,37.787395],[-122.394196,37.787437],[-122.39442,37.787437],[-122.39453,37.78735],[-122.394646,37.78735],[-122.39476,37.787437],[-122.39499,37.78726],[-122.395325,37.78726],[-122.39567,37.78753],[-122.39578,37.78753],[-122.39595,37.787395],[-122.39595,37.787304],[-122.39623,37.78708],[-122.39635,37.78708],[-122.39669,37.78735],[-122.397255,37.78735],[-122.397316,37.787395],[-122.397316,37.787483],[-122.39771,37.7878],[-122.39788,37.787663],[-122.39788,37.787575],[-122.39794,37.78753],[-122.39805,37.78753],[-122.398224,37.787663],[-122.39811,37.787754],[-122.39816,37.7878],[-122.39839,37.78762],[-122.398506,37.78771],[-122.39856,37.787663],[-122.39856,37.787483],[-122.39862,37.787437],[-122.3989,37.787663],[-122.3989,37.787754],[-122.39907,37.787888],[-122.3993,37.787888],[-122.39936,37.787846],[-122.39936,37.787754],[-122.39953,37.78762],[-122.39964,37.78762],[-122.39987,37.787437],[-122.39998,37.787437],[-122.40032,37.787167],[-122.40049,37.787304],[-122.400375,37.787395],[-122.40044,37.787437],[-122.40055,37.787437],[-122.400604,37.787395],[-122.400604,37.787212],[-122.40055,37.787167],[-122.40044,37.787167],[-122.400375,37.787125],[-122.400375,37.787033],[-122.40044,37.786987],[-122.40078,37.786987],[-122.401344,37.787437],[-122.40146,37.787437],[-122.40151,37.787395],[-122.40151,37.787304],[-122.40157,37.78726],[-122.40169,37.78735],[-122.40225,37.78735],[-122.402306,37.787304],[-122.402306,37.787212],[-122.40248,37.78708],[-122.402596,37.78708],[-122.40265,37.787125],[-122.40265,37.787212],[-122.40293,37.787437],[-122.40321,37.787212],[-122.40321,37.787125],[-122.403275,37.78708],[-122.40339,37.78708],[-122.40356,37.78694],[-122.40344,37.786854],[-122.40344,37.786762],[-122.403275,37.78663],[-122.40316,37.78663],[-122.40311,37.786583],[-122.40311,37.786404],[-122.403275,37.786266],[-122.40339,37.786266],[-122.40344,37.786224],[-122.40344,37.786133],[-122.40333,37.78604],[-122.40333,37.785862],[-122.40356,37.785683],[-122.40356,37.785503],[-122.40361,37.785458],[-122.403725,37.785458],[-122.403786,37.78541],[-122.403786,37.78532],[-122.40384,37.78528],[-122.4043,37.78528],[-122.40441,37.785366],[-122.40452,37.785366],[-122.40463,37.78528],[-122.40486,37.78528],[-122.40532,37.785637],[-122.40543,37.785637],[-122.40549,37.785683],[-122.40549,37.78577],[-122.40554,37.785816],[-122.405655,37.785816],[-122.40577,37.78573],[-122.40588,37.78573],[-122.40594,37.785683],[-122.40594,37.785503],[-122.40588,37.785458],[-122.40577,37.785458],[-122.405716,37.78541],[-122.405716,37.78505],[-122.40554,37.784916],[-122.40532,37.784916],[-122.40526,37.78487],[-122.40526,37.78469],[-122.40549,37.78451],[-122.40549,37.78442],[-122.4056,37.784332],[-122.40554,37.784286],[-122.405205,37.784286],[-122.40514,37.78424],[-122.40526,37.78415],[-122.40526,37.78406],[-122.40537,37.78397],[-122.40537,37.78388],[-122.40543,37.783836],[-122.40554,37.783836],[-122.4056,37.78379],[-122.4056,37.7837],[-122.405716,37.78361],[-122.40549,37.78343],[-122.40549,37.78307],[-122.40537,37.782978],[-122.4056,37.7828],[-122.4056,37.782707],[-122.40543,37.782574],[-122.405205,37.782574],[-122.40514,37.782528],[-122.40514,37.78217],[-122.405205,37.782124],[-122.405655,37.782124],[-122.405716,37.782078],[-122.405716,37.78172],[-122.405655,37.781673],[-122.40554,37.781673],[-122.40549,37.781628],[-122.40549,37.78145],[-122.4056,37.781357],[-122.40549,37.78127],[-122.40549,37.781178],[-122.40537,37.781086],[-122.40537,37.781],[-122.40526,37.780907],[-122.40526,37.780815],[-122.40503,37.780636],[-122.40503,37.780365],[-122.40509,37.780323],[-122.40532,37.780502],[-122.40543,37.780502],[-122.405716,37.780277],[-122.4056,37.780186],[-122.4056,37.780094],[-122.40537,37.779915],[-122.40537,37.779465],[-122.40543,37.77942],[-122.40577,37.77942],[-122.40588,37.77951],[-122.406,37.77951],[-122.40634,37.77978],[-122.40656,37.77978],[-122.406845,37.779556],[-122.406845,37.779465],[-122.40696,37.779377],[-122.40696,37.779285],[-122.407074,37.779194],[-122.407074,37.779015],[-122.406906,37.77888],[-122.40679,37.77888],[-122.40674,37.778835],[-122.40674,37.778744],[-122.406845,37.778656],[-122.406845,37.778385],[-122.40674,37.778294],[-122.40674,37.778202],[-122.406845,37.778114],[-122.406845,37.778023],[-122.40696,37.777935],[-122.40696,37.777843],[-122.40719,37.777664],[-122.40719,37.777573],[-122.4073,37.777485],[-122.4073,37.777393],[-122.40719,37.7773],[-122.40719,37.777214],[-122.40696,37.77703]]],[[[-122.392715,37.773563],[-122.39266,37.77361],[-122.39266,37.7737],[-122.39278,37.77379],[-122.39278,37.77388],[-122.392715,37.773926],[-122.392494,37.773926],[-122.392265,37.773743],[-122.39192,37.773743],[-122.39187,37.7737],[-122.39187,37.77361],[-122.39198,37.773518],[-122.39198,37.77343],[-122.39192,37.773384],[-122.39181,37.773384],[-122.39159,37.773205],[-122.39147,37.773293],[-122.39136,37.773293],[-122.3913,37.77334],[-122.3913,37.773518],[-122.39124,37.773563],[-122.39113,37.773563],[-122.391075,37.77361],[-122.391075,37.77379],[-122.39118,37.77388],[-122.39118,37.773968],[-122.39113,37.774014],[-122.391014,37.774014],[-122.390785,37.773834],[-122.39067,37.773834],[-122.39062,37.77388],[-122.39062,37.773968],[-122.3905,37.77406],[-122.3905,37.77451],[-122.39045,37.774555],[-122.390274,37.77442],[-122.390274,37.77433],[-122.39011,37.774193],[-122.38999,37.774193],[-122.38976,37.774376],[-122.389656,37.774376],[-122.389595,37.77442],[-122.389595,37.77451],[-122.389366,37.77469],[-122.389366,37.77478],[-122.38948,37.77487],[-122.38948,37.77505],[-122.38943,37.775097],[-122.38897,37.775097],[-122.38869,37.775322],[-122.38869,37.77541],[-122.38857,37.7755],[-122.38869,37.775593],[-122.38869,37.77568],[-122.38857,37.775772],[-122.38857,37.77586],[-122.38869,37.77595],[-122.38869,37.77613],[-122.38863,37.776176],[-122.38846,37.776043],[-122.38846,37.775772],[-122.388405,37.775726],[-122.388176,37.775726],[-122.38812,37.775772],[-122.38812,37.77613],[-122.38801,37.776222],[-122.38801,37.77658],[-122.38806,37.776638],[-122.39022,37.776638],[-122.39029,37.77658],[-122.39067,37.776188],[-122.39075,37.77613],[-122.39113,37.775738],[-122.3912,37.77568],[-122.39159,37.775288],[-122.391655,37.77523],[-122.392494,37.774837],[-122.39256,37.77478],[-122.39283,37.774387],[-122.39289,37.77433],[-122.39289,37.77424],[-122.39278,37.77415],[-122.39278,37.77406],[-122.39283,37.774014],[-122.392944,37.774014],[-122.39301,37.773968],[-122.39317,37.773937],[-122.39323,37.77388],[-122.39311,37.7737],[-122.39317,37.773655],[-122.39329,37.773655],[-122.39334,37.77361],[-122.39334,37.773518],[-122.39329,37.773476],[-122.392944,37.773476],[-122.39283,37.773563],[-122.392715,37.773563]]]]}},{"type":"Feature","properties":{"contour":14},"geometry":{"type":"MultiPolygon","coordinates":[[[[-122.408226,37.776363],[-122.40811,37.77627],[-122.40805,37.776318],[-122.40805,37.776405],[-122.408,37.77645],[-122.40788,37.77645],[-122.407715,37.776318],[-122.407715,37.775597],[-122.4076,37.775505],[-122.4076,37.775146],[-122.40783,37.774967],[-122.40783,37.774876],[-122.407715,37.774784],[-122.407715,37.774605],[-122.40777,37.77456],[-122.40788,37.77456],[-122.40805,37.774426],[-122.40783,37.774246],[-122.407936,37.774155],[-122.40788,37.77411],[-122.40777,37.7742],[-122.40765,37.7742],[-122.40743,37.77402],[-122.40732,37.77411],[-122.4072,37.77411],[-122.40709,37.77402],[-122.40686,37.77402],[-122.40681,37.773975],[-122.40681,37.773884],[-122.40692,37.773796],[-122.40692,37.773705],[-122.40681,37.773613],[-122.40681,37.773434],[-122.40669,37.773342],[-122.40669,37.773163],[-122.40681,37.773075],[-122.40681,37.772892],[-122.40686,37.77285],[-122.40692,37.772892],[-122.40692,37.772984],[-122.406975,37.77303],[-122.40743,37.77303],[-122.407715,37.772804],[-122.407715,37.77262],[-122.407486,37.77244],[-122.407486,37.772354],[-122.40737,37.772263],[-122.40743,37.772217],[-122.40754,37.772217],[-122.4076,37.77217],[-122.4076,37.772083],[-122.40754,37.772038],[-122.40743,37.772038],[-122.40737,37.772083],[-122.40737,37.77217],[-122.40732,37.772217],[-122.40726,37.77217],[-122.40726,37.772083],[-122.40714,37.77199],[-122.40714,37.771904],[-122.40709,37.77186],[-122.40686,37.77186],[-122.40663,37.772038],[-122.40658,37.77199],[-122.40658,37.771904],[-122.406525,37.77186],[-122.40635,37.77199],[-122.40635,37.772083],[-122.40646,37.77217],[-122.40646,37.772263],[-122.40641,37.77231],[-122.406296,37.77231],[-122.406235,37.772263],[-122.406235,37.77217],[-122.40595,37.771946],[-122.40539,37.771946],[-122.405045,37.772217],[-122.404594,37.772217],[-122.40414,37.77186],[-122.40391,37.77186],[-122.40379,37.771767],[-122.40369,37.771767],[-122.40334,37.771496],[-122.402885,37.771496],[-122.4026,37.77172],[-122.4026,37.771812],[-122.40255,37.77186],[-122.40221,37.77186],[-122.40187,37.771587],[-122.40176,37.771675],[-122.40164,37.771675],[-122.40153,37.771587],[-122.4013,37.771587],[-122.401245,37.771633],[-122.401245,37.771904],[-122.40136,37.77199],[-122.40136,37.772083],[-122.40147,37.77217],[-122.40147,37.772533],[-122.401184,37.77276],[-122.40096,37.77276],[-122.40085,37.772667],[-122.400734,37.772667],[-122.40034,37.772354],[-122.40034,37.772263],[-122.40016,37.77213],[-122.39988,37.772354],[-122.39988,37.77244],[-122.399765,37.772533],[-122.399765,37.772713],[-122.39965,37.772804],[-122.39965,37.772892],[-122.39948,37.77303],[-122.399254,37.77303],[-122.39915,37.773117],[-122.39869,37.773117],[-122.398575,37.77321],[-122.39846,37.77321],[-122.39824,37.773388],[-122.398125,37.773388],[-122.397896,37.773567],[-122.39778,37.77348],[-122.39755,37.77348],[-122.39744,37.773567],[-122.39732,37.773567],[-122.39722,37.77366],[-122.3971,37.77366],[-122.39687,37.773838],[-122.396706,37.773705],[-122.39676,37.77366],[-122.39687,37.77366],[-122.397156,37.773434],[-122.397156,37.773342],[-122.39704,37.773254],[-122.39704,37.773163],[-122.39676,37.772938],[-122.396645,37.772938],[-122.39653,37.77303],[-122.396194,37.77303],[-122.39613,37.773075],[-122.39613,37.773163],[-122.39608,37.77321],[-122.39585,37.77321],[-122.3958,37.773163],[-122.3958,37.773075],[-122.39574,37.77303],[-122.39551,37.773018],[-122.39529,37.773018],[-122.39521,37.773075],[-122.39483,37.773468],[-122.39476,37.773525],[-122.39438,37.77392],[-122.3943,37.773975],[-122.39347,37.77437],[-122.393394,37.774426],[-122.39301,37.77482],[-122.392944,37.774876],[-122.392105,37.77527],[-122.39204,37.775326],[-122.391655,37.77572],[-122.39158,37.775776],[-122.3912,37.77617],[-122.39113,37.776226],[-122.39075,37.776623],[-122.39067,37.776676],[-122.39029,37.777073],[-122.39022,37.777126],[-122.38915,37.777523],[-122.3891,37.777576],[-122.3891,37.777668],[-122.38921,37.77776],[-122.38921,37.77812],[-122.38933,37.77821],[-122.38927,37.778255],[-122.38915,37.778255],[-122.38904,37.778343],[-122.38882,37.778343],[-122.3887,37.778255],[-122.38859,37.778255],[-122.388535,37.77821],[-122.38864,37.77812],[-122.38864,37.77803],[-122.38859,37.777973],[-122.38813,37.777973],[-122.38806,37.77803],[-122.38768,37.778423],[-122.38761,37.77848],[-122.38761,37.77866],[-122.387794,37.778793],[-122.38791,37.778706],[-122.38796,37.77875],[-122.38796,37.77884],[-122.38791,37.778885],[-122.38768,37.778885],[-122.38761,37.77893],[-122.38761,37.77911],[-122.38763,37.7792],[-122.38763,37.77938],[-122.38761,37.77947],[-122.38761,37.77974],[-122.38768,37.779877],[-122.38761,37.779922],[-122.38761,37.78001],[-122.38763,37.7801],[-122.38763,37.78028],[-122.38761,37.780373],[-122.38722,37.781578],[-122.38677,37.781578],[-122.38671,37.78163],[-122.38671,37.781994],[-122.38689,37.782127],[-122.38722,37.782127],[-122.38734,37.78204],[-122.3874,37.78208],[-122.3874,37.782265],[-122.38728,37.782352],[-122.38728,37.782623],[-122.38734,37.78267],[-122.38791,37.78267],[-122.38819,37.782894],[-122.38819,37.783165],[-122.38802,37.7833],[-122.387794,37.7833],[-122.38773,37.783344],[-122.38773,37.783524],[-122.38802,37.78375],[-122.38813,37.78375],[-122.38819,37.783794],[-122.38819,37.783886],[-122.388245,37.78393],[-122.38836,37.78393],[-122.38842,37.783974],[-122.388245,37.78411],[-122.38791,37.78411],[-122.38768,37.78429],[-122.38761,37.784336],[-122.38761,37.785057],[-122.387794,37.78519],[-122.38791,37.78519],[-122.38796,37.785236],[-122.38796,37.785328],[-122.38791,37.78537],[-122.38768,37.78537],[-122.38761,37.785416],[-122.38763,37.7856],[-122.38768,37.78564],[-122.38791,37.78546],[-122.38802,37.78546],[-122.388245,37.78564],[-122.38836,37.78564],[-122.38847,37.785732],[-122.38859,37.785732],[-122.38864,37.785778],[-122.38864,37.785957],[-122.388756,37.78605],[-122.3887,37.78609],[-122.38847,37.78609],[-122.38842,37.78605],[-122.38842,37.785866],[-122.38836,37.785824],[-122.388245,37.785824],[-122.38813,37.785732],[-122.38796,37.785866],[-122.38796,37.78605],[-122.38802,37.78609],[-122.38813,37.78609],[-122.38819,37.786137],[-122.38813,37.786182],[-122.38802,37.786182],[-122.38796,37.78623],[-122.38796,37.7865],[-122.38791,37.78654],[-122.387794,37.78654],[-122.38751,37.78677],[-122.38751,37.78695],[-122.38745,37.786995],[-122.38734,37.786995],[-122.38728,37.787037],[-122.38728,37.78713],[-122.38734,37.787174],[-122.38745,37.787174],[-122.38785,37.787487],[-122.38785,37.78758],[-122.38773,37.78767],[-122.38796,37.78785],[-122.38796,37.78794],[-122.38813,37.788074],[-122.38819,37.78803],[-122.38819,37.78794],[-122.388245,37.787895],[-122.38836,37.787895],[-122.388535,37.787758],[-122.388535,37.78767],[-122.38859,37.787624],[-122.38893,37.787624],[-122.38915,37.787445],[-122.38927,37.787445],[-122.389496,37.787624],[-122.38961,37.787624],[-122.38984,37.787804],[-122.390175,37.787533],[-122.39052,37.787533],[-122.390915,37.78785],[-122.390915,37.78794],[-122.39097,37.787983],[-122.39131,37.787983],[-122.391365,37.78794],[-122.391365,37.78785],[-122.39171,37.78758],[-122.39171,37.787487],[-122.39177,37.787445],[-122.392105,37.787445],[-122.39222,37.787533],[-122.392334,37.787533],[-122.39268,37.787262],[-122.3929,37.787262],[-122.39336,37.786903],[-122.39347,37.786903],[-122.39375,37.78713],[-122.39375,37.787308],[-122.393524,37.787487],[-122.39375,37.78767],[-122.39369,37.787716],[-122.393585,37.787716],[-122.393524,37.787758],[-122.393524,37.78785],[-122.393585,37.787895],[-122.39381,37.787895],[-122.39392,37.787983],[-122.39398,37.78794],[-122.39398,37.78785],[-122.394035,37.787804],[-122.39438,37.787804],[-122.39449,37.787716],[-122.394714,37.787716],[-122.39489,37.78785],[-122.39489,37.78794],[-122.39494,37.787983],[-122.39517,37.787983],[-122.395454,37.787758],[-122.395454,37.78767],[-122.39562,37.787533],[-122.39574,37.787533],[-122.3958,37.78758],[-122.3958,37.78767],[-122.39602,37.78785],[-122.39602,37.78794],[-122.39608,37.787983],[-122.39653,37.787983],[-122.39659,37.78803],[-122.39659,37.78812],[-122.396706,37.788208],[-122.396706,37.78839],[-122.39676,37.788433],[-122.39687,37.788433],[-122.39704,37.7883],[-122.39704,37.788208],[-122.39732,37.787983],[-122.39744,37.787983],[-122.39778,37.787716],[-122.397896,37.787716],[-122.398125,37.787895],[-122.39824,37.787895],[-122.39841,37.78803],[-122.39841,37.788208],[-122.39829,37.7883],[-122.398346,37.788345],[-122.39846,37.788254],[-122.39869,37.788254],[-122.3988,37.788345],[-122.39886,37.7883],[-122.39886,37.78812],[-122.39903,37.787983],[-122.39915,37.787983],[-122.399254,37.788074],[-122.39937,37.788074],[-122.39971,37.788345],[-122.399826,37.788345],[-122.39994,37.788254],[-122.400055,37.788345],[-122.40011,37.7883],[-122.399994,37.788208],[-122.400055,37.788166],[-122.40016,37.788166],[-122.40039,37.787983],[-122.40062,37.787983],[-122.400734,37.787895],[-122.40085,37.787895],[-122.40096,37.787983],[-122.4013,37.787983],[-122.40136,37.78794],[-122.40136,37.78785],[-122.401245,37.787758],[-122.401245,37.78758],[-122.4013,37.787533],[-122.40141,37.787533],[-122.40158,37.78767],[-122.40158,37.787758],[-122.40164,37.787804],[-122.40187,37.787804],[-122.40209,37.787983],[-122.40232,37.787804],[-122.402435,37.787895],[-122.402664,37.787895],[-122.40272,37.78785],[-122.40272,37.78767],[-122.40278,37.787624],[-122.402885,37.787716],[-122.403,37.787716],[-122.40306,37.787758],[-122.40306,37.78785],[-122.40323,37.787983],[-122.40334,37.787983],[-122.40346,37.787895],[-122.40357,37.787895],[-122.40369,37.787804],[-122.40379,37.787804],[-122.40397,37.78767],[-122.40397,37.787487],[-122.40408,37.7874],[-122.40408,37.787308],[-122.4042,37.78722],[-122.4042,37.78713],[-122.40414,37.787083],[-122.40369,37.787083],[-122.403625,37.787037],[-122.403625,37.78695],[-122.40369,37.786903],[-122.40379,37.786903],[-122.40391,37.78681],[-122.40402,37.78681],[-122.40408,37.78677],[-122.40408,37.78668],[-122.404305,37.7865],[-122.404305,37.786137],[-122.40425,37.78609],[-122.40414,37.78609],[-122.40408,37.78605],[-122.40414,37.786003],[-122.404366,37.786003],[-122.40448,37.78609],[-122.4047,37.78609],[-122.40476,37.786137],[-122.40476,37.786316],[-122.404816,37.78636],[-122.405045,37.78636],[-122.40516,37.786274],[-122.40527,37.78636],[-122.40533,37.786316],[-122.40533,37.78623],[-122.40527,37.786182],[-122.40516,37.786182],[-122.405106,37.786137],[-122.40516,37.78609],[-122.40539,37.78609],[-122.40562,37.786274],[-122.40572,37.786274],[-122.405785,37.78623],[-122.40567,37.786137],[-122.40567,37.785957],[-122.40572,37.78591],[-122.40584,37.78591],[-122.4059,37.785957],[-122.4059,37.78605],[-122.40601,37.786137],[-122.40601,37.78623],[-122.40607,37.786274],[-122.40618,37.786182],[-122.406296,37.786182],[-122.40635,37.786137],[-122.40635,37.78605],[-122.406525,37.78591],[-122.40663,37.78591],[-122.40669,37.785866],[-122.40669,37.7856],[-122.40658,37.785507],[-122.40658,37.785416],[-122.40669,37.785328],[-122.40658,37.785236],[-122.40658,37.785145],[-122.40669,37.785057],[-122.40669,37.784966],[-122.40663,37.78492],[-122.406525,37.78492],[-122.40641,37.78501],[-122.406296,37.78501],[-122.40612,37.784878],[-122.40612,37.784786],[-122.406235,37.784695],[-122.406235,37.784607],[-122.40635,37.784515],[-122.40635,37.784336],[-122.40601,37.784065],[-122.40601,37.783886],[-122.4059,37.783794],[-122.4059,37.783707],[-122.40595,37.78366],[-122.40607,37.78366],[-122.40612,37.783615],[-122.40612,37.783524],[-122.40601,37.783436],[-122.40601,37.783344],[-122.40607,37.7833],[-122.40618,37.7833],[-122.406235,37.783253],[-122.406235,37.783073],[-122.40612,37.782986],[-122.40612,37.782803],[-122.40618,37.78276],[-122.406296,37.78276],[-122.40635,37.782715],[-122.40635,37.782352],[-122.40646,37.782265],[-122.40646,37.782173],[-122.40635,37.78208],[-122.40635,37.781994],[-122.406235,37.781902],[-122.406235,37.78163],[-122.40612,37.781544],[-122.40618,37.781498],[-122.40641,37.781498],[-122.40646,37.781452],[-122.40646,37.78118],[-122.406296,37.781048],[-122.40618,37.781048],[-122.40612,37.781002],[-122.406235,37.78091],[-122.406235,37.78073],[-122.406296,37.780685],[-122.40641,37.780685],[-122.40646,37.780643],[-122.40646,37.78046],[-122.406235,37.78028],[-122.406235,37.7801],[-122.40635,37.78001],[-122.40635,37.77983],[-122.40641,37.779785],[-122.406525,37.779785],[-122.40658,37.77983],[-122.40658,37.7801],[-122.406746,37.780235],[-122.40686,37.780235],[-122.406975,37.780148],[-122.4072,37.780327],[-122.40726,37.78028],[-122.40726,37.78019],[-122.40732,37.780148],[-122.40743,37.780148],[-122.407486,37.78019],[-122.407486,37.78028],[-122.40754,37.780327],[-122.40765,37.780327],[-122.407715,37.78028],[-122.4076,37.78019],[-122.407715,37.7801],[-122.4076,37.78001],[-122.4076,37.77983],[-122.407715,37.77974],[-122.40765,37.779697],[-122.40754,37.779697],[-122.40726,37.77947],[-122.40726,37.77929],[-122.40714,37.7792],[-122.40714,37.77875],[-122.40743,37.778522],[-122.40754,37.778522],[-122.4076,37.77848],[-122.4076,37.778297],[-122.40765,37.778255],[-122.40777,37.778255],[-122.40783,37.77821],[-122.40783,37.77812],[-122.407936,37.77803],[-122.407936,37.77794],[-122.40805,37.777847],[-122.40805,37.77776],[-122.40783,37.777576],[-122.40783,37.777126],[-122.407715,37.77704],[-122.40777,37.776993],[-122.40811,37.776993],[-122.408165,37.776947],[-122.408165,37.77686],[-122.408226,37.776814],[-122.40834,37.776814],[-122.408394,37.776768],[-122.40828,37.776676],[-122.40828,37.776497],[-122.408394,37.776405],[-122.40834,37.776363],[-122.408226,37.776363]]],[[[-122.3929,37.772938],[-122.392784,37.77303],[-122.39245,37.77303],[-122.39239,37.772984],[-122.3925,37.772892],[-122.3925,37.772804],[-122.392334,37.772667],[-122.39222,37.772667],[-122.392105,37.77276],[-122.39199,37.77276],[-122.39177,37.77258],[-122.39154,37.77258],[-122.391426,37.772488],[-122.39103,37.772804],[-122.39103,37.773075],[-122.39114,37.773163],[-122.390915,37.773342],[-122.390915,37.773434],[-122.3908,37.773525],[-122.3908,37.773613],[-122.390686,37.773705],[-122.390686,37.773884],[-122.39052,37.77402],[-122.39029,37.77402],[-122.390236,37.773975],[-122.390236,37.773613],[-122.39006,37.77348],[-122.389946,37.773567],[-122.38984,37.773567],[-122.38978,37.773613],[-122.38978,37.773705],[-122.38966,37.773796],[-122.38966,37.773884],[-122.389725,37.77393],[-122.38984,37.77393],[-122.39001,37.774063],[-122.389946,37.77411],[-122.38984,37.77411],[-122.389496,37.77438],[-122.38927,37.77438],[-122.38915,37.77429],[-122.388756,37.774605],[-122.388756,37.774784],[-122.388535,37.774967],[-122.388535,37.775146],[-122.38847,37.775192],[-122.38813,37.775192],[-122.38808,37.775234],[-122.38808,37.775326],[-122.38785,37.775505],[-122.38785,37.775597],[-122.387794,37.775642],[-122.38763,37.775505],[-122.38763,37.775417],[-122.387566,37.77537],[-122.38745,37.77546],[-122.38734,37.77546],[-122.38722,37.77555],[-122.387115,37.77555],[-122.387054,37.775597],[-122.387054,37.77569],[-122.38717,37.775776],[-122.387115,37.77582],[-122.387,37.77582],[-122.38694,37.775867],[-122.38694,37.776047],[-122.38728,37.776318],[-122.38728,37.776497],[-122.38717,37.77659],[-122.38722,37.77664],[-122.390175,37.77664],[-122.39025,37.77659],[-122.39063,37.77619],[-122.3907,37.77614],[-122.39108,37.77574],[-122.39116,37.77569],[-122.39154,37.77529],[-122.39161,37.775234],[-122.39245,37.77484],[-122.39252,37.774784],[-122.3929,37.77439],[-122.392975,37.774334],[-122.39336,37.77394],[-122.393425,37.773884],[-122.39381,37.77349],[-122.39387,37.773434],[-122.39375,37.773254],[-122.39369,37.77321],[-122.393585,37.773117],[-122.39347,37.773117],[-122.39336,37.77303],[-122.39313,37.77303],[-122.39301,37.772938],[-122.3929,37.772938]]]]}},{"type":"Feature","properties":{"contour":15},"geometry":{"type":"MultiPolygon","coordinates":[[[[-122.408806,37.776093],[-122.40892,37.776093],[-122.40897,37.77605],[-122.40897,37.77596],[-122.40886,37.775867],[-122.40886,37.77569],[-122.408806,37.775642],[-122.40869,37.775734],[-122.4079,37.775734],[-122.407616,37.77551],[-122.407616,37.77515],[-122.40778,37.775013],[-122.40813,37.775013],[-122.40824,37.775105],[-122.40858,37.775105],[-122.40864,37.77506],[-122.40852,37.774967],[-122.40852,37.774696],[-122.40841,37.77461],[-122.40841,37.774067],[-122.40846,37.77402],[-122.40858,37.77402],[-122.40864,37.773975],[-122.40864,37.773796],[-122.40858,37.77375],[-122.40846,37.77375],[-122.40841,37.77371],[-122.40841,37.773617],[-122.408295,37.773525],[-122.408295,37.773346],[-122.40824,37.7733],[-122.40813,37.7733],[-122.408066,37.77326],[-122.408066,37.772987],[-122.40773,37.772717],[-122.40773,37.772537],[-122.40784,37.772446],[-122.40784,37.771996],[-122.40795,37.771904],[-122.40795,37.771633],[-122.40784,37.771545],[-122.40784,37.771454],[-122.40778,37.771408],[-122.407555,37.771408],[-122.40733,37.77159],[-122.40727,37.771545],[-122.40727,37.771366],[-122.40699,37.771137],[-122.406876,37.77123],[-122.40653,37.77123],[-122.406425,37.77132],[-122.40597,37.77132],[-122.40574,37.771137],[-122.405174,37.771137],[-122.404945,37.77132],[-122.40472,37.77132],[-122.40466,37.771275],[-122.40466,37.771183],[-122.404495,37.77105],[-122.40438,37.771137],[-122.40427,37.771137],[-122.40415,37.77105],[-122.403984,37.771183],[-122.403984,37.771275],[-122.40404,37.77132],[-122.40415,37.77132],[-122.404205,37.771366],[-122.403984,37.771545],[-122.40415,37.77168],[-122.40427,37.77168],[-122.40432,37.771725],[-122.40432,37.771816],[-122.40427,37.77186],[-122.40392,37.77186],[-122.40381,37.77177],[-122.403694,37.77177],[-122.40364,37.771725],[-122.40364,37.771633],[-122.40341,37.771454],[-122.40341,37.771366],[-122.40336,37.77132],[-122.403244,37.77132],[-122.40313,37.771408],[-122.403015,37.771408],[-122.402565,37.77177],[-122.40245,37.77177],[-122.40239,37.771725],[-122.40239,37.771633],[-122.40262,37.771454],[-122.40262,37.771183],[-122.40245,37.77105],[-122.40211,37.77105],[-122.40199,37.771137],[-122.40177,37.770958],[-122.40148,37.771183],[-122.40148,37.771275],[-122.401146,37.771545],[-122.401146,37.771633],[-122.40103,37.771725],[-122.40103,37.771816],[-122.40097,37.77186],[-122.400635,37.77186],[-122.40057,37.771904],[-122.40057,37.771996],[-122.40046,37.772083],[-122.40046,37.772354],[-122.400406,37.7724],[-122.40035,37.772354],[-122.40035,37.772266],[-122.40018,37.77213],[-122.39978,37.772446],[-122.39978,37.772717],[-122.399666,37.772804],[-122.399666,37.772896],[-122.3995,37.77303],[-122.39927,37.77303],[-122.399155,37.77312],[-122.398705,37.77312],[-122.39859,37.773212],[-122.398476,37.773212],[-122.39825,37.77339],[-122.39813,37.77339],[-122.398026,37.773483],[-122.39768,37.773483],[-122.397514,37.773346],[-122.397514,37.773167],[-122.3974,37.773075],[-122.3974,37.772987],[-122.397285,37.772896],[-122.397285,37.772717],[-122.397,37.77249],[-122.39689,37.77258],[-122.396774,37.77258],[-122.39643,37.77285],[-122.39638,37.772804],[-122.39638,37.772717],[-122.39621,37.77258],[-122.39613,37.772625],[-122.3953,37.77302],[-122.395226,37.773075],[-122.394844,37.77347],[-122.394775,37.773525],[-122.394394,37.773922],[-122.39432,37.773975],[-122.393486,37.774372],[-122.39341,37.77443],[-122.39303,37.774822],[-122.39296,37.77488],[-122.39212,37.775272],[-122.39205,37.77533],[-122.39167,37.775723],[-122.391594,37.77578],[-122.39121,37.776173],[-122.39114,37.77623],[-122.390755,37.776623],[-122.390686,37.77668],[-122.390305,37.777073],[-122.390236,37.77713],[-122.38894,37.777523],[-122.38887,37.77758],[-122.38803,37.777977],[-122.38796,37.77803],[-122.38758,37.778427],[-122.38751,37.77848],[-122.385765,37.78149],[-122.385704,37.781544],[-122.38582,37.781727],[-122.385704,37.781815],[-122.38582,37.781906],[-122.38582,37.781994],[-122.38593,37.782085],[-122.38582,37.782177],[-122.38582,37.782265],[-122.38605,37.782448],[-122.38605,37.782536],[-122.386215,37.782673],[-122.38633,37.782673],[-122.38656,37.782852],[-122.3869,37.782852],[-122.38702,37.78276],[-122.38724,37.78276],[-122.3873,37.782806],[-122.38735,37.782864],[-122.38758,37.78329],[-122.38751,37.783348],[-122.38702,37.78554],[-122.386955,37.7856],[-122.38707,37.785778],[-122.38753,37.78614],[-122.38753,37.786232],[-122.38747,37.786274],[-122.38735,37.786274],[-122.387184,37.78641],[-122.387184,37.7865],[-122.38707,37.78659],[-122.38707,37.786682],[-122.38628,37.78731],[-122.38639,37.787403],[-122.38639,37.78749],[-122.38656,37.78763],[-122.38667,37.78763],[-122.38679,37.787537],[-122.3869,37.787537],[-122.38712,37.787716],[-122.38781,37.787716],[-122.38786,37.78776],[-122.38786,37.788033],[-122.38798,37.788124],[-122.38798,37.78839],[-122.38803,37.788437],[-122.388374,37.788437],[-122.38877,37.788124],[-122.38877,37.788033],[-122.38894,37.787895],[-122.389,37.78794],[-122.389,37.788124],[-122.38866,37.78839],[-122.38866,37.788483],[-122.38872,37.78853],[-122.38905,37.78853],[-122.38928,37.78835],[-122.38951,37.78835],[-122.38974,37.788166],[-122.38985,37.788166],[-122.390305,37.78853],[-122.390755,37.78853],[-122.390816,37.788483],[-122.390816,37.78821],[-122.39087,37.788166],[-122.3911,37.788166],[-122.39121,37.78808],[-122.39144,37.78808],[-122.391495,37.788124],[-122.39144,37.788166],[-122.39133,37.788166],[-122.391266,37.78821],[-122.391266,37.788303],[-122.39138,37.78839],[-122.39138,37.788483],[-122.39144,37.78853],[-122.39212,37.78853],[-122.39252,37.78821],[-122.39252,37.788124],[-122.39229,37.78794],[-122.3924,37.787853],[-122.39229,37.78776],[-122.39229,37.78749],[-122.39258,37.787266],[-122.3928,37.787266],[-122.393196,37.787582],[-122.393196,37.787853],[-122.392975,37.788033],[-122.392975,37.788124],[-122.39286,37.78821],[-122.39286,37.788303],[-122.392914,37.78835],[-122.393486,37.78835],[-122.39371,37.78853],[-122.39377,37.788483],[-122.39377,37.78839],[-122.39382,37.78835],[-122.393936,37.78835],[-122.39405,37.788437],[-122.39428,37.788437],[-122.394394,37.78853],[-122.39445,37.788483],[-122.39445,37.788303],[-122.3945,37.788258],[-122.394615,37.788258],[-122.39473,37.78835],[-122.394844,37.78835],[-122.39507,37.78853],[-122.39519,37.78853],[-122.3953,37.788616],[-122.39575,37.788258],[-122.39581,37.788303],[-122.39581,37.788662],[-122.39592,37.788754],[-122.39581,37.78884],[-122.39587,37.788887],[-122.396095,37.788887],[-122.396545,37.78853],[-122.39689,37.78853],[-122.397,37.788616],[-122.39712,37.788616],[-122.397224,37.788708],[-122.397285,37.788662],[-122.397285,37.788483],[-122.39734,37.788437],[-122.39757,37.788437],[-122.39763,37.78839],[-122.39763,37.787853],[-122.3978,37.787716],[-122.39791,37.787716],[-122.39813,37.787895],[-122.39825,37.787895],[-122.39831,37.787853],[-122.39831,37.78767],[-122.39836,37.78763],[-122.398476,37.78763],[-122.39859,37.787716],[-122.39864,37.78767],[-122.39864,37.787582],[-122.398705,37.787537],[-122.39887,37.78767],[-122.39876,37.78776],[-122.39876,37.78794],[-122.398705,37.787987],[-122.39859,37.787987],[-122.398476,37.787895],[-122.39842,37.78794],[-122.39842,37.78821],[-122.39836,37.788258],[-122.39831,37.78821],[-122.39831,37.788033],[-122.39825,37.787987],[-122.39819,37.788033],[-122.39819,37.78839],[-122.39813,37.788437],[-122.3978,37.788437],[-122.397736,37.788483],[-122.397736,37.788574],[-122.39785,37.788662],[-122.39785,37.78884],[-122.39791,37.788887],[-122.39813,37.788887],[-122.398476,37.788616],[-122.39859,37.788616],[-122.398705,37.788708],[-122.39882,37.788708],[-122.39887,37.788754],[-122.39887,37.78884],[-122.39905,37.78898],[-122.399216,37.78884],[-122.399216,37.788754],[-122.39927,37.788708],[-122.39938,37.7888],[-122.3995,37.7888],[-122.39973,37.788616],[-122.39984,37.788616],[-122.399895,37.788662],[-122.399895,37.788754],[-122.39978,37.78884],[-122.39984,37.788887],[-122.40029,37.788887],[-122.40035,37.78884],[-122.40035,37.788754],[-122.400406,37.788708],[-122.40052,37.788708],[-122.40075,37.788887],[-122.401085,37.788887],[-122.401146,37.78884],[-122.401146,37.788662],[-122.40103,37.788574],[-122.40103,37.78839],[-122.401085,37.78835],[-122.401146,37.78839],[-122.401146,37.788483],[-122.4012,37.78853],[-122.40131,37.78853],[-122.40143,37.788616],[-122.40154,37.788616],[-122.40166,37.78853],[-122.40177,37.78853],[-122.40194,37.78839],[-122.40194,37.788303],[-122.402054,37.78821],[-122.40177,37.787987],[-122.40166,37.787987],[-122.401596,37.78794],[-122.401596,37.787853],[-122.40166,37.787807],[-122.40177,37.787807],[-122.40211,37.78808],[-122.402336,37.78808],[-122.40239,37.788124],[-122.402275,37.78821],[-122.402275,37.788303],[-122.402336,37.78835],[-122.40245,37.78835],[-122.402504,37.78839],[-122.402504,37.788483],[-122.402565,37.78853],[-122.40262,37.788483],[-122.40262,37.78839],[-122.40268,37.78835],[-122.40279,37.78835],[-122.40296,37.788483],[-122.40296,37.788574],[-122.403015,37.788616],[-122.403244,37.788437],[-122.40347,37.788616],[-122.40392,37.788616],[-122.403984,37.788574],[-122.403984,37.788303],[-122.40404,37.788258],[-122.40438,37.788258],[-122.404434,37.78821],[-122.404434,37.78776],[-122.40432,37.78767],[-122.40432,37.787582],[-122.40438,37.787537],[-122.404495,37.787537],[-122.40455,37.78749],[-122.40455,37.787403],[-122.40466,37.78731],[-122.40455,37.78722],[-122.40455,37.78704],[-122.4046,37.786995],[-122.40483,37.786995],[-122.404945,37.787086],[-122.40506,37.787086],[-122.40511,37.78704],[-122.40511,37.78677],[-122.40523,37.786682],[-122.40523,37.78659],[-122.4054,37.786457],[-122.40585,37.786457],[-122.405914,37.7865],[-122.405914,37.786682],[-122.4062,37.786907],[-122.406425,37.786907],[-122.40682,37.78659],[-122.40682,37.78614],[-122.40699,37.786003],[-122.40733,37.786003],[-122.4075,37.78587],[-122.4075,37.785328],[-122.40744,37.785286],[-122.40733,37.785286],[-122.40727,37.78524],[-122.40727,37.78497],[-122.40716,37.784878],[-122.40716,37.78479],[-122.40704,37.7847],[-122.40704,37.784607],[-122.40693,37.78452],[-122.40693,37.784428],[-122.40676,37.784294],[-122.40653,37.784294],[-122.406425,37.78438],[-122.406364,37.78434],[-122.406364,37.78425],[-122.40602,37.783978],[-122.40602,37.783707],[-122.40608,37.78366],[-122.4062,37.78366],[-122.40625,37.783707],[-122.40625,37.7838],[-122.40631,37.783844],[-122.406876,37.783844],[-122.40693,37.7838],[-122.40693,37.78362],[-122.40682,37.783527],[-122.40682,37.783436],[-122.40671,37.783348],[-122.40671,37.783257],[-122.40676,37.78321],[-122.406876,37.78321],[-122.40699,37.783302],[-122.40704,37.783257],[-122.40682,37.783077],[-122.406876,37.78303],[-122.40699,37.78303],[-122.40716,37.782898],[-122.407104,37.782852],[-122.40699,37.782852],[-122.40693,37.782806],[-122.40693,37.782448],[-122.40682,37.782356],[-122.40682,37.782085],[-122.40693,37.781994],[-122.40693,37.781906],[-122.40704,37.781815],[-122.40704,37.781635],[-122.40716,37.781544],[-122.40716,37.781456],[-122.40699,37.78132],[-122.40693,37.781364],[-122.40693,37.781456],[-122.406876,37.7815],[-122.40682,37.781456],[-122.40682,37.781364],[-122.40671,37.781277],[-122.40671,37.781094],[-122.40659,37.781006],[-122.40659,37.780735],[-122.40665,37.78069],[-122.406876,37.78087],[-122.407104,37.78087],[-122.40716,37.780823],[-122.40716,37.780643],[-122.40693,37.780464],[-122.40693,37.780373],[-122.40699,37.78033],[-122.407104,37.78033],[-122.407555,37.78069],[-122.40767,37.78069],[-122.40773,37.780735],[-122.40773,37.780823],[-122.40778,37.78087],[-122.40835,37.78087],[-122.40841,37.780823],[-122.408295,37.780735],[-122.408295,37.780643],[-122.40841,37.780556],[-122.40841,37.780285],[-122.40835,37.78024],[-122.40824,37.78024],[-122.40818,37.780193],[-122.40818,37.780106],[-122.40841,37.779922],[-122.40841,37.779835],[-122.408295,37.779743],[-122.408295,37.77965],[-122.40818,37.779564],[-122.40818,37.779385],[-122.408066,37.779293],[-122.408066,37.7792],[-122.40813,37.77916],[-122.40835,37.77916],[-122.40841,37.779114],[-122.40841,37.778843],[-122.40852,37.77875],[-122.40841,37.778664],[-122.40841,37.778572],[-122.40835,37.778526],[-122.40801,37.778526],[-122.4079,37.778618],[-122.40778,37.778618],[-122.40767,37.778706],[-122.407616,37.778664],[-122.407616,37.778393],[-122.408066,37.77803],[-122.408066,37.77776],[-122.40824,37.777626],[-122.40835,37.777718],[-122.40852,37.77758],[-122.40852,37.77695],[-122.40858,37.776905],[-122.40869,37.776905],[-122.40886,37.77677],[-122.40886,37.77668],[-122.40897,37.77659],[-122.40909,37.7765],[-122.40909,37.77641],[-122.409035,37.776363],[-122.40892,37.776363],[-122.408745,37.77623],[-122.408745,37.77614],[-122.408806,37.776093]]],[[[-122.393196,37.772625],[-122.393196,37.772717],[-122.39303,37.77285],[-122.392975,37.772804],[-122.392975,37.772625],[-122.392746,37.772446],[-122.392746,37.772354],[-122.39263,37.772266],[-122.39263,37.772175],[-122.39246,37.77204],[-122.392235,37.77204],[-122.39217,37.772083],[-122.39217,37.772175],[-122.39212,37.77222],[-122.39178,37.77222],[-122.39172,37.772175],[-122.39172,37.772083],[-122.39184,37.771996],[-122.391556,37.77177],[-122.39144,37.77177],[-122.39133,37.77186],[-122.39121,37.77186],[-122.391045,37.771996],[-122.391266,37.772175],[-122.391266,37.772266],[-122.39121,37.772312],[-122.3911,37.772312],[-122.39098,37.7724],[-122.39087,37.7724],[-122.390816,37.772446],[-122.390816,37.772625],[-122.390755,37.77267],[-122.39065,37.77258],[-122.39047,37.772717],[-122.39047,37.772804],[-122.39025,37.772987],[-122.39025,37.773075],[-122.39019,37.77312],[-122.390076,37.77312],[-122.39002,37.773075],[-122.39002,37.772896],[-122.38985,37.772762],[-122.38974,37.772762],[-122.38968,37.772804],[-122.38968,37.772896],[-122.389626,37.77294],[-122.3894,37.77294],[-122.38934,37.772987],[-122.389626,37.773212],[-122.38974,37.773212],[-122.38979,37.77326],[-122.38968,37.773346],[-122.38968,37.773438],[-122.38979,37.773525],[-122.38979,37.77371],[-122.38968,37.773796],[-122.38968,37.773888],[-122.38979,37.773975],[-122.38979,37.77416],[-122.38951,37.774384],[-122.38928,37.774384],[-122.389114,37.774246],[-122.389114,37.774067],[-122.38905,37.77402],[-122.38877,37.774246],[-122.38877,37.774788],[-122.38872,37.774834],[-122.3886,37.774834],[-122.38854,37.77488],[-122.38854,37.774967],[-122.38849,37.775013],[-122.388374,37.77492],[-122.38826,37.77492],[-122.38821,37.77488],[-122.38821,37.774788],[-122.38803,37.774654],[-122.38786,37.774788],[-122.38786,37.77488],[-122.38781,37.77492],[-122.387695,37.77492],[-122.38753,37.774788],[-122.38753,37.77461],[-122.38747,37.774563],[-122.387184,37.774788],[-122.387184,37.77488],[-122.38717,37.774967],[-122.38702,37.775272],[-122.386955,37.77533],[-122.38684,37.77551],[-122.38684,37.7756],[-122.38639,37.77596],[-122.38639,37.77614],[-122.386444,37.776196],[-122.38717,37.77659],[-122.38724,37.776646],[-122.39019,37.776646],[-122.39026,37.77659],[-122.39065,37.776196],[-122.39072,37.77614],[-122.3911,37.775745],[-122.39117,37.77569],[-122.391556,37.775295],[-122.391624,37.775238],[-122.39246,37.774845],[-122.39253,37.774788],[-122.392914,37.774395],[-122.39298,37.774338],[-122.39337,37.773945],[-122.39344,37.773888],[-122.39382,37.773495],[-122.39389,37.773438],[-122.39473,37.77304],[-122.3948,37.772987],[-122.39479,37.772804],[-122.394615,37.77267],[-122.3945,37.77267],[-122.394165,37.7724],[-122.39371,37.7724],[-122.393486,37.77258],[-122.39326,37.77258],[-122.393196,37.772625]]]]}},{"type":"Feature","properties":{"contour":16},"geometry":{"type":"MultiPolygon","coordinates":[[[[-122.40977,37.774387],[-122.409424,37.774387],[-122.40937,37.77434],[-122.40937,37.774162],[-122.409256,37.77407],[-122.409256,37.773983],[-122.409195,37.773937],[-122.40909,37.773937],[-122.40903,37.77389],[-122.40903,37.7738],[-122.40937,37.77353],[-122.40914,37.77335],[-122.40914,37.773262],[-122.40897,37.773125],[-122.40886,37.773125],[-122.4088,37.77308],[-122.40891,37.77299],[-122.40891,37.77272],[-122.40886,37.772675],[-122.408745,37.772675],[-122.408516,37.772495],[-122.4084,37.772495],[-122.40829,37.772404],[-122.408066,37.772404],[-122.407776,37.77218],[-122.407776,37.77209],[-122.40789,37.772],[-122.40789,37.77182],[-122.40795,37.771774],[-122.40818,37.771774],[-122.40823,37.77182],[-122.40823,37.772],[-122.40829,37.772045],[-122.408516,37.772045],[-122.40868,37.771908],[-122.40868,37.77173],[-122.4088,37.771637],[-122.4088,37.77155],[-122.40903,37.77137],[-122.40903,37.771187],[-122.408745,37.77096],[-122.40863,37.77096],[-122.408516,37.770874],[-122.40829,37.770874],[-122.40818,37.77096],[-122.40795,37.77096],[-122.40789,37.771008],[-122.40789,37.7711],[-122.40784,37.771145],[-122.40761,37.771145],[-122.40749,37.771233],[-122.40716,37.771233],[-122.40704,37.771145],[-122.40693,37.771233],[-122.40636,37.771233],[-122.4063,37.771187],[-122.4063,37.771008],[-122.406075,37.77083],[-122.406075,37.770737],[-122.40619,37.77065],[-122.406136,37.770603],[-122.40602,37.770603],[-122.40591,37.77051],[-122.40579,37.77051],[-122.40545,37.770782],[-122.40534,37.770782],[-122.40523,37.770874],[-122.40511,37.770874],[-122.404884,37.771053],[-122.40483,37.771008],[-122.40483,37.77083],[-122.404884,37.770782],[-122.405,37.770782],[-122.40505,37.770737],[-122.40505,37.77065],[-122.405,37.770603],[-122.40477,37.770603],[-122.404655,37.77051],[-122.40454,37.770603],[-122.404434,37.770603],[-122.40432,37.77069],[-122.40398,37.77069],[-122.40386,37.770782],[-122.40375,37.770782],[-122.403465,37.771008],[-122.403465,37.7711],[-122.40335,37.771187],[-122.40335,37.77128],[-122.4033,37.771324],[-122.40318,37.771324],[-122.40307,37.77141],[-122.40284,37.77141],[-122.40267,37.77128],[-122.402725,37.771233],[-122.402954,37.771233],[-122.40313,37.7711],[-122.40313,37.771008],[-122.40324,37.77092],[-122.40318,37.770874],[-122.40307,37.770874],[-122.402725,37.770603],[-122.40239,37.770603],[-122.40233,37.77065],[-122.40233,37.770737],[-122.40256,37.77092],[-122.402504,37.77096],[-122.40171,37.77096],[-122.401535,37.77083],[-122.401535,37.770737],[-122.40125,37.77051],[-122.4008,37.77051],[-122.40063,37.77065],[-122.40063,37.770737],[-122.40029,37.771008],[-122.40029,37.7711],[-122.40018,37.771187],[-122.40018,37.771458],[-122.40029,37.77155],[-122.40029,37.772],[-122.40018,37.77209],[-122.40018,37.77218],[-122.400116,37.772224],[-122.4,37.772224],[-122.39995,37.77227],[-122.39995,37.772358],[-122.39983,37.77245],[-122.39983,37.77254],[-122.39972,37.77263],[-122.39972,37.77281],[-122.39944,37.773037],[-122.39921,37.773037],[-122.39909,37.773125],[-122.39864,37.773125],[-122.398415,37.773304],[-122.3983,37.773304],[-122.398186,37.773396],[-122.39807,37.773396],[-122.397964,37.773487],[-122.39762,37.773487],[-122.39757,37.77344],[-122.39757,37.773262],[-122.39745,37.77317],[-122.39745,37.77308],[-122.39734,37.77299],[-122.39734,37.77281],[-122.39711,37.77263],[-122.39711,37.77254],[-122.39706,37.772495],[-122.39694,37.772583],[-122.39671,37.772583],[-122.39666,37.77263],[-122.39666,37.77272],[-122.3966,37.772766],[-122.39637,37.772766],[-122.39632,37.77272],[-122.39632,37.77263],[-122.396255,37.772575],[-122.39615,37.772575],[-122.39607,37.77263],[-122.39524,37.773026],[-122.395164,37.77308],[-122.39478,37.773476],[-122.394714,37.77353],[-122.39433,37.773926],[-122.39426,37.773983],[-122.39353,37.774376],[-122.39346,37.774433],[-122.39308,37.774826],[-122.39301,37.774883],[-122.39217,37.775276],[-122.392105,37.775333],[-122.391716,37.775726],[-122.39165,37.775784],[-122.391266,37.776176],[-122.3912,37.776234],[-122.39081,37.776627],[-122.39074,37.776684],[-122.39036,37.777077],[-122.39029,37.777134],[-122.38899,37.77753],[-122.38892,37.777584],[-122.388084,37.77798],[-122.388016,37.778034],[-122.387634,37.77843],[-122.387566,37.778484],[-122.385704,37.781494],[-122.38564,37.781548],[-122.38564,37.78191],[-122.38576,37.782],[-122.38576,37.78236],[-122.38638,37.782856],[-122.3865,37.782856],[-122.38661,37.782867],[-122.38684,37.782856],[-122.386955,37.782764],[-122.38729,37.782764],[-122.38735,37.78281],[-122.387405,37.782867],[-122.387634,37.783295],[-122.387566,37.78335],[-122.38706,37.78555],[-122.38701,37.785603],[-122.38701,37.785694],[-122.38747,37.786053],[-122.38747,37.786144],[-122.38757,37.786236],[-122.38752,37.786278],[-122.387405,37.786278],[-122.38712,37.786503],[-122.38712,37.786594],[-122.38701,37.786686],[-122.38701,37.786774],[-122.38633,37.787315],[-122.38633,37.787407],[-122.386444,37.787495],[-122.386444,37.787586],[-122.3865,37.787632],[-122.38661,37.787632],[-122.38673,37.78754],[-122.386955,37.78754],[-122.38701,37.787586],[-122.38701,37.787678],[-122.38706,37.78772],[-122.38775,37.78772],[-122.3878,37.787766],[-122.3878,37.787857],[-122.38792,37.787945],[-122.38792,37.788216],[-122.38803,37.788307],[-122.38803,37.788395],[-122.388084,37.78844],[-122.38843,37.78844],[-122.38848,37.788395],[-122.38848,37.788307],[-122.38854,37.78826],[-122.38866,37.78826],[-122.38871,37.788216],[-122.38871,37.788128],[-122.38888,37.78799],[-122.38899,37.78799],[-122.38905,37.788036],[-122.38905,37.788128],[-122.38899,37.78817],[-122.38888,37.78817],[-122.388824,37.788216],[-122.388824,37.788307],[-122.38877,37.788353],[-122.38866,37.788353],[-122.388596,37.788395],[-122.388596,37.788486],[-122.38866,37.788532],[-122.38888,37.788532],[-122.38899,37.78844],[-122.38911,37.78844],[-122.38917,37.788395],[-122.38917,37.788307],[-122.38922,37.78826],[-122.389336,37.788353],[-122.389565,37.788353],[-122.38962,37.788307],[-122.38962,37.788216],[-122.38968,37.78817],[-122.389786,37.78817],[-122.39024,37.788532],[-122.39047,37.788532],[-122.39059,37.78844],[-122.39081,37.78844],[-122.39087,37.788395],[-122.39087,37.788216],[-122.39092,37.78817],[-122.39115,37.78817],[-122.391266,37.788082],[-122.39132,37.788128],[-122.39132,37.788395],[-122.391495,37.788532],[-122.39161,37.788532],[-122.391716,37.78844],[-122.39183,37.788532],[-122.39217,37.788532],[-122.392456,37.788307],[-122.392456,37.788036],[-122.39234,37.787945],[-122.39234,37.787495],[-122.392624,37.78727],[-122.39285,37.78727],[-122.39325,37.787586],[-122.39325,37.787678],[-122.393135,37.787766],[-122.393135,37.787945],[-122.392914,37.788128],[-122.392914,37.788307],[-122.39297,37.788353],[-122.393196,37.788353],[-122.39331,37.78826],[-122.393425,37.788353],[-122.39353,37.788353],[-122.39359,37.788395],[-122.39359,37.788486],[-122.39365,37.788532],[-122.393875,37.788353],[-122.39399,37.78844],[-122.39444,37.78844],[-122.3945,37.788395],[-122.39439,37.788307],[-122.39444,37.78826],[-122.39467,37.78826],[-122.39478,37.788353],[-122.3949,37.788353],[-122.39513,37.788532],[-122.39524,37.788532],[-122.39552,37.788757],[-122.39552,37.78885],[-122.39592,37.78916],[-122.396034,37.789074],[-122.39637,37.789074],[-122.396484,37.78916],[-122.3966,37.78916],[-122.39666,37.789116],[-122.39666,37.78903],[-122.39677,37.788937],[-122.39677,37.788578],[-122.39683,37.788532],[-122.39694,37.788624],[-122.39706,37.788624],[-122.39716,37.78871],[-122.397224,37.788666],[-122.397224,37.788578],[-122.39739,37.78844],[-122.39762,37.78844],[-122.397675,37.788395],[-122.397675,37.788128],[-122.39757,37.788036],[-122.39757,37.787857],[-122.397736,37.78772],[-122.39785,37.78772],[-122.397964,37.78781],[-122.39807,37.78781],[-122.398476,37.788128],[-122.398476,37.788216],[-122.398415,37.78826],[-122.3983,37.78826],[-122.39825,37.788307],[-122.39825,37.788395],[-122.398186,37.78844],[-122.39785,37.78844],[-122.39779,37.788486],[-122.39779,37.788757],[-122.3979,37.78885],[-122.39785,37.78889],[-122.397736,37.78889],[-122.39762,37.788803],[-122.39751,37.788803],[-122.39739,37.78871],[-122.39734,37.788757],[-122.39734,37.788937],[-122.39745,37.78903],[-122.39745,37.789116],[-122.39739,37.78916],[-122.39716,37.78916],[-122.39706,37.789253],[-122.39694,37.789253],[-122.39688,37.7893],[-122.39688,37.78948],[-122.39683,37.789524],[-122.39677,37.78948],[-122.39677,37.789387],[-122.39671,37.78934],[-122.3966,37.789433],[-122.396484,37.789433],[-122.39643,37.78948],[-122.396545,37.78957],[-122.396545,37.789658],[-122.39643,37.78975],[-122.39643,37.789837],[-122.396255,37.789974],[-122.39615,37.789974],[-122.39609,37.78993],[-122.39609,37.789837],[-122.3962,37.78975],[-122.3962,37.789658],[-122.39615,37.78961],[-122.39586,37.789837],[-122.39586,37.78993],[-122.39597,37.79002],[-122.39597,37.790108],[-122.39609,37.7902],[-122.39609,37.790287],[-122.3962,37.79038],[-122.3962,37.790558],[-122.39632,37.79065],[-122.39632,37.79074],[-122.396255,37.790783],[-122.39615,37.790783],[-122.39609,37.79083],[-122.39609,37.79092],[-122.39615,37.790966],[-122.396255,37.790966],[-122.39637,37.791054],[-122.396484,37.791054],[-122.396545,37.791008],[-122.396545,37.79092],[-122.3966,37.790874],[-122.39694,37.790874],[-122.396996,37.79092],[-122.396996,37.791008],[-122.39706,37.791054],[-122.39716,37.790966],[-122.39728,37.791054],[-122.39739,37.790966],[-122.39751,37.790966],[-122.39757,37.79092],[-122.39757,37.79083],[-122.397675,37.79074],[-122.397675,37.79065],[-122.39762,37.790604],[-122.39751,37.790604],[-122.39734,37.79047],[-122.39739,37.790424],[-122.397736,37.790424],[-122.39779,37.79047],[-122.39779,37.790558],[-122.397964,37.790695],[-122.398415,37.790695],[-122.39864,37.790874],[-122.39876,37.790783],[-122.39887,37.790783],[-122.39904,37.79065],[-122.39904,37.79038],[-122.39876,37.790154],[-122.39853,37.790154],[-122.39836,37.79002],[-122.39836,37.789658],[-122.39853,37.789524],[-122.39864,37.789524],[-122.3987,37.78948],[-122.3987,37.789387],[-122.39876,37.78934],[-122.39887,37.78934],[-122.39899,37.789253],[-122.39909,37.789253],[-122.39927,37.789387],[-122.39927,37.78948],[-122.39932,37.789524],[-122.39955,37.789524],[-122.39972,37.789387],[-122.39972,37.7893],[-122.399895,37.78916],[-122.4,37.78916],[-122.40018,37.7893],[-122.40018,37.789387],[-122.400345,37.789524],[-122.40046,37.789524],[-122.400856,37.789207],[-122.400856,37.789116],[-122.40091,37.789074],[-122.401085,37.789207],[-122.40097,37.7893],[-122.40097,37.789387],[-122.401024,37.789433],[-122.40137,37.789433],[-122.40148,37.78934],[-122.401596,37.789433],[-122.40171,37.789433],[-122.401764,37.789387],[-122.401764,37.789207],[-122.40165,37.789116],[-122.40165,37.788937],[-122.401535,37.78885],[-122.401535,37.788666],[-122.40199,37.788307],[-122.40199,37.788128],[-122.40182,37.78799],[-122.40171,37.78799],[-122.40165,37.787945],[-122.40165,37.787857],[-122.40171,37.78781],[-122.40182,37.78781],[-122.402214,37.788128],[-122.402214,37.788216],[-122.40262,37.788532],[-122.40267,37.788486],[-122.40267,37.788395],[-122.40256,37.788307],[-122.40262,37.78826],[-122.402725,37.78826],[-122.4029,37.788395],[-122.4029,37.788486],[-122.40307,37.788624],[-122.40313,37.788578],[-122.40313,37.788486],[-122.40318,37.78844],[-122.4033,37.78844],[-122.40335,37.788486],[-122.40335,37.788578],[-122.40341,37.788624],[-122.40386,37.788624],[-122.40404,37.788486],[-122.40404,37.788307],[-122.40409,37.78826],[-122.40432,37.78826],[-122.40449,37.788128],[-122.40449,37.788036],[-122.40437,37.787945],[-122.40437,37.787678],[-122.40454,37.78754],[-122.404884,37.78754],[-122.404945,37.787586],[-122.404945,37.787766],[-122.40483,37.787857],[-122.40483,37.787945],[-122.404884,37.78799],[-122.40545,37.78799],[-122.405624,37.787857],[-122.405624,37.787766],[-122.40556,37.78772],[-122.40545,37.78772],[-122.40517,37.787495],[-122.40523,37.78745],[-122.40556,37.78745],[-122.40574,37.787315],[-122.40574,37.787136],[-122.40579,37.78709],[-122.40591,37.78709],[-122.40596,37.787136],[-122.40596,37.787407],[-122.40585,37.787495],[-122.40585,37.787945],[-122.4063,37.788307],[-122.4063,37.788666],[-122.40647,37.788803],[-122.406586,37.788803],[-122.40665,37.78885],[-122.40665,37.788937],[-122.406815,37.789074],[-122.40693,37.789074],[-122.40704,37.788982],[-122.40716,37.788982],[-122.40721,37.788937],[-122.40721,37.788757],[-122.40716,37.78871],[-122.40704,37.788803],[-122.40698,37.788757],[-122.40698,37.788666],[-122.40716,37.788532],[-122.40727,37.788532],[-122.40738,37.788624],[-122.40761,37.788624],[-122.40767,37.788578],[-122.40767,37.788486],[-122.40772,37.78844],[-122.40784,37.78844],[-122.40789,37.788395],[-122.40789,37.788216],[-122.40795,37.78817],[-122.408066,37.78826],[-122.40818,37.78826],[-122.40835,37.788128],[-122.40835,37.787766],[-122.40858,37.787586],[-122.40858,37.787407],[-122.40829,37.78718],[-122.40818,37.78718],[-122.408066,37.78709],[-122.40795,37.78718],[-122.40784,37.78718],[-122.407776,37.787136],[-122.407776,37.787045],[-122.407555,37.786865],[-122.40767,37.786774],[-122.40767,37.786594],[-122.407555,37.786503],[-122.407555,37.786053],[-122.40761,37.78601],[-122.40795,37.78601],[-122.408066,37.78592],[-122.40829,37.78592],[-122.40835,37.785873],[-122.40835,37.785694],[-122.40823,37.785603],[-122.40829,37.785557],[-122.4084,37.785557],[-122.40846,37.785515],[-122.40846,37.785423],[-122.408516,37.785378],[-122.40863,37.785378],[-122.40868,37.78533],[-122.40863,37.78529],[-122.408516,37.78529],[-122.40846,37.785244],[-122.40846,37.785152],[-122.4084,37.785107],[-122.40829,37.785107],[-122.40818,37.7852],[-122.408066,37.785107],[-122.40784,37.785107],[-122.40772,37.7852],[-122.40738,37.7852],[-122.407326,37.785152],[-122.407326,37.785065],[-122.40749,37.784927],[-122.40761,37.784927],[-122.40767,37.78488],[-122.40767,37.784794],[-122.40772,37.784748],[-122.40784,37.78484],[-122.40795,37.784748],[-122.408066,37.784748],[-122.40812,37.784702],[-122.40812,37.784615],[-122.408005,37.784523],[-122.40812,37.78443],[-122.408066,37.784386],[-122.40784,37.784386],[-122.40772,37.784477],[-122.407555,37.784344],[-122.40772,37.784206],[-122.40784,37.784206],[-122.40795,37.784298],[-122.408005,37.784252],[-122.408005,37.783894],[-122.40795,37.783848],[-122.40772,37.783848],[-122.40761,37.783936],[-122.40704,37.783936],[-122.40698,37.783894],[-122.40698,37.78371],[-122.40687,37.783623],[-122.40704,37.783485],[-122.40716,37.783577],[-122.40727,37.783577],[-122.407326,37.78353],[-122.407326,37.78335],[-122.40744,37.78326],[-122.40721,37.78308],[-122.40721,37.78299],[-122.407326,37.7829],[-122.407326,37.782722],[-122.40721,37.78263],[-122.407326,37.78254],[-122.407326,37.78245],[-122.40744,37.78236],[-122.40744,37.782],[-122.407326,37.78191],[-122.407326,37.78182],[-122.40744,37.78173],[-122.40744,37.781548],[-122.407555,37.78146],[-122.407555,37.78137],[-122.407776,37.78119],[-122.407776,37.781097],[-122.40784,37.781055],[-122.408066,37.781055],[-122.40818,37.780964],[-122.40823,37.78101],[-122.40823,37.781097],[-122.40812,37.78119],[-122.40812,37.78128],[-122.40829,37.781414],[-122.40886,37.781414],[-122.40891,37.78137],[-122.40891,37.78128],[-122.40914,37.781097],[-122.40914,37.78074],[-122.40909,37.780693],[-122.40886,37.780693],[-122.4088,37.780647],[-122.4088,37.78056],[-122.40868,37.780468],[-122.40868,37.78029],[-122.40846,37.78011],[-122.40846,37.780018],[-122.40835,37.779926],[-122.40835,37.779747],[-122.40823,37.77966],[-122.40829,37.779613],[-122.4084,37.779613],[-122.408516,37.7797],[-122.40863,37.779613],[-122.40897,37.779613],[-122.40903,37.779568],[-122.40903,37.779476],[-122.40914,37.77939],[-122.40914,37.779297],[-122.40891,37.779118],[-122.40891,37.779026],[-122.4088,37.77894],[-122.4088,37.778847],[-122.40897,37.778713],[-122.40909,37.778713],[-122.40914,37.778667],[-122.40914,37.778484],[-122.409256,37.778397],[-122.409256,37.778305],[-122.40914,37.778217],[-122.40914,37.778126],[-122.40931,37.777992],[-122.40954,37.777992],[-122.40965,37.77808],[-122.409706,37.778034],[-122.409706,37.777946],[-122.40959,37.777855],[-122.409706,37.777767],[-122.409424,37.77754],[-122.40931,37.77754],[-122.409256,37.777584],[-122.409256,37.777855],[-122.40914,37.777946],[-122.40914,37.778034],[-122.40909,37.77808],[-122.40886,37.77808],[-122.4088,37.778034],[-122.4088,37.777946],[-122.408745,37.7779],[-122.408516,37.7779],[-122.40829,37.77808],[-122.40818,37.77808],[-122.40812,37.778034],[-122.40812,37.777855],[-122.40818,37.77781],[-122.40829,37.77781],[-122.40863,37.77754],[-122.40886,37.77754],[-122.40897,37.77745],[-122.40909,37.77745],[-122.40914,37.777405],[-122.40914,37.777313],[-122.409195,37.77727],[-122.40931,37.77727],[-122.40954,37.77745],[-122.409706,37.777313],[-122.409706,37.777225],[-122.40959,37.777134],[-122.409706,37.777046],[-122.409706,37.776863],[-122.40965,37.77682],[-122.409424,37.77682],[-122.40937,37.776775],[-122.409485,37.776684],[-122.409485,37.775784],[-122.40937,37.775692],[-122.409424,37.775646],[-122.40965,37.775646],[-122.409706,37.775604],[-122.409706,37.775513],[-122.40988,37.77538],[-122.41022,37.77538],[-122.41028,37.77542],[-122.41028,37.775513],[-122.410446,37.775646],[-122.410675,37.775646],[-122.41073,37.775604],[-122.41073,37.77542],[-122.410675,37.77538],[-122.41056,37.77538],[-122.41039,37.77524],[-122.410614,37.775063],[-122.410614,37.77497],[-122.41084,37.77479],[-122.41079,37.774746],[-122.410614,37.774612],[-122.410614,37.77452],[-122.41033,37.774296],[-122.41022,37.774296],[-122.409996,37.774475],[-122.40988,37.774475],[-122.40977,37.774387]]],[[[-122.3907,37.7762],[-122.39077,37.776142],[-122.39115,37.77575],[-122.39122,37.775692],[-122.39161,37.7753],[-122.39168,37.77524],[-122.39252,37.77485],[-122.392586,37.77479],[-122.39297,37.7744],[-122.393036,37.77434],[-122.393425,37.77395],[-122.39349,37.77389],[-122.39376,37.7735],[-122.39383,37.77344],[-122.39467,37.77305],[-122.39474,37.77299],[-122.39473,37.77272],[-122.39467,37.772675],[-122.39444,37.772675],[-122.39427,37.77254],[-122.39427,37.77245],[-122.39422,37.772404],[-122.394104,37.772404],[-122.39399,37.772495],[-122.393875,37.772404],[-122.39376,37.772404],[-122.39353,37.772583],[-122.39331,37.772583],[-122.393135,37.77272],[-122.393135,37.77281],[-122.39308,37.772854],[-122.39302,37.77281],[-122.39302,37.77272],[-122.392914,37.77263],[-122.392914,37.77254],[-122.3928,37.77245],[-122.39285,37.772404],[-122.39308,37.772404],[-122.393135,37.772358],[-122.393135,37.77227],[-122.39297,37.772133],[-122.39285,37.772133],[-122.39274,37.772224],[-122.39252,37.772045],[-122.39229,37.772045],[-122.39206,37.772224],[-122.39183,37.772224],[-122.39178,37.77218],[-122.39178,37.772],[-122.39155,37.77182],[-122.39155,37.77173],[-122.391495,37.771683],[-122.391266,37.771866],[-122.39115,37.771866],[-122.3911,37.771908],[-122.3911,37.77209],[-122.39115,37.772133],[-122.391266,37.772133],[-122.39132,37.77218],[-122.39132,37.77227],[-122.391266,37.772316],[-122.39115,37.772316],[-122.39104,37.772404],[-122.39092,37.772404],[-122.39087,37.77245],[-122.39087,37.77263],[-122.39081,37.772675],[-122.39059,37.772675],[-122.3903,37.7729],[-122.3903,37.77299],[-122.39024,37.773037],[-122.390015,37.773037],[-122.38996,37.77299],[-122.38996,37.77281],[-122.3899,37.772766],[-122.389786,37.772766],[-122.389565,37.772945],[-122.38945,37.772945],[-122.38939,37.77299],[-122.3895,37.77308],[-122.3895,37.77317],[-122.389565,37.773216],[-122.38968,37.773125],[-122.389786,37.773125],[-122.38985,37.77317],[-122.38985,37.773262],[-122.38973,37.77335],[-122.38973,37.77344],[-122.38985,37.77353],[-122.38985,37.77362],[-122.38973,37.773712],[-122.38973,37.773983],[-122.38985,37.77407],[-122.38985,37.774162],[-122.38968,37.774296],[-122.389565,37.774296],[-122.38945,37.774387],[-122.38922,37.774387],[-122.38917,37.77434],[-122.38917,37.774162],[-122.38911,37.774117],[-122.38899,37.774117],[-122.38871,37.77434],[-122.38871,37.774704],[-122.388824,37.77479],[-122.38877,37.774837],[-122.38866,37.774837],[-122.388596,37.774883],[-122.388596,37.77497],[-122.38854,37.775017],[-122.38843,37.77493],[-122.38831,37.77493],[-122.38826,37.774883],[-122.38826,37.77479],[-122.38797,37.774567],[-122.38792,37.774612],[-122.38792,37.77479],[-122.38775,37.77493],[-122.38769,37.774883],[-122.38769,37.77479],[-122.3878,37.774704],[-122.38775,37.77466],[-122.38752,37.77466],[-122.387405,37.774567],[-122.38724,37.774704],[-122.38724,37.774883],[-122.38712,37.77497],[-122.38711,37.775063],[-122.386955,37.775288],[-122.386894,37.775333],[-122.386894,37.775513],[-122.386444,37.775875],[-122.386444,37.775963],[-122.38633,37.776054],[-122.38633,37.776142],[-122.38638,37.7762],[-122.3865,37.7762],[-122.386955,37.7762],[-122.38711,37.776592],[-122.38718,37.77665],[-122.39024,37.77665],[-122.39031,37.776592],[-122.3907,37.7762]]]]}},{"type":"Feature","properties":{"contour":17},"geometry":{"type":"MultiPolygon","coordinates":[[[[-122.4117,37.77322],[-122.41159,37.77322],[-122.411476,37.77331],[-122.411415,37.773266],[-122.411415,37.77318],[-122.41125,37.77304],[-122.41113,37.77304],[-122.410736,37.773357],[-122.410736,37.773445],[-122.410904,37.773582],[-122.41102,37.773582],[-122.41108,37.77363],[-122.41108,37.773716],[-122.410965,37.773808],[-122.410965,37.773987],[-122.41085,37.77408],[-122.41085,37.774437],[-122.41079,37.774483],[-122.41068,37.774483],[-122.41057,37.77439],[-122.41045,37.77439],[-122.41034,37.774303],[-122.410225,37.774303],[-122.41017,37.774258],[-122.41017,37.774166],[-122.40983,37.7739],[-122.40983,37.773808],[-122.409485,37.773537],[-122.409485,37.773357],[-122.409546,37.77331],[-122.40966,37.77331],[-122.409775,37.773403],[-122.40988,37.773403],[-122.40994,37.773357],[-122.40994,37.77318],[-122.40983,37.773087],[-122.40994,37.772995],[-122.40994,37.772816],[-122.40966,37.77259],[-122.40932,37.77259],[-122.4092,37.7725],[-122.40909,37.7725],[-122.40887,37.772682],[-122.40875,37.772682],[-122.40852,37.7725],[-122.40841,37.7725],[-122.408295,37.77241],[-122.408066,37.77241],[-122.40796,37.77232],[-122.407845,37.77232],[-122.40778,37.772274],[-122.40778,37.772095],[-122.4079,37.772007],[-122.4079,37.771824],[-122.40796,37.77178],[-122.40818,37.77178],[-122.40824,37.771824],[-122.40824,37.772007],[-122.408295,37.77205],[-122.40852,37.77205],[-122.40864,37.77196],[-122.40875,37.77196],[-122.409035,37.772186],[-122.409035,37.772274],[-122.40909,37.77232],[-122.4092,37.77232],[-122.40932,37.772232],[-122.40943,37.772232],[-122.409485,37.772186],[-122.409485,37.772095],[-122.40971,37.771915],[-122.40971,37.771824],[-122.40943,37.7716],[-122.40932,37.7716],[-122.4092,37.77151],[-122.40909,37.77151],[-122.409035,37.771465],[-122.409035,37.771194],[-122.40909,37.77115],[-122.40932,37.77115],[-122.40943,37.77124],[-122.409546,37.77124],[-122.40971,37.771103],[-122.409485,37.770924],[-122.409485,37.770744],[-122.40937,37.770653],[-122.40937,37.770565],[-122.40932,37.77052],[-122.40909,37.77052],[-122.40897,37.770607],[-122.40887,37.770607],[-122.40875,37.7707],[-122.408066,37.7707],[-122.40801,37.770744],[-122.40801,37.770832],[-122.4075,37.77124],[-122.40716,37.77124],[-122.40699,37.771103],[-122.40699,37.770832],[-122.406876,37.770744],[-122.406876,37.770653],[-122.40665,37.770473],[-122.40665,37.770382],[-122.406364,37.770157],[-122.405914,37.770157],[-122.40574,37.770294],[-122.40574,37.770382],[-122.40552,37.770565],[-122.40552,37.770653],[-122.40546,37.7707],[-122.40534,37.7707],[-122.40478,37.77025],[-122.40466,37.77025],[-122.404495,37.770382],[-122.404495,37.770473],[-122.40421,37.7707],[-122.403984,37.7707],[-122.40387,37.77079],[-122.403755,37.77079],[-122.4037,37.770744],[-122.40382,37.770653],[-122.40382,37.770473],[-122.40387,37.770428],[-122.403984,37.770428],[-122.4041,37.77052],[-122.40421,37.77052],[-122.40438,37.770382],[-122.40438,37.770203],[-122.40432,37.770157],[-122.40421,37.770157],[-122.4041,37.77007],[-122.40364,37.77007],[-122.40353,37.770157],[-122.403305,37.770157],[-122.403244,37.770203],[-122.403244,37.770382],[-122.40319,37.770428],[-122.403076,37.770428],[-122.403015,37.770382],[-122.40313,37.770294],[-122.40313,37.770203],[-122.403076,37.770157],[-122.40296,37.770157],[-122.40291,37.770115],[-122.40291,37.770023],[-122.40285,37.769978],[-122.402794,37.770023],[-122.402794,37.770115],[-122.40273,37.770157],[-122.40262,37.77007],[-122.402504,37.77007],[-122.40245,37.770115],[-122.40245,37.770294],[-122.4024,37.77034],[-122.40228,37.77034],[-122.40222,37.770294],[-122.402336,37.770203],[-122.402336,37.770115],[-122.40228,37.77007],[-122.40217,37.77007],[-122.402054,37.770157],[-122.401825,37.769978],[-122.40171,37.769978],[-122.40154,37.770115],[-122.40154,37.770382],[-122.40177,37.770565],[-122.40177,37.770924],[-122.40171,37.77097],[-122.40154,37.770832],[-122.40154,37.770744],[-122.40126,37.77052],[-122.40069,37.77052],[-122.40052,37.770382],[-122.40052,37.770294],[-122.400635,37.770203],[-122.400635,37.770023],[-122.40058,37.769978],[-122.40047,37.769978],[-122.400406,37.770023],[-122.400406,37.770115],[-122.40035,37.770157],[-122.40012,37.770157],[-122.40001,37.77007],[-122.39961,37.770382],[-122.39961,37.770473],[-122.39984,37.770653],[-122.39984,37.770744],[-122.399956,37.770832],[-122.399956,37.770924],[-122.40007,37.771015],[-122.40007,37.771103],[-122.40018,37.771194],[-122.40018,37.771465],[-122.40029,37.771553],[-122.40029,37.772007],[-122.39984,37.772366],[-122.39984,37.772545],[-122.39973,37.772636],[-122.39973,37.772816],[-122.399445,37.77304],[-122.399216,37.77304],[-122.3991,37.773132],[-122.39865,37.773132],[-122.39854,37.77322],[-122.39842,37.77322],[-122.39819,37.773403],[-122.39808,37.773403],[-122.397964,37.77349],[-122.39763,37.77349],[-122.39757,37.773445],[-122.39757,37.773266],[-122.39745,37.77318],[-122.39745,37.773087],[-122.39735,37.772995],[-122.39735,37.772816],[-122.39712,37.772636],[-122.39712,37.772545],[-122.39706,37.7725],[-122.39694,37.7725],[-122.396835,37.77259],[-122.39672,37.77259],[-122.39666,37.772636],[-122.39666,37.772724],[-122.39661,37.77277],[-122.39638,37.77277],[-122.396324,37.772724],[-122.396324,37.772636],[-122.39626,37.77259],[-122.39615,37.77258],[-122.39608,37.772636],[-122.39524,37.77303],[-122.39517,37.773087],[-122.39479,37.77348],[-122.39472,37.773537],[-122.39433,37.77393],[-122.394264,37.773987],[-122.393425,37.77438],[-122.39336,37.774437],[-122.392975,37.774834],[-122.39291,37.774887],[-122.39218,37.775284],[-122.392105,37.775337],[-122.39172,37.775734],[-122.391655,37.775787],[-122.39127,37.776184],[-122.39075,37.7766],[-122.390366,37.776993],[-122.39029,37.77705],[-122.389,37.777443],[-122.38893,37.7775],[-122.38809,37.777897],[-122.38802,37.77795],[-122.38764,37.778347],[-122.387566,37.7784],[-122.38537,37.781498],[-122.3853,37.781555],[-122.3853,37.781918],[-122.38537,37.78197],[-122.38492,37.7824],[-122.38486,37.782455],[-122.38486,37.782635],[-122.38497,37.782726],[-122.38497,37.782818],[-122.385025,37.782864],[-122.38514,37.78287],[-122.38764,37.783302],[-122.387566,37.783356],[-122.38707,37.785553],[-122.38702,37.78561],[-122.38702,37.785698],[-122.38747,37.78606],[-122.38747,37.78615],[-122.38735,37.78624],[-122.38735,37.78633],[-122.38713,37.78651],[-122.38713,37.786602],[-122.38702,37.78669],[-122.38702,37.78678],[-122.386505,37.787186],[-122.38639,37.787186],[-122.38634,37.78723],[-122.38634,37.78741],[-122.386444,37.787502],[-122.386444,37.78759],[-122.386505,37.787636],[-122.38662,37.787636],[-122.386734,37.787548],[-122.386955,37.787548],[-122.38702,37.78759],[-122.38702,37.78768],[-122.38707,37.787727],[-122.38775,37.787727],[-122.38781,37.787773],[-122.38781,37.78786],[-122.387924,37.787952],[-122.387924,37.788403],[-122.38798,37.78845],[-122.388435,37.78845],[-122.38849,37.788403],[-122.38849,37.78831],[-122.38883,37.788044],[-122.38883,37.787952],[-122.388885,37.787907],[-122.38906,37.788044],[-122.38906,37.78813],[-122.389,37.788177],[-122.388885,37.788177],[-122.38883,37.788223],[-122.38883,37.78831],[-122.38877,37.788357],[-122.388664,37.788357],[-122.3886,37.788403],[-122.3886,37.788494],[-122.388664,37.788536],[-122.38877,37.788536],[-122.388885,37.78845],[-122.389114,37.78845],[-122.38923,37.788357],[-122.38946,37.788357],[-122.38968,37.788177],[-122.38979,37.788177],[-122.39025,37.788536],[-122.390366,37.788536],[-122.39048,37.78845],[-122.390816,37.78845],[-122.39088,37.788403],[-122.39088,37.788223],[-122.39093,37.788177],[-122.39116,37.788177],[-122.39127,37.788086],[-122.39139,37.788086],[-122.39144,37.78813],[-122.39133,37.788223],[-122.39133,37.788403],[-122.391495,37.788536],[-122.39218,37.788536],[-122.39235,37.788403],[-122.39235,37.78831],[-122.39246,37.788223],[-122.39246,37.788044],[-122.3924,37.788],[-122.392296,37.788],[-122.392235,37.787952],[-122.39235,37.78786],[-122.392235,37.787773],[-122.39235,37.78768],[-122.39235,37.787502],[-122.39263,37.787277],[-122.39286,37.787277],[-122.39326,37.78759],[-122.39326,37.78768],[-122.39314,37.787773],[-122.39314,37.787952],[-122.39281,37.788223],[-122.39303,37.788403],[-122.39303,37.788494],[-122.3932,37.788628],[-122.39337,37.788494],[-122.39326,37.788403],[-122.39331,37.788357],[-122.39354,37.788357],[-122.3936,37.788403],[-122.3936,37.788494],[-122.393654,37.788536],[-122.39382,37.788403],[-122.39382,37.78831],[-122.39388,37.78827],[-122.393936,37.78831],[-122.393936,37.788403],[-122.394,37.78845],[-122.39445,37.78845],[-122.39451,37.788403],[-122.394394,37.78831],[-122.394394,37.788223],[-122.39445,37.788177],[-122.39456,37.78827],[-122.39468,37.78827],[-122.39479,37.788357],[-122.394905,37.788357],[-122.39507,37.788494],[-122.39507,37.788673],[-122.39496,37.788765],[-122.39496,37.788853],[-122.39462,37.789124],[-122.39462,37.789303],[-122.394394,37.789482],[-122.39451,37.789574],[-122.39451,37.789665],[-122.39462,37.789753],[-122.39462,37.789845],[-122.39479,37.789978],[-122.39513,37.789978],[-122.39519,37.790024],[-122.39519,37.790115],[-122.39524,37.79016],[-122.39542,37.790024],[-122.3953,37.789936],[-122.3953,37.789845],[-122.395355,37.7898],[-122.395584,37.7898],[-122.39564,37.789845],[-122.39564,37.790024],[-122.39553,37.790115],[-122.39553,37.790386],[-122.395584,37.79043],[-122.3957,37.79043],[-122.39575,37.790386],[-122.39564,37.790295],[-122.39564,37.790203],[-122.3957,37.79016],[-122.39581,37.79016],[-122.396095,37.790386],[-122.396095,37.790565],[-122.39593,37.7907],[-122.39581,37.7907],[-122.39553,37.790924],[-122.39553,37.791107],[-122.39542,37.791195],[-122.39542,37.791286],[-122.39575,37.791557],[-122.39575,37.791645],[-122.39581,37.79169],[-122.39593,37.7916],[-122.39638,37.7916],[-122.39661,37.79142],[-122.39672,37.79142],[-122.396835,37.79151],[-122.39706,37.79151],[-122.397285,37.791332],[-122.3974,37.791332],[-122.397514,37.79142],[-122.39763,37.79142],[-122.39768,37.791374],[-122.39768,37.791016],[-122.39774,37.79097],[-122.39786,37.79097],[-122.39808,37.79115],[-122.39814,37.791107],[-122.39814,37.790924],[-122.398026,37.790836],[-122.398026,37.790745],[-122.39819,37.79061],[-122.39831,37.7907],[-122.39842,37.7907],[-122.39859,37.790836],[-122.39859,37.791016],[-122.39842,37.79115],[-122.39831,37.79115],[-122.398254,37.791195],[-122.398254,37.791286],[-122.39842,37.79142],[-122.39854,37.79142],[-122.398766,37.7916],[-122.39887,37.7916],[-122.39893,37.791645],[-122.39893,37.791737],[-122.39899,37.791782],[-122.399216,37.791782],[-122.39927,37.79183],[-122.39927,37.791916],[-122.3991,37.792053],[-122.39899,37.792053],[-122.39887,37.79214],[-122.39865,37.79214],[-122.39859,37.792187],[-122.39859,37.792366],[-122.398705,37.792458],[-122.398705,37.792545],[-122.398766,37.79259],[-122.39882,37.792545],[-122.39882,37.792458],[-122.39887,37.79241],[-122.39899,37.79241],[-122.39905,37.792458],[-122.39905,37.792545],[-122.39938,37.792816],[-122.39938,37.793],[-122.399445,37.79304],[-122.39956,37.79304],[-122.39961,37.793087],[-122.39961,37.79318],[-122.3995,37.793266],[-122.3995,37.7939],[-122.399445,37.793945],[-122.399216,37.793945],[-122.3991,37.794033],[-122.398766,37.794033],[-122.39859,37.79417],[-122.39859,37.79435],[-122.398476,37.794437],[-122.39854,37.794483],[-122.39865,37.794483],[-122.398766,37.794575],[-122.39899,37.794575],[-122.39916,37.79471],[-122.39916,37.7948],[-122.399216,37.794846],[-122.399445,37.794846],[-122.3995,37.79489],[-122.3995,37.79507],[-122.39956,37.795116],[-122.40001,37.795116],[-122.40024,37.795296],[-122.40035,37.795296],[-122.400406,37.79534],[-122.400406,37.79552],[-122.40047,37.795567],[-122.40058,37.795567],[-122.40075,37.79543],[-122.40075,37.79525],[-122.40086,37.79516],[-122.40086,37.79489],[-122.40098,37.7948],[-122.40098,37.79471],[-122.40103,37.794666],[-122.40126,37.794666],[-122.401375,37.794575],[-122.401596,37.794575],[-122.40166,37.79453],[-122.40166,37.794437],[-122.40177,37.79435],[-122.40177,37.79426],[-122.401886,37.79417],[-122.401886,37.79372],[-122.401825,37.793674],[-122.401596,37.793674],[-122.40149,37.793762],[-122.401375,37.793762],[-122.4012,37.79363],[-122.40131,37.793537],[-122.401146,37.793404],[-122.40103,37.793404],[-122.40098,37.79345],[-122.40098,37.793537],[-122.40092,37.793583],[-122.40086,37.793537],[-122.40086,37.793358],[-122.4008,37.793312],[-122.40058,37.793312],[-122.40047,37.793404],[-122.40029,37.793266],[-122.40029,37.793087],[-122.40018,37.793],[-122.40029,37.792908],[-122.40029,37.792458],[-122.400406,37.792366],[-122.400406,37.79228],[-122.40047,37.792233],[-122.40069,37.792233],[-122.4008,37.79232],[-122.40092,37.79232],[-122.4012,37.792095],[-122.4012,37.791916],[-122.40103,37.791782],[-122.40092,37.791782],[-122.4008,37.79187],[-122.40069,37.79187],[-122.40058,37.791782],[-122.40052,37.79183],[-122.40052,37.791916],[-122.40035,37.792053],[-122.40029,37.792007],[-122.40029,37.79183],[-122.400406,37.791737],[-122.40029,37.791645],[-122.40029,37.791016],[-122.40024,37.79097],[-122.40012,37.79097],[-122.40001,37.79106],[-122.39978,37.79106],[-122.39973,37.791016],[-122.39973,37.790836],[-122.39967,37.79079],[-122.399445,37.79079],[-122.39938,37.790745],[-122.39938,37.790653],[-122.399216,37.79052],[-122.3991,37.79052],[-122.39905,37.790474],[-122.39905,37.790295],[-122.3991,37.79025],[-122.399216,37.79025],[-122.39933,37.79016],[-122.399445,37.79016],[-122.39956,37.79025],[-122.39967,37.79025],[-122.39973,37.790203],[-122.39967,37.79016],[-122.39956,37.79016],[-122.3995,37.790115],[-122.39961,37.790024],[-122.39961,37.789936],[-122.39967,37.78989],[-122.399895,37.78989],[-122.40012,37.78971],[-122.40024,37.78971],[-122.40058,37.789978],[-122.40069,37.789978],[-122.4008,37.78989],[-122.401146,37.78989],[-122.40126,37.7898],[-122.401596,37.7898],[-122.40166,37.789753],[-122.40166,37.789665],[-122.401825,37.789528],[-122.4024,37.789528],[-122.40245,37.789482],[-122.402336,37.789394],[-122.402336,37.789303],[-122.40268,37.789032],[-122.40262,37.78899],[-122.402504,37.78899],[-122.40245,37.788944],[-122.40245,37.788765],[-122.402336,37.788673],[-122.402336,37.788494],[-122.40222,37.788403],[-122.40222,37.78831],[-122.40228,37.78827],[-122.402504,37.78845],[-122.40262,37.78845],[-122.40268,37.788403],[-122.40268,37.78831],[-122.40273,37.78827],[-122.402794,37.78831],[-122.402794,37.788403],[-122.403076,37.788628],[-122.40313,37.78858],[-122.40313,37.788494],[-122.40319,37.78845],[-122.403305,37.78845],[-122.40336,37.788494],[-122.40336,37.78858],[-122.40341,37.788628],[-122.40387,37.788628],[-122.40404,37.788494],[-122.40404,37.78831],[-122.4041,37.78827],[-122.40432,37.78827],[-122.404434,37.788177],[-122.404495,37.788223],[-122.404495,37.78831],[-122.40478,37.788536],[-122.40489,37.788536],[-122.404945,37.78858],[-122.40483,37.788673],[-122.40501,37.788807],[-122.40512,37.788807],[-122.40523,37.7889],[-122.40546,37.7889],[-122.40557,37.788807],[-122.405914,37.788807],[-122.40597,37.788853],[-122.40585,37.788944],[-122.40585,37.789032],[-122.40574,37.789124],[-122.4058,37.78917],[-122.405914,37.78917],[-122.40603,37.789257],[-122.4062,37.789124],[-122.40608,37.789032],[-122.40608,37.788944],[-122.406136,37.7889],[-122.40625,37.7889],[-122.40631,37.788944],[-122.40631,37.789032],[-122.40665,37.789303],[-122.40665,37.789394],[-122.40659,37.78944],[-122.40648,37.78944],[-122.406425,37.789482],[-122.406425,37.789574],[-122.40648,37.78962],[-122.40659,37.789528],[-122.40665,37.789574],[-122.40665,37.789665],[-122.40682,37.7898],[-122.40716,37.7898],[-122.40722,37.789845],[-122.40722,37.789936],[-122.40739,37.79007],[-122.407616,37.79007],[-122.40767,37.790024],[-122.40767,37.789574],[-122.4079,37.789394],[-122.4079,37.789215],[-122.40778,37.789124],[-122.408066,37.7889],[-122.408295,37.7889],[-122.40841,37.788807],[-122.40864,37.788807],[-122.40875,37.78872],[-122.40887,37.78872],[-122.40892,37.788673],[-122.40892,37.78858],[-122.40915,37.788403],[-122.40915,37.78813],[-122.40887,37.787907],[-122.40875,37.787907],[-122.40869,37.78786],[-122.408806,37.787773],[-122.408806,37.78714],[-122.40869,37.787052],[-122.40869,37.786873],[-122.40864,37.786827],[-122.40852,37.786827],[-122.40846,37.78678],[-122.40846,37.78669],[-122.40858,37.786602],[-122.40858,37.78642],[-122.40846,37.78633],[-122.40846,37.78606],[-122.408356,37.78597],[-122.408356,37.78588],[-122.40841,37.785835],[-122.40852,37.785835],[-122.40875,37.786015],[-122.40897,37.786015],[-122.409035,37.78597],[-122.409035,37.785698],[-122.40897,37.785656],[-122.40887,37.785656],[-122.408806,37.78561],[-122.40887,37.785564],[-122.40897,37.785564],[-122.40915,37.78543],[-122.40915,37.78507],[-122.40909,37.785023],[-122.40875,37.785023],[-122.40869,37.78498],[-122.40892,37.784798],[-122.40892,37.78471],[-122.409035,37.78462],[-122.409035,37.784527],[-122.408806,37.784348],[-122.408806,37.784077],[-122.40869,37.78399],[-122.40869,37.78381],[-122.408806,37.78372],[-122.408295,37.783314],[-122.408066,37.783493],[-122.40796,37.783493],[-122.4079,37.783447],[-122.40813,37.783268],[-122.40796,37.78313],[-122.407845,37.78313],[-122.40773,37.783043],[-122.407616,37.783043],[-122.407555,37.782997],[-122.407616,37.78295],[-122.40773,37.78295],[-122.40796,37.782772],[-122.408066,37.782772],[-122.40813,37.782726],[-122.40813,37.782455],[-122.40801,37.782368],[-122.40801,37.782276],[-122.40796,37.78223],[-122.40773,37.78223],[-122.40767,37.782185],[-122.407845,37.78205],[-122.40796,37.78205],[-122.40824,37.781826],[-122.40824,37.781734],[-122.40841,37.7816],[-122.40852,37.7816],[-122.40869,37.781734],[-122.40869,37.781826],[-122.40887,37.78196],[-122.40909,37.78196],[-122.40915,37.781918],[-122.40915,37.781734],[-122.4092,37.78169],[-122.40932,37.78169],[-122.40937,37.781734],[-122.40937,37.781826],[-122.40943,37.78187],[-122.409546,37.78187],[-122.40966,37.78196],[-122.40971,37.781918],[-122.40971,37.781734],[-122.40966,37.78169],[-122.409546,37.78169],[-122.409485,37.781647],[-122.409485,37.781555],[-122.40971,37.781376],[-122.409485,37.781197],[-122.409485,37.781105],[-122.40937,37.781013],[-122.40937,37.780926],[-122.4096,37.780743],[-122.4096,37.780655],[-122.40971,37.780563],[-122.40971,37.780205],[-122.4096,37.780113],[-122.4096,37.779934],[-122.40971,37.779842],[-122.40971,37.779663],[-122.4096,37.77957],[-122.4096,37.779305],[-122.409485,37.779213],[-122.409485,37.77912],[-122.40937,37.779034],[-122.40937,37.778584],[-122.409485,37.778492],[-122.409485,37.7784],[-122.409775,37.778175],[-122.40983,37.77822],[-122.40983,37.778313],[-122.4096,37.778492],[-122.409775,37.778625],[-122.40988,37.778625],[-122.409996,37.778538],[-122.41011,37.778625],[-122.41039,37.7784],[-122.41039,37.77822],[-122.41028,37.778133],[-122.41028,37.77795],[-122.41051,37.77777],[-122.41051,37.77759],[-122.41017,37.77732],[-122.41017,37.77723],[-122.40994,37.77705],[-122.40994,37.77669],[-122.40988,37.776646],[-122.409775,37.776646],[-122.409546,37.776466],[-122.40943,37.776466],[-122.40937,37.77642],[-122.40937,37.77633],[-122.409485,37.77624],[-122.409485,37.77588],[-122.40966,37.775745],[-122.40971,37.775787],[-122.40971,37.77588],[-122.4096,37.77597],[-122.4096,37.77606],[-122.409775,37.776196],[-122.40988,37.776196],[-122.40994,37.77615],[-122.40994,37.77606],[-122.409996,37.776016],[-122.41011,37.776016],[-122.41017,37.77606],[-122.41017,37.77615],[-122.410225,37.776196],[-122.41045,37.776196],[-122.41062,37.77606],[-122.41062,37.77588],[-122.41068,37.775833],[-122.410965,37.77606],[-122.410965,37.77615],[-122.41102,37.776196],[-122.41125,37.776196],[-122.4113,37.77615],[-122.4113,37.77606],[-122.411415,37.77597],[-122.4113,37.77588],[-122.411415,37.775787],[-122.411415,37.7757],[-122.4113,37.775608],[-122.4113,37.77552],[-122.41125,37.775475],[-122.41113,37.775475],[-122.41108,37.77543],[-122.41108,37.775337],[-122.4113,37.775158],[-122.4113,37.77498],[-122.41108,37.7748],[-122.41108,37.77453],[-122.41125,37.77439],[-122.41136,37.77439],[-122.41159,37.77421],[-122.4117,37.77421],[-122.41187,37.77435],[-122.41187,37.774437],[-122.41204,37.774574],[-122.41227,37.774574],[-122.41232,37.77453],[-122.41232,37.774437],[-122.41244,37.77435],[-122.41244,37.77408],[-122.412384,37.774033],[-122.41227,37.774033],[-122.41221,37.773987],[-122.41221,37.773716],[-122.41176,37.773357],[-122.41176,37.773266],[-122.4117,37.77322]]],[[[-122.39377,37.77241],[-122.393654,37.7725],[-122.39354,37.7725],[-122.393425,37.77259],[-122.39331,37.77259],[-122.39309,37.77277],[-122.392914,37.772636],[-122.392914,37.772545],[-122.39269,37.772366],[-122.39269,37.772186],[-122.39252,37.77205],[-122.392296,37.77205],[-122.39207,37.772232],[-122.39172,37.772232],[-122.39167,37.772186],[-122.391785,37.772095],[-122.391785,37.772007],[-122.391556,37.771824],[-122.391556,37.771736],[-122.391495,37.77169],[-122.39139,37.77169],[-122.39133,37.771736],[-122.39133,37.771824],[-122.39127,37.77187],[-122.39116,37.77187],[-122.39098,37.772007],[-122.39116,37.77214],[-122.39127,37.77214],[-122.39133,37.772186],[-122.39133,37.772274],[-122.39127,37.77232],[-122.39116,37.77232],[-122.391045,37.77241],[-122.390816,37.77241],[-122.39076,37.772457],[-122.39088,37.772545],[-122.390816,37.77259],[-122.3907,37.77259],[-122.39048,37.77241],[-122.38957,37.77241],[-122.38951,37.772366],[-122.38951,37.772274],[-122.38946,37.772232],[-122.3894,37.772274],[-122.3894,37.772545],[-122.38934,37.77259],[-122.389,37.77259],[-122.38895,37.772636],[-122.38895,37.77318],[-122.389114,37.77331],[-122.38917,37.773266],[-122.38917,37.77318],[-122.38934,37.77304],[-122.38946,37.77304],[-122.38951,37.773087],[-122.38951,37.773266],[-122.38974,37.773445],[-122.38968,37.77349],[-122.38957,37.77349],[-122.38946,37.773403],[-122.38934,37.77349],[-122.38923,37.77349],[-122.38917,37.773537],[-122.38917,37.77363],[-122.38906,37.773716],[-122.38906,37.77408],[-122.38872,37.77435],[-122.38872,37.774437],[-122.38883,37.77453],[-122.38872,37.774616],[-122.38872,37.7748],[-122.38855,37.774933],[-122.38849,37.774887],[-122.38849,37.774437],[-122.388435,37.77439],[-122.38821,37.77439],[-122.38809,37.774483],[-122.38798,37.774483],[-122.38747,37.77408],[-122.38747,37.773808],[-122.38741,37.77376],[-122.38735,37.773808],[-122.38735,37.7739],[-122.387184,37.774033],[-122.38707,37.774033],[-122.38702,37.77408],[-122.38713,37.774166],[-122.38713,37.77435],[-122.387115,37.774437],[-122.386955,37.775295],[-122.3869,37.775337],[-122.3869,37.77552],[-122.38684,37.775562],[-122.38679,37.77552],[-122.38679,37.775337],[-122.386734,37.775284],[-122.386505,37.775284],[-122.386444,37.775337],[-122.38656,37.77552],[-122.38662,37.775562],[-122.386734,37.775562],[-122.38679,37.775608],[-122.386444,37.77588],[-122.386444,37.77597],[-122.38634,37.77606],[-122.38634,37.77615],[-122.38639,37.776207],[-122.387115,37.77651],[-122.387184,37.776566],[-122.39025,37.776566],[-122.39078,37.77615],[-122.39116,37.775757],[-122.39123,37.7757],[-122.39161,37.775307],[-122.391685,37.77525],[-122.39252,37.774853],[-122.39259,37.7748],[-122.39286,37.774403],[-122.39293,37.77435],[-122.39331,37.773952],[-122.39339,37.7739],[-122.39377,37.773502],[-122.39384,37.773445],[-122.39468,37.773052],[-122.394745,37.772995],[-122.39473,37.772724],[-122.39468,37.772682],[-122.39445,37.772682],[-122.39428,37.772545],[-122.39428,37.772457],[-122.39422,37.77241],[-122.39377,37.77241]]]]}},{"type":"Feature","properties":{"contour":18},"geometry":{"type":"MultiPolygon","coordinates":[[[[-122.41301,37.773808],[-122.41301,37.77363],[-122.412895,37.77354],[-122.412895,37.77345],[-122.41267,37.77327],[-122.41267,37.77318],[-122.41273,37.773132],[-122.41295,37.773132],[-122.41301,37.773087],[-122.41301,37.772907],[-122.412895,37.77282],[-122.412895,37.772636],[-122.41284,37.772594],[-122.412384,37.772594],[-122.41233,37.772636],[-122.41233,37.772728],[-122.41227,37.772774],[-122.412155,37.772682],[-122.41204,37.772774],[-122.411934,37.772774],[-122.41187,37.772728],[-122.41187,37.772636],[-122.411705,37.772503],[-122.41159,37.772503],[-122.41142,37.772636],[-122.41142,37.772728],[-122.41136,37.772774],[-122.41131,37.772728],[-122.41131,37.772636],[-122.41125,37.772594],[-122.411026,37.772594],[-122.410965,37.772636],[-122.410965,37.772728],[-122.41091,37.772774],[-122.41068,37.772594],[-122.41057,37.772594],[-122.410515,37.77255],[-122.410515,37.772186],[-122.41045,37.77214],[-122.410225,37.77214],[-122.41012,37.772053],[-122.409775,37.772053],[-122.40971,37.772007],[-122.40971,37.771828],[-122.41006,37.771557],[-122.41006,37.771286],[-122.40994,37.771194],[-122.40994,37.771015],[-122.40983,37.770927],[-122.40983,37.770836],[-122.40989,37.77079],[-122.41,37.77088],[-122.410225,37.77088],[-122.4104,37.770744],[-122.4104,37.770565],[-122.41017,37.770386],[-122.410286,37.770294],[-122.41006,37.770115],[-122.41006,37.770023],[-122.41,37.76998],[-122.409546,37.76998],[-122.40938,37.770115],[-122.40938,37.770386],[-122.40921,37.77052],[-122.409096,37.77052],[-122.409035,37.770473],[-122.409035,37.770294],[-122.40898,37.77025],[-122.40887,37.77025],[-122.408806,37.770206],[-122.408806,37.770115],[-122.40864,37.76998],[-122.40841,37.76998],[-122.40819,37.7698],[-122.40796,37.7698],[-122.407845,37.76989],[-122.40773,37.76989],[-122.40768,37.769844],[-122.40768,37.769756],[-122.40773,37.76971],[-122.407845,37.76971],[-122.4079,37.769665],[-122.4079,37.769573],[-122.407845,37.769527],[-122.40773,37.769527],[-122.407616,37.76962],[-122.40705,37.76962],[-122.40694,37.769527],[-122.40671,37.76971],[-122.40659,37.76971],[-122.40637,37.769527],[-122.40626,37.769527],[-122.4062,37.769573],[-122.4062,37.769936],[-122.40626,37.76998],[-122.40637,37.76998],[-122.406425,37.770023],[-122.406425,37.770115],[-122.40637,37.77016],[-122.40603,37.77016],[-122.405975,37.770115],[-122.405975,37.770023],[-122.405464,37.76962],[-122.40529,37.769756],[-122.40529,37.770023],[-122.40535,37.77007],[-122.405464,37.77007],[-122.40575,37.770294],[-122.40575,37.770386],[-122.40552,37.770565],[-122.40552,37.770657],[-122.405464,37.770702],[-122.40535,37.770702],[-122.40461,37.770115],[-122.404724,37.770023],[-122.404724,37.769756],[-122.40461,37.769665],[-122.40461,37.769485],[-122.40456,37.76944],[-122.40444,37.76944],[-122.40433,37.76935],[-122.40421,37.76935],[-122.403984,37.769527],[-122.403755,37.769527],[-122.40365,37.76962],[-122.40342,37.76962],[-122.40336,37.769665],[-122.40336,37.769844],[-122.403305,37.76989],[-122.40319,37.76989],[-122.40314,37.769844],[-122.40325,37.769756],[-122.40319,37.76971],[-122.403076,37.76971],[-122.40302,37.769756],[-122.40302,37.769844],[-122.40285,37.76998],[-122.402794,37.769936],[-122.402794,37.769844],[-122.40268,37.769756],[-122.40268,37.769573],[-122.40251,37.76944],[-122.40228,37.76944],[-122.40217,37.769527],[-122.402054,37.769527],[-122.40194,37.76962],[-122.40183,37.76962],[-122.40172,37.76971],[-122.4016,37.76971],[-122.40149,37.7698],[-122.401375,37.7698],[-122.40126,37.76971],[-122.401146,37.76971],[-122.40098,37.769573],[-122.40098,37.769485],[-122.40081,37.76935],[-122.400696,37.76935],[-122.40041,37.769573],[-122.40041,37.769665],[-122.40012,37.76989],[-122.3999,37.76989],[-122.39984,37.769844],[-122.39984,37.769756],[-122.39967,37.76962],[-122.39961,37.769665],[-122.39961,37.769756],[-122.399445,37.76989],[-122.39933,37.76989],[-122.39916,37.770023],[-122.39928,37.770115],[-122.39928,37.770206],[-122.39939,37.770294],[-122.39939,37.770386],[-122.399445,37.77043],[-122.39956,37.77043],[-122.39984,37.770657],[-122.39984,37.770744],[-122.399956,37.770836],[-122.399956,37.770927],[-122.40007,37.771015],[-122.40007,37.771107],[-122.400185,37.771194],[-122.400185,37.771465],[-122.4003,37.771557],[-122.4003,37.772007],[-122.39984,37.772366],[-122.39984,37.77255],[-122.39973,37.772636],[-122.39973,37.77282],[-122.399445,37.773045],[-122.399216,37.773045],[-122.39911,37.773132],[-122.39865,37.773132],[-122.39854,37.773224],[-122.39842,37.773224],[-122.3982,37.773403],[-122.39809,37.773403],[-122.39797,37.773495],[-122.39763,37.773495],[-122.397575,37.77345],[-122.397575,37.77327],[-122.39746,37.77318],[-122.39746,37.773087],[-122.39735,37.773],[-122.39735,37.77282],[-122.39712,37.772636],[-122.39712,37.77255],[-122.397064,37.772503],[-122.39695,37.772503],[-122.396835,37.772594],[-122.39672,37.772594],[-122.39667,37.772636],[-122.39667,37.772728],[-122.39661,37.772774],[-122.39638,37.772774],[-122.396324,37.772728],[-122.396324,37.772636],[-122.39627,37.772583],[-122.39616,37.772583],[-122.39608,37.772636],[-122.39525,37.773033],[-122.39517,37.773087],[-122.39479,37.773483],[-122.39472,37.77354],[-122.39434,37.773933],[-122.394264,37.77399],[-122.39343,37.774384],[-122.39336,37.77444],[-122.39309,37.774834],[-122.39302,37.77489],[-122.39218,37.775192],[-122.39211,37.77525],[-122.39173,37.775646],[-122.391655,37.7757],[-122.39127,37.776096],[-122.391205,37.77615],[-122.39082,37.776546],[-122.39075,37.776604],[-122.390366,37.776997],[-122.3903,37.777054],[-122.38901,37.777447],[-122.38893,37.777504],[-122.38809,37.777897],[-122.38802,37.777954],[-122.38764,37.778347],[-122.38757,37.778404],[-122.38537,37.7815],[-122.3853,37.78156],[-122.3853,37.781918],[-122.38537,37.781975],[-122.38492,37.782402],[-122.38485,37.78246],[-122.38485,37.782818],[-122.38492,37.782875],[-122.38764,37.783302],[-122.38757,37.78336],[-122.38708,37.785557],[-122.38702,37.78561],[-122.38702,37.7857],[-122.387474,37.78606],[-122.387474,37.78615],[-122.38736,37.786243],[-122.38736,37.78633],[-122.38713,37.786514],[-122.38713,37.786602],[-122.38702,37.786694],[-122.38702,37.78678],[-122.386505,37.78719],[-122.38639,37.78719],[-122.38634,37.78723],[-122.38634,37.787415],[-122.38645,37.787502],[-122.38645,37.787594],[-122.386505,37.78764],[-122.38662,37.78764],[-122.386734,37.787548],[-122.38696,37.787548],[-122.38702,37.787594],[-122.38702,37.787685],[-122.38708,37.787727],[-122.38776,37.787727],[-122.38781,37.787773],[-122.38781,37.787865],[-122.387924,37.787952],[-122.387924,37.788406],[-122.387985,37.78845],[-122.388435,37.78845],[-122.3885,37.788406],[-122.3885,37.788315],[-122.38889,37.788],[-122.38901,37.788],[-122.38906,37.788044],[-122.38906,37.788136],[-122.38901,37.788177],[-122.38889,37.788177],[-122.38883,37.788223],[-122.38883,37.788315],[-122.38878,37.78836],[-122.388664,37.78836],[-122.3886,37.788406],[-122.3886,37.788494],[-122.388664,37.78854],[-122.38878,37.78854],[-122.38889,37.78845],[-122.389114,37.78845],[-122.389175,37.788406],[-122.389175,37.788315],[-122.38923,37.78827],[-122.38934,37.78836],[-122.38946,37.78836],[-122.38969,37.788177],[-122.3898,37.788177],[-122.39025,37.78854],[-122.390366,37.78854],[-122.39048,37.78845],[-122.39082,37.78845],[-122.39088,37.788406],[-122.39088,37.788223],[-122.39093,37.788177],[-122.39116,37.788177],[-122.39127,37.78809],[-122.39133,37.788136],[-122.39133,37.788406],[-122.3915,37.78854],[-122.39162,37.78854],[-122.39173,37.78845],[-122.39184,37.78854],[-122.39218,37.78854],[-122.392235,37.788494],[-122.392235,37.788406],[-122.392525,37.788177],[-122.39269,37.788315],[-122.39269,37.788406],[-122.39264,37.78845],[-122.392525,37.78845],[-122.39246,37.788494],[-122.39246,37.788765],[-122.39258,37.788857],[-122.39258,37.789124],[-122.39264,37.78917],[-122.392746,37.78917],[-122.39332,37.78872],[-122.39388,37.78872],[-122.39394,37.788765],[-122.393715,37.788944],[-122.393715,37.789124],[-122.39388,37.78926],[-122.39411,37.78926],[-122.394165,37.789215],[-122.394165,37.789124],[-122.394226,37.78908],[-122.39434,37.78908],[-122.394394,37.789124],[-122.394394,37.789307],[-122.39434,37.789352],[-122.394226,37.789352],[-122.394165,37.789394],[-122.394165,37.789577],[-122.39411,37.78962],[-122.394,37.78962],[-122.39377,37.78944],[-122.393715,37.789486],[-122.393715,37.789577],[-122.39394,37.789757],[-122.39394,37.789845],[-122.39383,37.789936],[-122.39394,37.790028],[-122.39394,37.790115],[-122.394165,37.790295],[-122.394165,37.790386],[-122.394226,37.790432],[-122.39434,37.79034],[-122.394455,37.79034],[-122.39451,37.790386],[-122.39451,37.790478],[-122.39462,37.790565],[-122.39462,37.790657],[-122.39468,37.790703],[-122.395134,37.790703],[-122.39519,37.79075],[-122.39519,37.790836],[-122.395134,37.790882],[-122.394905,37.790882],[-122.39479,37.79079],[-122.39462,37.790928],[-122.39462,37.7912],[-122.39468,37.79124],[-122.394905,37.79124],[-122.39507,37.791378],[-122.39507,37.79147],[-122.39462,37.79183],[-122.39462,37.79192],[-122.39468,37.79196],[-122.39479,37.79196],[-122.39485,37.792007],[-122.39485,37.7921],[-122.394905,37.792145],[-122.39502,37.792145],[-122.39507,37.7921],[-122.39507,37.792007],[-122.395134,37.79196],[-122.39525,37.79196],[-122.3953,37.792007],[-122.3953,37.7921],[-122.39536,37.792145],[-122.39542,37.7921],[-122.39542,37.792007],[-122.39547,37.79196],[-122.395584,37.79196],[-122.395645,37.79192],[-122.39553,37.79183],[-122.39553,37.791737],[-122.395584,37.791695],[-122.39581,37.791695],[-122.39593,37.791782],[-122.39616,37.791782],[-122.39621,37.79183],[-122.39621,37.79192],[-122.39627,37.79196],[-122.39638,37.79196],[-122.39649,37.791874],[-122.39655,37.79192],[-122.39655,37.7921],[-122.39661,37.792145],[-122.39718,37.792145],[-122.39723,37.7921],[-122.39723,37.792007],[-122.397285,37.79196],[-122.397514,37.79196],[-122.39763,37.792053],[-122.39809,37.792053],[-122.398254,37.792187],[-122.398254,37.79237],[-122.39814,37.792458],[-122.39814,37.79255],[-122.398254,37.79264],[-122.398254,37.79273],[-122.39837,37.79282],[-122.39837,37.792908],[-122.39854,37.793045],[-122.39933,37.793045],[-122.39939,37.79309],[-122.39939,37.79327],[-122.39933,37.793316],[-122.399216,37.793316],[-122.398994,37.793133],[-122.39888,37.793133],[-122.3986,37.79336],[-122.3986,37.79345],[-122.39848,37.79354],[-122.3986,37.79363],[-122.3986,37.79372],[-122.39837,37.7939],[-122.39837,37.79408],[-122.39848,37.79417],[-122.39848,37.79462],[-122.3986,37.794712],[-122.3986,37.79489],[-122.39882,37.79507],[-122.39882,37.79534],[-122.39888,37.795387],[-122.398994,37.795387],[-122.39905,37.79534],[-122.39905,37.795254],[-122.39911,37.795208],[-122.399216,37.795296],[-122.39933,37.795296],[-122.39939,37.79534],[-122.39939,37.795433],[-122.39928,37.79552],[-122.39928,37.795612],[-122.39933,37.79566],[-122.399445,37.795567],[-122.39979,37.795567],[-122.3999,37.79548],[-122.399956,37.79552],[-122.399956,37.795612],[-122.3999,37.79566],[-122.39967,37.79566],[-122.39961,37.795704],[-122.39979,37.795837],[-122.3999,37.795746],[-122.40002,37.795746],[-122.40007,37.79579],[-122.40007,37.796062],[-122.40024,37.796196],[-122.40035,37.796196],[-122.40052,37.796333],[-122.40047,37.79638],[-122.40012,37.79638],[-122.40007,37.796333],[-122.40007,37.79624],[-122.40002,37.796196],[-122.399956,37.79624],[-122.399956,37.796425],[-122.39979,37.79656],[-122.39967,37.79656],[-122.399445,37.796738],[-122.39933,37.796738],[-122.39916,37.796875],[-122.39928,37.796963],[-122.39916,37.797054],[-122.399216,37.7971],[-122.39933,37.7971],[-122.39939,37.797142],[-122.39939,37.797234],[-122.399445,37.79728],[-122.39979,37.79728],[-122.3999,37.79737],[-122.40024,37.79737],[-122.4003,37.797413],[-122.4003,37.797775],[-122.400635,37.798046],[-122.40041,37.798225],[-122.40052,37.798317],[-122.40052,37.798584],[-122.400925,37.7989],[-122.40103,37.7989],[-122.401146,37.79881],[-122.40126,37.79881],[-122.40143,37.798676],[-122.40143,37.798584],[-122.40154,37.798496],[-122.40154,37.798317],[-122.40132,37.798134],[-122.40132,37.797596],[-122.40121,37.797504],[-122.40121,37.797413],[-122.40149,37.797188],[-122.40172,37.797188],[-122.402115,37.796875],[-122.402115,37.79669],[-122.40223,37.796604],[-122.402054,37.796467],[-122.40194,37.796467],[-122.40172,37.796288],[-122.4016,37.796288],[-122.40154,37.79624],[-122.40154,37.796154],[-122.40149,37.79611],[-122.400925,37.79611],[-122.40086,37.796062],[-122.40086,37.79552],[-122.40098,37.795433],[-122.40098,37.79534],[-122.401146,37.795208],[-122.40126,37.795208],[-122.40132,37.795254],[-122.40132,37.79534],[-122.40149,37.79548],[-122.4016,37.79548],[-122.40166,37.795433],[-122.40166,37.79534],[-122.40154,37.795254],[-122.40154,37.795162],[-122.4016,37.795116],[-122.40172,37.795116],[-122.40183,37.795025],[-122.40194,37.795025],[-122.402115,37.79489],[-122.402115,37.7948],[-122.402054,37.794758],[-122.40194,37.794758],[-122.401886,37.794712],[-122.401886,37.79462],[-122.40194,37.794575],[-122.40217,37.794575],[-122.40228,37.794487],[-122.40251,37.794487],[-122.402565,37.79444],[-122.402565,37.79435],[-122.40268,37.794262],[-122.402565,37.79417],[-122.402565,37.79372],[-122.402336,37.79354],[-122.402336,37.79336],[-122.40228,37.793316],[-122.40217,37.793316],[-122.402054,37.793224],[-122.40194,37.793224],[-122.40177,37.79336],[-122.40177,37.79354],[-122.40172,37.793587],[-122.40166,37.79354],[-122.40166,37.79309],[-122.40143,37.792908],[-122.40143,37.79282],[-122.40132,37.79273],[-122.40132,37.79237],[-122.40149,37.792233],[-122.4016,37.792233],[-122.40172,37.792324],[-122.40183,37.792324],[-122.402115,37.7921],[-122.402,37.792007],[-122.402,37.79183],[-122.40194,37.791782],[-122.40172,37.791782],[-122.40166,37.791737],[-122.40166,37.791557],[-122.4016,37.79151],[-122.40149,37.79151],[-122.40143,37.791557],[-122.40143,37.791737],[-122.401375,37.791782],[-122.401146,37.791782],[-122.40098,37.79165],[-122.40098,37.79147],[-122.40103,37.791424],[-122.40126,37.791424],[-122.40143,37.791286],[-122.40132,37.7912],[-122.40132,37.791016],[-122.40126,37.790974],[-122.401146,37.790974],[-122.40109,37.790928],[-122.40109,37.790836],[-122.40103,37.79079],[-122.40081,37.79079],[-122.400696,37.790703],[-122.40058,37.79079],[-122.40012,37.79079],[-122.40007,37.79075],[-122.40007,37.790565],[-122.40012,37.790524],[-122.40035,37.790524],[-122.40047,37.79061],[-122.40058,37.790524],[-122.40081,37.790524],[-122.40098,37.790386],[-122.40098,37.790295],[-122.40109,37.790207],[-122.40109,37.789936],[-122.40126,37.789803],[-122.4016,37.789803],[-122.40166,37.789845],[-122.40166,37.789936],[-122.40177,37.790028],[-122.40177,37.790386],[-122.40194,37.790524],[-122.40217,37.790524],[-122.40245,37.790295],[-122.40245,37.790207],[-122.40251,37.79016],[-122.402626,37.79016],[-122.40268,37.790115],[-122.40268,37.789936],[-122.402626,37.78989],[-122.40251,37.78989],[-122.40245,37.789845],[-122.40245,37.789577],[-122.40251,37.78953],[-122.402626,37.78953],[-122.40325,37.789036],[-122.40325,37.788944],[-122.40314,37.788857],[-122.40314,37.788673],[-122.40319,37.78863],[-122.403534,37.78863],[-122.40359,37.788673],[-122.40359,37.788765],[-122.40347,37.788857],[-122.403534,37.7889],[-122.403755,37.7889],[-122.40393,37.788765],[-122.40393,37.788673],[-122.403984,37.78863],[-122.404045,37.788673],[-122.404045,37.788857],[-122.40416,37.788944],[-122.40416,37.789036],[-122.40421,37.78908],[-122.40456,37.78908],[-122.40461,37.789124],[-122.40461,37.789215],[-122.40478,37.789352],[-122.40489,37.789352],[-122.40501,37.78944],[-122.405235,37.78944],[-122.40529,37.789486],[-122.40529,37.789577],[-122.40535,37.78962],[-122.405464,37.78962],[-122.405685,37.78944],[-122.40575,37.789486],[-122.40575,37.789845],[-122.4058,37.78989],[-122.405914,37.789803],[-122.40637,37.789803],[-122.40654,37.789936],[-122.40654,37.790115],[-122.40648,37.79016],[-122.40637,37.79016],[-122.40631,37.790207],[-122.40631,37.790565],[-122.40637,37.79061],[-122.40694,37.79061],[-122.40699,37.790657],[-122.40699,37.790928],[-122.40705,37.790974],[-122.40739,37.790974],[-122.4075,37.790882],[-122.407616,37.790882],[-122.40768,37.790836],[-122.40768,37.790565],[-122.40773,37.790524],[-122.407845,37.79061],[-122.40796,37.79061],[-122.408356,37.790295],[-122.40807,37.79007],[-122.40773,37.79007],[-122.40768,37.790028],[-122.40768,37.789577],[-122.40796,37.789352],[-122.40807,37.789352],[-122.40813,37.789394],[-122.40813,37.789486],[-122.4083,37.78962],[-122.40864,37.78962],[-122.409035,37.789307],[-122.409035,37.789215],[-122.40915,37.789124],[-122.40915,37.788944],[-122.40898,37.78881],[-122.40887,37.78881],[-122.408806,37.788765],[-122.40887,37.78872],[-122.40898,37.78872],[-122.409096,37.78863],[-122.40921,37.78863],[-122.40926,37.788586],[-122.40926,37.788494],[-122.40938,37.788406],[-122.40938,37.788315],[-122.40926,37.788223],[-122.40926,37.788044],[-122.40949,37.787865],[-122.40949,37.787773],[-122.40961,37.787685],[-122.40961,37.787594],[-122.40966,37.787548],[-122.40989,37.787727],[-122.41,37.787727],[-122.41012,37.78764],[-122.410225,37.78764],[-122.410286,37.787594],[-122.410286,37.786964],[-122.41012,37.786827],[-122.40989,37.786827],[-122.409775,37.78692],[-122.40943,37.78692],[-122.40932,37.786827],[-122.40887,37.786827],[-122.408806,37.78678],[-122.40887,37.78674],[-122.40921,37.78674],[-122.40926,37.786694],[-122.40926,37.786514],[-122.40932,37.78647],[-122.40943,37.78647],[-122.40949,37.786423],[-122.40949,37.786243],[-122.40961,37.78615],[-122.409546,37.786106],[-122.40943,37.786106],[-122.40926,37.785973],[-122.40926,37.78588],[-122.40943,37.785748],[-122.40966,37.785748],[-122.409775,37.785656],[-122.40989,37.785656],[-122.41,37.78557],[-122.410225,37.78557],[-122.410286,37.785522],[-122.410286,37.785072],[-122.41,37.784847],[-122.40989,37.784847],[-122.40983,37.7848],[-122.40983,37.78471],[-122.40971,37.784622],[-122.40994,37.78444],[-122.40983,37.78435],[-122.40983,37.78417],[-122.40966,37.784035],[-122.40898,37.784035],[-122.40892,37.78399],[-122.40892,37.78381],[-122.409096,37.783676],[-122.40932,37.783676],[-122.40938,37.78363],[-122.40938,37.78354],[-122.40949,37.78345],[-122.40949,37.78336],[-122.40938,37.783268],[-122.40938,37.78318],[-122.40926,37.78309],[-122.40926,37.78291],[-122.40938,37.782818],[-122.40932,37.782772],[-122.40898,37.782772],[-122.40887,37.782864],[-122.40875,37.782864],[-122.40864,37.782955],[-122.40841,37.782955],[-122.408356,37.78291],[-122.408356,37.782818],[-122.40824,37.78273],[-122.40824,37.782368],[-122.4083,37.782322],[-122.409096,37.782322],[-122.40915,37.782368],[-122.40915,37.78246],[-122.40921,37.782505],[-122.40943,37.782505],[-122.40966,37.782322],[-122.409775,37.782413],[-122.410225,37.782413],[-122.410286,37.782368],[-122.41017,37.782276],[-122.410225,37.782234],[-122.41034,37.782234],[-122.4104,37.78219],[-122.4104,37.78201],[-122.41017,37.781826],[-122.41017,37.781647],[-122.410286,37.78156],[-122.41017,37.781467],[-122.41017,37.781105],[-122.41006,37.781017],[-122.41006,37.780926],[-122.41012,37.78088],[-122.41034,37.78088],[-122.410515,37.780746],[-122.410515,37.780655],[-122.4104,37.780567],[-122.4104,37.780384],[-122.41034,37.780342],[-122.41012,37.780342],[-122.40989,37.78052],[-122.409775,37.78052],[-122.40971,37.780476],[-122.40971,37.780296],[-122.409775,37.78025],[-122.41034,37.78025],[-122.410515,37.780117],[-122.410286,37.779934],[-122.410286,37.779846],[-122.41017,37.779755],[-122.41017,37.779484],[-122.4104,37.779305],[-122.4104,37.779213],[-122.41045,37.77917],[-122.41068,37.77917],[-122.410736,37.779125],[-122.410736,37.779034],[-122.41085,37.778946],[-122.41085,37.778763],[-122.41091,37.77872],[-122.411026,37.77872],[-122.41108,37.778675],[-122.41091,37.778538],[-122.4108,37.77863],[-122.41062,37.778496],[-122.41062,37.778404],[-122.410515,37.778313],[-122.410515,37.778225],[-122.4104,37.778133],[-122.4104,37.777863],[-122.410515,37.777775],[-122.410515,37.777683],[-122.41068,37.77755],[-122.4108,37.77755],[-122.41108,37.77732],[-122.41108,37.777233],[-122.41085,37.777054],[-122.41085,37.776962],[-122.41062,37.776783],[-122.41062,37.77669],[-122.410515,37.776604],[-122.41068,37.776466],[-122.41091,37.776466],[-122.411026,37.776375],[-122.41113,37.776375],[-122.41131,37.776512],[-122.41131,37.776604],[-122.411476,37.776737],[-122.41159,37.776646],[-122.411705,37.776646],[-122.41176,37.776604],[-122.41176,37.77642],[-122.41199,37.77624],[-122.41199,37.77615],[-122.4121,37.776062],[-122.41199,37.77597],[-122.41199,37.7757],[-122.411934,37.775658],[-122.41182,37.775658],[-122.41176,37.77561],[-122.41176,37.77552],[-122.41187,37.77543],[-122.41187,37.77534],[-122.41176,37.77525],[-122.41182,37.775204],[-122.411934,37.775204],[-122.412155,37.775024],[-122.412384,37.775024],[-122.4125,37.775116],[-122.41261,37.775116],[-122.41267,37.77507],[-122.41267,37.77498],[-122.41278,37.77489],[-122.41278,37.7748],[-122.41301,37.77462],[-122.41301,37.77444],[-122.413124,37.77435],[-122.41295,37.774216],[-122.41284,37.774216],[-122.41278,37.77417],[-122.41278,37.77399],[-122.41301,37.773808]]],[[[-122.394455,37.772594],[-122.39434,37.772594],[-122.39428,37.77255],[-122.39428,37.772457],[-122.394226,37.77241],[-122.39377,37.77241],[-122.393654,37.772503],[-122.39355,37.772503],[-122.39343,37.772594],[-122.39332,37.772594],[-122.3932,37.772682],[-122.392975,37.772682],[-122.39292,37.772636],[-122.39292,37.77255],[-122.39269,37.772366],[-122.39269,37.772186],[-122.392525,37.772053],[-122.392296,37.772053],[-122.39207,37.772232],[-122.39184,37.772232],[-122.391785,37.772186],[-122.391785,37.772007],[-122.391556,37.771828],[-122.391556,37.771736],[-122.3915,37.77169],[-122.39139,37.77169],[-122.39133,37.771736],[-122.39133,37.771828],[-122.39127,37.771873],[-122.39116,37.771873],[-122.39099,37.772007],[-122.39116,37.77214],[-122.39127,37.77214],[-122.39133,37.772186],[-122.39133,37.772278],[-122.39127,37.772324],[-122.391045,37.772324],[-122.39093,37.77241],[-122.39082,37.77241],[-122.39065,37.772278],[-122.39065,37.771828],[-122.39053,37.771736],[-122.39053,37.77165],[-122.39048,37.771603],[-122.39025,37.771603],[-122.39014,37.77151],[-122.38923,37.77151],[-122.38895,37.771736],[-122.38895,37.772457],[-122.38889,37.772503],[-122.38855,37.772503],[-122.388435,37.772594],[-122.38832,37.772594],[-122.38827,37.772636],[-122.38827,37.77282],[-122.38821,37.77286],[-122.38809,37.77286],[-122.387985,37.772774],[-122.38787,37.772774],[-122.387695,37.772907],[-122.38781,37.773],[-122.38781,37.773087],[-122.387924,37.77318],[-122.387924,37.773357],[-122.387985,37.773403],[-122.38804,37.773357],[-122.38804,37.77327],[-122.38827,37.773087],[-122.38827,37.773],[-122.38832,37.772953],[-122.38838,37.773],[-122.38838,37.773087],[-122.3885,37.77318],[-122.3885,37.773357],[-122.38895,37.77372],[-122.38895,37.773808],[-122.38906,37.7739],[-122.38901,37.773945],[-122.38878,37.773945],[-122.388664,37.773853],[-122.38855,37.773945],[-122.38832,37.773945],[-122.38821,37.773853],[-122.38809,37.773945],[-122.38787,37.773945],[-122.38781,37.77399],[-122.387924,37.77408],[-122.38776,37.774216],[-122.38764,37.774216],[-122.387474,37.77408],[-122.387474,37.77345],[-122.38736,37.773357],[-122.38741,37.77331],[-122.38753,37.77331],[-122.38759,37.77327],[-122.38759,37.77318],[-122.38741,37.773045],[-122.3873,37.773045],[-122.38713,37.77318],[-122.38713,37.77327],[-122.387245,37.773357],[-122.387184,37.773403],[-122.38708,37.773403],[-122.38702,37.77345],[-122.38702,37.77354],[-122.3869,37.77363],[-122.3869,37.77372],[-122.386734,37.773853],[-122.38628,37.773853],[-122.38611,37.77399],[-122.38611,37.77408],[-122.386055,37.774124],[-122.385826,37.774124],[-122.38577,37.77417],[-122.38577,37.774258],[-122.38566,37.77435],[-122.38571,37.774406],[-122.3856,37.775192],[-122.38543,37.77534],[-122.38543,37.77543],[-122.3852,37.77561],[-122.3852,37.7757],[-122.38503,37.775837],[-122.38492,37.775837],[-122.384865,37.775883],[-122.38485,37.77597],[-122.38485,37.776062],[-122.38492,37.77612],[-122.387115,37.776512],[-122.387184,37.77657],[-122.39025,37.77657],[-122.39032,37.776512],[-122.39071,37.77612],[-122.39078,37.776062],[-122.39116,37.775665],[-122.39123,37.77561],[-122.39162,37.775215],[-122.391685,37.77516],[-122.392525,37.774857],[-122.39259,37.7748],[-122.392975,37.774406],[-122.39304,37.77435],[-122.39332,37.773956],[-122.39339,37.7739],[-122.39377,37.773506],[-122.393845,37.77345],[-122.39468,37.773056],[-122.39475,37.773],[-122.39474,37.772728],[-122.39468,37.772682],[-122.39456,37.772682],[-122.394455,37.772594]]]]}},{"type":"Feature","properties":{"contour":19},"geometry":{"type":"MultiPolygon","coordinates":[[[[-122.39018,37.776573],[-122.39026,37.776516],[-122.39064,37.776123],[-122.39071,37.776066],[-122.39109,37.775673],[-122.39117,37.775616],[-122.39155,37.775223],[-122.39162,37.775166],[-122.392456,37.774773],[-122.392525,37.774715],[-122.39291,37.774323],[-122.39298,37.774265],[-122.393364,37.773872],[-122.39343,37.773815],[-122.393814,37.77342],[-122.39389,37.773365],[-122.39473,37.77297],[-122.39478,37.772915],[-122.39478,37.77273],[-122.39473,37.77269],[-122.3945,37.77269],[-122.394325,37.772552],[-122.394325,37.772465],[-122.39422,37.772373],[-122.39422,37.772102],[-122.39416,37.772057],[-122.39371,37.772057],[-122.39359,37.77197],[-122.39348,37.77197],[-122.393364,37.771877],[-122.393135,37.771877],[-122.39308,37.771923],[-122.393196,37.77201],[-122.393135,37.772057],[-122.39291,37.772057],[-122.39274,37.771923],[-122.39274,37.77183],[-122.392685,37.771786],[-122.39257,37.771786],[-122.392456,37.771698],[-122.39234,37.771698],[-122.39223,37.771786],[-122.39189,37.771786],[-122.39183,37.771744],[-122.39183,37.771652],[-122.39166,37.77152],[-122.39155,37.771606],[-122.391205,37.771606],[-122.39109,37.77152],[-122.390755,37.77152],[-122.39064,37.771606],[-122.3903,37.771606],[-122.39013,37.771473],[-122.39013,37.77138],[-122.390015,37.77129],[-122.390015,37.771202],[-122.3899,37.77111],[-122.3899,37.771023],[-122.38973,37.770885],[-122.38917,37.770885],[-122.38899,37.771023],[-122.38899,37.771202],[-122.38911,37.77129],[-122.38911,37.77138],[-122.38899,37.771473],[-122.38899,37.77156],[-122.38894,37.771606],[-122.38871,37.771606],[-122.388596,37.77152],[-122.38848,37.771606],[-122.38837,37.771606],[-122.38831,37.771652],[-122.38831,37.772465],[-122.388145,37.7726],[-122.3878,37.7726],[-122.38757,37.77242],[-122.38735,37.77242],[-122.38724,37.772507],[-122.38701,37.772507],[-122.38684,37.772644],[-122.38684,37.77273],[-122.38678,37.772778],[-122.38671,37.772823],[-122.38684,37.773003],[-122.38678,37.77305],[-122.38671,37.773094],[-122.386215,37.7734],[-122.386154,37.773453],[-122.38627,37.773636],[-122.386444,37.77377],[-122.38655,37.77377],[-122.38661,37.773815],[-122.38655,37.77386],[-122.38599,37.77386],[-122.38582,37.773994],[-122.38582,37.774174],[-122.385704,37.774265],[-122.38576,37.774323],[-122.384964,37.7752],[-122.384895,37.775257],[-122.384895,37.776066],[-122.384964,37.776123],[-122.38716,37.776516],[-122.38724,37.776573],[-122.39018,37.776573]]],[[[-122.41482,37.770885],[-122.41476,37.77093],[-122.41487,37.771023],[-122.41482,37.771065],[-122.41459,37.771065],[-122.414474,37.770977],[-122.414246,37.770977],[-122.41413,37.771065],[-122.41402,37.771065],[-122.41391,37.771156],[-122.413795,37.771156],[-122.41345,37.770885],[-122.41334,37.770885],[-122.41322,37.770977],[-122.413,37.770977],[-122.41271,37.771202],[-122.41271,37.77129],[-122.41277,37.771336],[-122.41289,37.771336],[-122.41311,37.77152],[-122.41334,37.77152],[-122.4134,37.77156],[-122.4134,37.771923],[-122.41334,37.77197],[-122.41311,37.77197],[-122.413055,37.771923],[-122.413055,37.77183],[-122.41317,37.771744],[-122.41311,37.771698],[-122.413,37.771786],[-122.41289,37.771698],[-122.41266,37.771698],[-122.412605,37.771744],[-122.412605,37.771923],[-122.41271,37.77201],[-122.41266,37.772057],[-122.41243,37.772057],[-122.41226,37.772194],[-122.41226,37.772373],[-122.41215,37.772465],[-122.41215,37.772552],[-122.412094,37.7726],[-122.41198,37.7726],[-122.411865,37.772507],[-122.41175,37.772507],[-122.41158,37.772373],[-122.41158,37.77228],[-122.41152,37.772236],[-122.41107,37.772236],[-122.41101,37.772194],[-122.41101,37.771923],[-122.4109,37.77183],[-122.4109,37.771652],[-122.41073,37.77152],[-122.4105,37.77152],[-122.410385,37.771606],[-122.41005,37.771606],[-122.40999,37.77156],[-122.40999,37.771202],[-122.41005,37.771156],[-122.4101,37.771202],[-122.4101,37.77129],[-122.410164,37.771336],[-122.41028,37.771336],[-122.410385,37.771427],[-122.41084,37.771427],[-122.4109,37.77138],[-122.4109,37.77129],[-122.411125,37.77111],[-122.411125,37.77084],[-122.41084,37.770615],[-122.41073,37.770615],[-122.410675,37.770573],[-122.410675,37.77048],[-122.41073,37.770435],[-122.41096,37.770435],[-122.41101,37.77039],[-122.4109,37.7703],[-122.4109,37.77012],[-122.41078,37.77003],[-122.41078,37.76994],[-122.4109,37.76985],[-122.41078,37.76976],[-122.41078,37.76958],[-122.41073,37.769535],[-122.410614,37.769535],[-122.4105,37.769444],[-122.410385,37.769444],[-122.40999,37.76976],[-122.40999,37.76985],[-122.409935,37.769894],[-122.40982,37.769894],[-122.40954,37.76967],[-122.40954,37.76958],[-122.409256,37.769356],[-122.40908,37.76949],[-122.40908,37.76958],[-122.408966,37.76967],[-122.408966,37.76976],[-122.40886,37.76985],[-122.40886,37.77003],[-122.4088,37.770077],[-122.40868,37.769985],[-122.40846,37.769985],[-122.40829,37.76985],[-122.40829,37.76976],[-122.40846,37.769627],[-122.40857,37.769627],[-122.40868,37.769714],[-122.40886,37.76958],[-122.40886,37.76949],[-122.408745,37.769398],[-122.408745,37.76931],[-122.40868,37.769264],[-122.40857,37.769356],[-122.40846,37.769264],[-122.40812,37.769264],[-122.40806,37.76922],[-122.40806,37.76904],[-122.40789,37.768906],[-122.40766,37.768906],[-122.40749,37.76904],[-122.40749,37.76913],[-122.40744,37.769173],[-122.407326,37.769173],[-122.40721,37.769085],[-122.40704,37.76922],[-122.40704,37.76931],[-122.40698,37.769356],[-122.40687,37.769356],[-122.406815,37.76931],[-122.406815,37.76913],[-122.40675,37.769085],[-122.406075,37.769085],[-122.40596,37.768993],[-122.40574,37.768993],[-122.405624,37.768906],[-122.40556,37.768948],[-122.40556,37.76904],[-122.40568,37.76913],[-122.40568,37.76922],[-122.40574,37.769264],[-122.405846,37.769264],[-122.40591,37.76931],[-122.40591,37.769398],[-122.40602,37.76949],[-122.40602,37.76958],[-122.40596,37.769627],[-122.405846,37.769535],[-122.40574,37.769535],[-122.405624,37.769627],[-122.40551,37.769627],[-122.40523,37.769398],[-122.40523,37.76931],[-122.40511,37.76922],[-122.40511,37.76913],[-122.40505,37.769085],[-122.40482,37.769085],[-122.4046,37.769264],[-122.40449,37.769264],[-122.40432,37.76913],[-122.40432,37.76904],[-122.40426,37.768993],[-122.404144,37.768993],[-122.40398,37.76886],[-122.40398,37.76877],[-122.40409,37.76868],[-122.403915,37.768543],[-122.40375,37.76868],[-122.40386,37.76877],[-122.40381,37.768814],[-122.403694,37.768814],[-122.40358,37.768906],[-122.403465,37.768906],[-122.40341,37.768948],[-122.40341,37.76913],[-122.40324,37.769264],[-122.40312,37.769264],[-122.40307,37.76922],[-122.40307,37.76913],[-122.40318,37.76904],[-122.40312,37.768993],[-122.4029,37.768993],[-122.40284,37.76904],[-122.40284,37.76913],[-122.402954,37.76922],[-122.402954,37.76931],[-122.40279,37.769444],[-122.40256,37.769444],[-122.402504,37.769398],[-122.402504,37.768948],[-122.40244,37.768906],[-122.40233,37.768906],[-122.402275,37.76886],[-122.402275,37.76877],[-122.4021,37.768635],[-122.40188,37.768635],[-122.40182,37.76868],[-122.40182,37.76877],[-122.4017,37.76886],[-122.4017,37.768948],[-122.40165,37.768993],[-122.401535,37.768993],[-122.40142,37.768906],[-122.401306,37.768906],[-122.40114,37.76904],[-122.40114,37.76913],[-122.400856,37.769356],[-122.40074,37.769356],[-122.40018,37.768906],[-122.39995,37.768906],[-122.39983,37.768814],[-122.39972,37.768814],[-122.399605,37.768906],[-122.39949,37.768906],[-122.39944,37.768948],[-122.39944,37.76904],[-122.39955,37.76913],[-122.39955,37.769398],[-122.399666,37.76949],[-122.399666,37.76967],[-122.399376,37.769894],[-122.39927,37.769894],[-122.39921,37.76994],[-122.39921,37.77012],[-122.39932,37.77021],[-122.39932,37.7703],[-122.39949,37.770435],[-122.399605,37.770435],[-122.39977,37.770573],[-122.39977,37.77066],[-122.39989,37.770752],[-122.39989,37.77084],[-122.4,37.77093],[-122.4,37.771023],[-122.400116,37.77111],[-122.400116,37.77129],[-122.40023,37.77138],[-122.40023,37.77156],[-122.400345,37.771652],[-122.400345,37.771923],[-122.40023,37.77201],[-122.40023,37.772102],[-122.39977,37.772465],[-122.39977,37.77273],[-122.399666,37.772823],[-122.399666,37.772915],[-122.399605,37.772957],[-122.39949,37.772957],[-122.399376,37.77305],[-122.399155,37.77305],[-122.39904,37.77314],[-122.398926,37.77314],[-122.39881,37.77305],[-122.3987,37.77314],[-122.39858,37.77314],[-122.39836,37.77332],[-122.39825,37.77332],[-122.39802,37.7735],[-122.397675,37.7735],[-122.39762,37.773453],[-122.39762,37.773365],[-122.39751,37.773273],[-122.39751,37.773182],[-122.39739,37.773094],[-122.39739,37.772915],[-122.39745,37.77287],[-122.397675,37.77287],[-122.397736,37.772915],[-122.397736,37.773003],[-122.39785,37.773094],[-122.39785,37.773182],[-122.3979,37.773228],[-122.39796,37.773182],[-122.39796,37.772552],[-122.398186,37.772373],[-122.398186,37.77228],[-122.39813,37.772236],[-122.39802,37.772236],[-122.39779,37.772057],[-122.397675,37.772057],[-122.39756,37.77215],[-122.39745,37.77215],[-122.39728,37.77228],[-122.39728,37.772373],[-122.39711,37.772507],[-122.396996,37.772507],[-122.39688,37.7726],[-122.39677,37.7726],[-122.39665,37.772507],[-122.396545,37.772495],[-122.3962,37.772495],[-122.39613,37.772552],[-122.395294,37.772945],[-122.395226,37.773003],[-122.39484,37.7734],[-122.39477,37.773453],[-122.39439,37.77385],[-122.39432,37.773903],[-122.39348,37.7743],[-122.39341,37.774353],[-122.39302,37.77475],[-122.39295,37.774807],[-122.39211,37.7752],[-122.392044,37.775257],[-122.39166,37.77565],[-122.391594,37.775707],[-122.391205,37.7761],[-122.391136,37.776157],[-122.390755,37.77655],[-122.390686,37.776608],[-122.3903,37.777],[-122.39023,37.777058],[-122.38894,37.77745],[-122.38887,37.777508],[-122.388145,37.7779],[-122.38807,37.777958],[-122.38769,37.778355],[-122.38762,37.778408],[-122.38542,37.781506],[-122.385345,37.781563],[-122.385345,37.78192],[-122.38542,37.78198],[-122.384964,37.782406],[-122.384895,37.782463],[-122.384895,37.782825],[-122.384964,37.78288],[-122.38769,37.78331],[-122.38762,37.783363],[-122.38701,37.78556],[-122.38695,37.785618],[-122.38729,37.785976],[-122.38735,37.786022],[-122.38746,37.786022],[-122.38752,37.786068],[-122.38752,37.786156],[-122.38729,37.78634],[-122.38729,37.786427],[-122.38706,37.78661],[-122.38706,37.786697],[-122.38627,37.78733],[-122.38638,37.78742],[-122.38638,37.78751],[-122.38655,37.787643],[-122.386665,37.787556],[-122.386894,37.787556],[-122.38712,37.787735],[-122.3878,37.787735],[-122.387856,37.78778],[-122.387856,37.788048],[-122.38797,37.78814],[-122.38797,37.78841],[-122.38803,37.788456],[-122.38837,37.788456],[-122.38876,37.78814],[-122.38876,37.788048],[-122.38894,37.787914],[-122.38899,37.78796],[-122.38899,37.788048],[-122.38888,37.78814],[-122.38888,37.78823],[-122.38866,37.78841],[-122.38866,37.7885],[-122.38871,37.788544],[-122.388824,37.788544],[-122.38894,37.788456],[-122.38917,37.788456],[-122.389275,37.788364],[-122.3895,37.788364],[-122.38973,37.788185],[-122.38985,37.788185],[-122.3903,37.788544],[-122.39064,37.788544],[-122.390755,37.788456],[-122.39087,37.788456],[-122.39092,37.78841],[-122.39092,37.78823],[-122.39109,37.788094],[-122.391205,37.788094],[-122.391266,37.78814],[-122.391266,37.78832],[-122.39155,37.788544],[-122.39178,37.788544],[-122.391945,37.78868],[-122.391945,37.78886],[-122.39206,37.78895],[-122.39206,37.78913],[-122.392,37.789177],[-122.39189,37.789085],[-122.391716,37.78922],[-122.391716,37.78931],[-122.39183,37.789402],[-122.39183,37.78949],[-122.391716,37.78958],[-122.39178,37.789627],[-122.39211,37.789627],[-122.39217,37.78958],[-122.39217,37.78949],[-122.39223,37.789448],[-122.39257,37.789448],[-122.3928,37.789265],[-122.39291,37.789265],[-122.39308,37.789402],[-122.39308,37.78949],[-122.393196,37.78958],[-122.393196,37.789852],[-122.39308,37.78994],[-122.393196,37.79003],[-122.393196,37.79021],[-122.39331,37.790302],[-122.393196,37.790394],[-122.393196,37.79048],[-122.393135,37.790527],[-122.39302,37.790527],[-122.39297,37.790573],[-122.39297,37.79066],[-122.393196,37.790844],[-122.393196,37.79093],[-122.393364,37.79107],[-122.39348,37.79107],[-122.39353,37.791023],[-122.39353,37.79093],[-122.39359,37.790886],[-122.393814,37.790886],[-122.393875,37.79093],[-122.393875,37.79111],[-122.39399,37.791203],[-122.39399,37.79138],[-122.39422,37.791565],[-122.39399,37.791744],[-122.39399,37.791924],[-122.394104,37.792015],[-122.39399,37.792103],[-122.39422,37.792286],[-122.39416,37.792328],[-122.39404,37.792328],[-122.39399,37.792374],[-122.39404,37.79242],[-122.39416,37.79242],[-122.39427,37.792328],[-122.39444,37.792465],[-122.39439,37.79251],[-122.39427,37.79251],[-122.39422,37.792553],[-122.39427,37.7926],[-122.39439,37.7926],[-122.3945,37.79251],[-122.394615,37.7926],[-122.39473,37.79251],[-122.39478,37.792553],[-122.39478,37.792645],[-122.39484,37.79269],[-122.39495,37.79269],[-122.395065,37.7926],[-122.39518,37.79269],[-122.395294,37.7926],[-122.39552,37.7926],[-122.39564,37.79269],[-122.39586,37.79269],[-122.39592,37.792645],[-122.39592,37.792553],[-122.39597,37.79251],[-122.39609,37.79251],[-122.39614,37.792465],[-122.39614,37.792194],[-122.3962,37.79215],[-122.39632,37.79215],[-122.39637,37.792194],[-122.39637,37.792286],[-122.39643,37.792328],[-122.39677,37.792328],[-122.39683,37.792374],[-122.39683,37.792465],[-122.39677,37.79251],[-122.39665,37.79251],[-122.396484,37.792645],[-122.3966,37.792736],[-122.3966,37.792915],[-122.396484,37.793003],[-122.396484,37.793095],[-122.3966,37.793186],[-122.3966,37.793274],[-122.39665,37.79332],[-122.39688,37.79332],[-122.396996,37.793232],[-122.39711,37.79332],[-122.397224,37.79332],[-122.39728,37.793274],[-122.39728,37.793186],[-122.39734,37.79314],[-122.39745,37.79314],[-122.39751,37.793095],[-122.39751,37.793003],[-122.39756,37.79296],[-122.39762,37.793003],[-122.39762,37.793095],[-122.397675,37.79314],[-122.39779,37.79314],[-122.39785,37.793095],[-122.397736,37.793003],[-122.3979,37.79287],[-122.39825,37.79314],[-122.39836,37.79305],[-122.398415,37.793095],[-122.398415,37.793186],[-122.3983,37.793274],[-122.3983,37.793457],[-122.398186,37.793545],[-122.398186,37.793636],[-122.3983,37.793724],[-122.3983,37.793816],[-122.39825,37.79386],[-122.39813,37.79386],[-122.39796,37.793724],[-122.39796,37.793545],[-122.39779,37.79341],[-122.397736,37.793457],[-122.397736,37.793545],[-122.39762,37.793636],[-122.39762,37.793724],[-122.39739,37.793907],[-122.39739,37.793995],[-122.397224,37.794132],[-122.39711,37.794132],[-122.39705,37.794178],[-122.39705,37.794357],[-122.39694,37.794445],[-122.39694,37.794537],[-122.39688,37.794582],[-122.39665,37.794582],[-122.3966,37.79463],[-122.39677,37.79476],[-122.39688,37.79467],[-122.396996,37.79467],[-122.39728,37.794895],[-122.39728,37.795166],[-122.39734,37.79521],[-122.39745,37.79521],[-122.39756,37.795303],[-122.397675,37.795303],[-122.39802,37.795574],[-122.39813,37.795574],[-122.398415,37.79535],[-122.398415,37.795166],[-122.3983,37.79508],[-122.39858,37.794853],[-122.39876,37.794987],[-122.39876,37.79508],[-122.39864,37.795166],[-122.39864,37.795258],[-122.39853,37.79535],[-122.39853,37.795708],[-122.39864,37.7958],[-122.39864,37.795887],[-122.3987,37.795933],[-122.39881,37.795933],[-122.39904,37.796112],[-122.39927,37.796112],[-122.39932,37.796158],[-122.39932,37.79625],[-122.39921,37.796337],[-122.39921,37.79643],[-122.398926,37.796654],[-122.39881,37.796654],[-122.39876,37.7967],[-122.39876,37.79697],[-122.3987,37.797012],[-122.39858,37.796925],[-122.39836,37.796925],[-122.3983,37.79697],[-122.3983,37.79706],[-122.398186,37.79715],[-122.39847,37.797375],[-122.39858,37.797375],[-122.39881,37.797554],[-122.39904,37.797554],[-122.39944,37.79787],[-122.39944,37.79796],[-122.39949,37.798004],[-122.399605,37.798004],[-122.39983,37.798187],[-122.39995,37.798187],[-122.40023,37.79796],[-122.40023,37.79769],[-122.40028,37.797646],[-122.400345,37.79769],[-122.400345,37.79814],[-122.40046,37.79823],[-122.40046,37.7985],[-122.4004,37.798546],[-122.400345,37.7985],[-122.400345,37.798412],[-122.40018,37.798275],[-122.39995,37.798275],[-122.39955,37.79859],[-122.39955,37.79868],[-122.39972,37.798817],[-122.39983,37.798817],[-122.40006,37.798996],[-122.40018,37.798996],[-122.40023,37.79895],[-122.40023,37.79877],[-122.4004,37.798637],[-122.40046,37.79868],[-122.40046,37.79877],[-122.40057,37.798862],[-122.40057,37.799133],[-122.40063,37.799175],[-122.400856,37.799175],[-122.40097,37.799088],[-122.401306,37.799088],[-122.40137,37.79904],[-122.40137,37.79895],[-122.40148,37.798862],[-122.40148,37.79868],[-122.401596,37.79859],[-122.401596,37.798412],[-122.40148,37.79832],[-122.40148,37.79823],[-122.40165,37.798096],[-122.401764,37.798096],[-122.40193,37.79796],[-122.40193,37.79778],[-122.40199,37.797733],[-122.402214,37.797733],[-122.402275,37.79769],[-122.402275,37.79715],[-122.40233,37.797104],[-122.40244,37.797104],[-122.40256,37.797195],[-122.40279,37.797012],[-122.4029,37.797012],[-122.402954,37.79697],[-122.40284,37.79688],[-122.40284,37.7967],[-122.4029,37.796654],[-122.40301,37.796654],[-122.40318,37.79652],[-122.40307,37.79643],[-122.40307,37.796337],[-122.40301,37.796295],[-122.4029,37.796295],[-122.40279,37.796383],[-122.40267,37.796383],[-122.40261,37.796337],[-122.40261,37.796158],[-122.40244,37.796024],[-122.4021,37.796024],[-122.40205,37.79598],[-122.40205,37.795887],[-122.40193,37.7958],[-122.40199,37.795753],[-122.402214,37.795753],[-122.402275,37.795708],[-122.4021,37.795574],[-122.40199,37.795662],[-122.40193,37.795616],[-122.40193,37.79553],[-122.40199,37.795483],[-122.402214,37.795483],[-122.40239,37.79535],[-122.40239,37.795258],[-122.40244,37.79521],[-122.40256,37.79521],[-122.40267,37.79512],[-122.40279,37.79512],[-122.40284,37.79508],[-122.40284,37.794895],[-122.40318,37.79463],[-122.40307,37.794537],[-122.40307,37.794445],[-122.40312,37.794403],[-122.403465,37.794403],[-122.40352,37.794357],[-122.40352,37.793907],[-122.40358,37.79386],[-122.40381,37.79386],[-122.40386,37.793816],[-122.40386,37.793724],[-122.40375,37.793636],[-122.40375,37.793545],[-122.403694,37.7935],[-122.40358,37.7935],[-122.403465,37.79359],[-122.40341,37.793545],[-122.40341,37.793457],[-122.40324,37.79332],[-122.40279,37.79332],[-122.40267,37.79341],[-122.40256,37.79341],[-122.402504,37.793365],[-122.402504,37.793274],[-122.40239,37.793186],[-122.40239,37.792824],[-122.402275,37.792736],[-122.402275,37.792374],[-122.40244,37.79224],[-122.40256,37.79224],[-122.40267,37.79215],[-122.4029,37.79215],[-122.402954,37.792103],[-122.402954,37.791565],[-122.40279,37.791428],[-122.40267,37.791428],[-122.40256,37.79152],[-122.40244,37.79152],[-122.40216,37.791294],[-122.402214,37.79125],[-122.40233,37.79125],[-122.40261,37.791023],[-122.40261,37.79093],[-122.402725,37.790844],[-122.40261,37.790752],[-122.40267,37.790707],[-122.40279,37.790707],[-122.40284,37.79066],[-122.40284,37.790573],[-122.4029,37.790527],[-122.40301,37.790527],[-122.40307,37.79048],[-122.40307,37.78994],[-122.40284,37.78976],[-122.40284,37.789673],[-122.402725,37.78958],[-122.402725,37.78949],[-122.40312,37.789177],[-122.40335,37.789177],[-122.40341,37.78922],[-122.40341,37.78958],[-122.403465,37.789627],[-122.40358,37.789627],[-122.403694,37.789536],[-122.403915,37.789536],[-122.40403,37.789448],[-122.40426,37.789448],[-122.404655,37.78976],[-122.404655,37.789852],[-122.40482,37.789986],[-122.40494,37.789986],[-122.40505,37.790077],[-122.40517,37.790077],[-122.40523,37.790123],[-122.40523,37.79021],[-122.405334,37.790302],[-122.40523,37.790394],[-122.40523,37.79066],[-122.40551,37.790886],[-122.40574,37.790886],[-122.405846,37.7908],[-122.40619,37.7908],[-122.40624,37.790844],[-122.40624,37.79111],[-122.40653,37.79134],[-122.40665,37.79134],[-122.406815,37.791473],[-122.406815,37.791565],[-122.40687,37.791607],[-122.40721,37.791607],[-122.407265,37.791653],[-122.407265,37.791744],[-122.407326,37.79179],[-122.407555,37.79179],[-122.40761,37.791744],[-122.40761,37.791653],[-122.40749,37.791565],[-122.407555,37.79152],[-122.40766,37.79152],[-122.407776,37.791607],[-122.40784,37.791565],[-122.40784,37.791294],[-122.40789,37.79125],[-122.408005,37.79134],[-122.40812,37.79134],[-122.40817,37.791294],[-122.40817,37.791203],[-122.40829,37.79111],[-122.40817,37.791023],[-122.40817,37.79093],[-122.40812,37.790886],[-122.408005,37.790886],[-122.40784,37.791023],[-122.40784,37.791203],[-122.407776,37.79125],[-122.40772,37.791203],[-122.40772,37.790844],[-122.407776,37.7908],[-122.40789,37.7908],[-122.40823,37.790527],[-122.40857,37.790527],[-122.40868,37.79062],[-122.409195,37.79021],[-122.409195,37.790123],[-122.40931,37.79003],[-122.40931,37.78994],[-122.40908,37.78976],[-122.40908,37.789673],[-122.409195,37.78958],[-122.409195,37.78949],[-122.409256,37.789448],[-122.40937,37.789536],[-122.409706,37.789536],[-122.40977,37.78949],[-122.40977,37.789402],[-122.409874,37.78931],[-122.40977,37.78922],[-122.409874,37.78913],[-122.409874,37.78904],[-122.40959,37.788815],[-122.40948,37.788815],[-122.40937,37.788906],[-122.409256,37.788906],[-122.409195,37.78886],[-122.409195,37.78859],[-122.40931,37.7885],[-122.40931,37.78841],[-122.40937,37.788364],[-122.40959,37.788364],[-122.40965,37.78841],[-122.40965,37.78859],[-122.40982,37.788727],[-122.410385,37.788727],[-122.41056,37.78859],[-122.410446,37.7885],[-122.410446,37.78832],[-122.4105,37.788277],[-122.410614,37.788364],[-122.41073,37.788364],[-122.41078,37.78832],[-122.41078,37.788048],[-122.4109,37.78796],[-122.4109,37.78787],[-122.41073,37.787735],[-122.410614,37.787735],[-122.41056,37.78769],[-122.410614,37.787643],[-122.41073,37.787643],[-122.41078,37.787598],[-122.41078,37.78706],[-122.410675,37.78697],[-122.410675,37.78679],[-122.4105,37.78665],[-122.410385,37.78665],[-122.41033,37.78661],[-122.41056,37.786427],[-122.41056,37.786247],[-122.410446,37.786156],[-122.410446,37.786068],[-122.41033,37.785976],[-122.41033,37.785168],[-122.41022,37.785076],[-122.41022,37.784985],[-122.4101,37.784897],[-122.4101,37.784805],[-122.410164,37.78476],[-122.410385,37.78476],[-122.41056,37.784626],[-122.41056,37.784084],[-122.410385,37.78395],[-122.410164,37.78395],[-122.41005,37.78404],[-122.40982,37.78404],[-122.40977,37.783997],[-122.40977,37.783813],[-122.409874,37.783726],[-122.409874,37.783634],[-122.409935,37.78359],[-122.410164,37.78359],[-122.41033,37.783455],[-122.41033,37.783276],[-122.40999,37.783005],[-122.40999,37.782913],[-122.41028,37.78269],[-122.410614,37.78269],[-122.41073,37.7826],[-122.41096,37.7826],[-122.41119,37.782417],[-122.41129,37.782417],[-122.411354,37.782375],[-122.411354,37.782104],[-122.41129,37.78206],[-122.41119,37.78206],[-122.411125,37.782013],[-122.411125,37.781742],[-122.41124,37.781654],[-122.41107,37.781517],[-122.41073,37.781517],[-122.410675,37.78147],[-122.41101,37.7812],[-122.41101,37.781113],[-122.41078,37.780933],[-122.41078,37.78084],[-122.410675,37.78075],[-122.410675,37.78039],[-122.41078,37.7803],[-122.41078,37.780212],[-122.41101,37.78003],[-122.4109,37.77994],[-122.4109,37.77985],[-122.41107,37.779716],[-122.41119,37.779716],[-122.41141,37.779537],[-122.41152,37.779537],[-122.41158,37.77949],[-122.41147,37.7794],[-122.41147,37.77922],[-122.41152,37.779175],[-122.41164,37.779175],[-122.4117,37.77913],[-122.41147,37.77895],[-122.41147,37.77886],[-122.411354,37.77877],[-122.411354,37.7785],[-122.41158,37.77832],[-122.41158,37.77805],[-122.41107,37.777645],[-122.41084,37.777645],[-122.41078,37.7776],[-122.41078,37.777508],[-122.41084,37.777462],[-122.41096,37.777462],[-122.41101,37.77742],[-122.41101,37.77733],[-122.41129,37.777103],[-122.41141,37.777103],[-122.41152,37.77719],[-122.41175,37.77719],[-122.411865,37.777283],[-122.4122,37.77701],[-122.412315,37.777103],[-122.41243,37.777103],[-122.41266,37.777283],[-122.41271,37.777237],[-122.41271,37.777058],[-122.41249,37.77688],[-122.41249,37.776787],[-122.412605,37.7767],[-122.412605,37.776608],[-122.41283,37.77643],[-122.412605,37.776245],[-122.412605,37.776157],[-122.41192,37.775616],[-122.41192,37.775528],[-122.411804,37.775436],[-122.411804,37.775257],[-122.412094,37.775032],[-122.412544,37.775032],[-122.41283,37.775257],[-122.41283,37.775345],[-122.41294,37.775436],[-122.41294,37.775528],[-122.41311,37.77566],[-122.413284,37.775528],[-122.413284,37.775436],[-122.413734,37.775074],[-122.4134,37.774807],[-122.41345,37.77476],[-122.41357,37.77476],[-122.41368,37.77485],[-122.413734,37.774807],[-122.413734,37.774445],[-122.41368,37.7744],[-122.41362,37.774445],[-122.41362,37.774536],[-122.41357,37.774582],[-122.41334,37.774582],[-122.413284,37.774536],[-122.413284,37.774445],[-122.41317,37.774353],[-122.41317,37.774174],[-122.413055,37.774086],[-122.413055,37.773994],[-122.41294,37.773903],[-122.41294,37.773815],[-122.413055,37.773724],[-122.413055,37.773636],[-122.413284,37.773453],[-122.413284,37.773365],[-122.41385,37.772915],[-122.41385,37.772823],[-122.41402,37.77269],[-122.414246,37.77269],[-122.41436,37.7726],[-122.414474,37.7726],[-122.41459,37.772507],[-122.4147,37.772507],[-122.41476,37.772552],[-122.41464,37.772644],[-122.41464,37.772823],[-122.41482,37.772957],[-122.41504,37.772957],[-122.415215,37.772823],[-122.4151,37.77273],[-122.415215,37.772644],[-122.415215,37.772465],[-122.41504,37.772327],[-122.41482,37.772327],[-122.41476,37.77228],[-122.41487,37.772194],[-122.41487,37.77201],[-122.414925,37.77197],[-122.41515,37.77197],[-122.415215,37.771923],[-122.415215,37.77183],[-122.41533,37.771744],[-122.415215,37.771652],[-122.415215,37.77138],[-122.41515,37.771336],[-122.41504,37.771336],[-122.414986,37.77129],[-122.414986,37.77111],[-122.4151,37.771023],[-122.414925,37.770885],[-122.41482,37.770885]]]]}},{"type":"Feature","properties":{"contour":20},"geometry":{"type":"MultiPolygon","coordinates":[[[[-122.4141,37.770576],[-122.4141,37.770664],[-122.41427,37.7708],[-122.41438,37.7708],[-122.4145,37.77071],[-122.41461,37.77071],[-122.414665,37.770756],[-122.41438,37.77098],[-122.41427,37.77098],[-122.414154,37.771072],[-122.41404,37.771072],[-122.41393,37.77116],[-122.41382,37.77116],[-122.413475,37.770893],[-122.41336,37.770893],[-122.413246,37.77098],[-122.413025,37.77098],[-122.412964,37.770935],[-122.412964,37.770756],[-122.413025,37.77071],[-122.413246,37.77071],[-122.41331,37.770664],[-122.41331,37.770576],[-122.413246,37.77053],[-122.41313,37.77053],[-122.41308,37.770485],[-122.41308,37.770397],[-122.413025,37.77035],[-122.41234,37.77035],[-122.412056,37.770576],[-122.412056,37.770664],[-122.41217,37.770756],[-122.41217,37.770935],[-122.412285,37.771027],[-122.412056,37.771206],[-122.412056,37.771297],[-122.41217,37.771385],[-122.41217,37.771477],[-122.4124,37.771656],[-122.4124,37.77202],[-122.41234,37.772064],[-122.412,37.771793],[-122.41189,37.771793],[-122.41183,37.771748],[-122.41183,37.77157],[-122.41177,37.771523],[-122.41166,37.771523],[-122.41138,37.771297],[-122.41138,37.771206],[-122.41126,37.77112],[-122.41126,37.771027],[-122.41115,37.770935],[-122.41126,37.770847],[-122.41126,37.770664],[-122.41092,37.770397],[-122.41092,37.770306],[-122.41098,37.77026],[-122.411095,37.77026],[-122.41121,37.770172],[-122.41143,37.770172],[-122.41172,37.769947],[-122.41172,37.769764],[-122.41177,37.76972],[-122.41189,37.76972],[-122.41194,37.769676],[-122.41194,37.769585],[-122.41183,37.769493],[-122.41183,37.769405],[-122.41177,37.76936],[-122.41166,37.76936],[-122.411545,37.76945],[-122.41143,37.76945],[-122.41138,37.769405],[-122.41138,37.769314],[-122.41115,37.769135],[-122.41126,37.769043],[-122.41121,37.769],[-122.411095,37.769],[-122.410866,37.768818],[-122.41081,37.768864],[-122.41081,37.768955],[-122.4107,37.769043],[-122.4107,37.769226],[-122.41064,37.769268],[-122.41052,37.769268],[-122.41041,37.76918],[-122.4103,37.76918],[-122.41024,37.769226],[-122.41024,37.769314],[-122.41019,37.76936],[-122.41007,37.76936],[-122.40996,37.769268],[-122.4095,37.769268],[-122.40939,37.76936],[-122.40922,37.769226],[-122.40922,37.768955],[-122.40905,37.768818],[-122.40882,37.768818],[-122.40871,37.76873],[-122.408485,37.76873],[-122.40837,37.768818],[-122.40826,37.768818],[-122.407974,37.768593],[-122.408195,37.768414],[-122.40803,37.76828],[-122.407684,37.76828],[-122.40763,37.768322],[-122.40763,37.768593],[-122.407745,37.768684],[-122.407745,37.768864],[-122.407684,37.76891],[-122.40746,37.76891],[-122.407234,37.76873],[-122.40712,37.768818],[-122.40689,37.768818],[-122.406494,37.768505],[-122.406494,37.768414],[-122.40644,37.768368],[-122.40633,37.768368],[-122.406265,37.768322],[-122.406265,37.768234],[-122.4061,37.768097],[-122.40565,37.768097],[-122.40536,37.768322],[-122.40547,37.768414],[-122.40547,37.768505],[-122.40542,37.768547],[-122.405304,37.768547],[-122.40519,37.76846],[-122.405075,37.76846],[-122.404854,37.76828],[-122.404564,37.768505],[-122.404564,37.768772],[-122.40468,37.768864],[-122.40468,37.768955],[-122.404625,37.769],[-122.40451,37.769],[-122.40445,37.768955],[-122.40445,37.768864],[-122.40434,37.768772],[-122.40434,37.768684],[-122.40377,37.768234],[-122.40377,37.768143],[-122.40372,37.768097],[-122.40349,37.768097],[-122.403435,37.768143],[-122.403435,37.768322],[-122.40337,37.768368],[-122.40326,37.76828],[-122.40303,37.76828],[-122.40292,37.76819],[-122.402695,37.768368],[-122.40258,37.768368],[-122.40253,37.768414],[-122.40253,37.768505],[-122.402466,37.768547],[-122.40241,37.768505],[-122.40241,37.768322],[-122.4023,37.768234],[-122.4023,37.768055],[-122.402016,37.767826],[-122.40156,37.767826],[-122.401505,37.76787],[-122.401505,37.767963],[-122.40139,37.768055],[-122.40139,37.768234],[-122.40162,37.768414],[-122.40162,37.768505],[-122.401505,37.768593],[-122.401505,37.768772],[-122.40133,37.76891],[-122.40111,37.76873],[-122.40099,37.76873],[-122.40082,37.768593],[-122.40082,37.768505],[-122.400764,37.76846],[-122.40065,37.76846],[-122.400536,37.768368],[-122.40031,37.768368],[-122.40025,37.768414],[-122.40042,37.768547],[-122.400536,37.768547],[-122.4006,37.768593],[-122.4002,37.76891],[-122.39997,37.76873],[-122.39986,37.76873],[-122.39974,37.76864],[-122.39951,37.76864],[-122.39906,37.76828],[-122.398155,37.76828],[-122.398094,37.768322],[-122.398094,37.768505],[-122.39776,37.768772],[-122.39776,37.768864],[-122.397644,37.768955],[-122.397644,37.769043],[-122.39753,37.769135],[-122.39753,37.769314],[-122.3973,37.769493],[-122.3973,37.769585],[-122.39736,37.76963],[-122.39748,37.76963],[-122.39758,37.76972],[-122.3977,37.76972],[-122.39776,37.769764],[-122.397644,37.769855],[-122.397644,37.769947],[-122.39776,37.770035],[-122.39776,37.770214],[-122.39781,37.77026],[-122.39793,37.77026],[-122.39804,37.770172],[-122.398155,37.77026],[-122.39827,37.77026],[-122.398384,37.77035],[-122.39855,37.770214],[-122.39855,37.770126],[-122.39872,37.76999],[-122.39918,37.76999],[-122.39923,37.770035],[-122.39923,37.770214],[-122.399345,37.770306],[-122.399345,37.770397],[-122.3994,37.77044],[-122.39963,37.77044],[-122.39969,37.770485],[-122.39969,37.770576],[-122.39991,37.770756],[-122.39991,37.770847],[-122.400024,37.770935],[-122.400024,37.771027],[-122.40014,37.77112],[-122.40014,37.771385],[-122.40025,37.771477],[-122.40025,37.771656],[-122.40037,37.771748],[-122.40037,37.77184],[-122.40025,37.771927],[-122.40025,37.772106],[-122.400085,37.772243],[-122.39997,37.772243],[-122.39991,37.77229],[-122.39991,37.772377],[-122.3998,37.77247],[-122.3998,37.772648],[-122.39969,37.77274],[-122.39969,37.77292],[-122.39963,37.772964],[-122.39951,37.772964],[-122.3994,37.773052],[-122.39918,37.773052],[-122.39906,37.773144],[-122.398834,37.773144],[-122.39867,37.77301],[-122.39867,37.772827],[-122.39855,37.77274],[-122.39855,37.772648],[-122.39832,37.77247],[-122.39832,37.772198],[-122.39844,37.772106],[-122.39844,37.77202],[-122.39849,37.771973],[-122.398834,37.771973],[-122.398895,37.771927],[-122.398895,37.771748],[-122.398834,37.7717],[-122.39872,37.7717],[-122.39867,37.771656],[-122.39878,37.77157],[-122.39872,37.771523],[-122.398605,37.77161],[-122.39849,37.771523],[-122.39827,37.7717],[-122.39821,37.771656],[-122.39821,37.77157],[-122.398155,37.771523],[-122.398094,37.77157],[-122.398094,37.771656],[-122.39821,37.771748],[-122.398155,37.771793],[-122.39804,37.771793],[-122.39799,37.771748],[-122.39799,37.771477],[-122.39793,37.77143],[-122.397644,37.771656],[-122.397644,37.77184],[-122.39758,37.77188],[-122.39753,37.77184],[-122.39753,37.77157],[-122.39748,37.771523],[-122.3974,37.77157],[-122.39725,37.771603],[-122.39713,37.77161],[-122.39707,37.771656],[-122.397064,37.771748],[-122.396904,37.772053],[-122.396675,37.772064],[-122.39662,37.772106],[-122.39661,37.772198],[-122.39616,37.772556],[-122.39532,37.772953],[-122.39525,37.77301],[-122.39486,37.773403],[-122.39479,37.77346],[-122.39441,37.773853],[-122.39434,37.77391],[-122.3935,37.774303],[-122.39343,37.77436],[-122.39304,37.774754],[-122.392975,37.77481],[-122.392136,37.775204],[-122.39207,37.77526],[-122.391685,37.775654],[-122.39162,37.77571],[-122.39123,37.776104],[-122.39116,37.77616],[-122.39078,37.776558],[-122.39071,37.77661],[-122.39032,37.777008],[-122.39025,37.77706],[-122.38896,37.77746],[-122.38889,37.77751],[-122.388054,37.77791],[-122.387985,37.777966],[-122.387596,37.77836],[-122.38753,37.778416],[-122.385445,37.781513],[-122.38537,37.781567],[-122.38537,37.78193],[-122.385445,37.781986],[-122.38499,37.782413],[-122.38492,37.782467],[-122.38492,37.78283],[-122.38499,37.782887],[-122.387596,37.783314],[-122.38753,37.78337],[-122.38601,37.785564],[-122.38584,37.785713],[-122.38584,37.785892],[-122.38573,37.785984],[-122.38584,37.78607],[-122.38584,37.786343],[-122.38601,37.786476],[-122.38624,37.786476],[-122.38635,37.78639],[-122.38647,37.78639],[-122.38669,37.78621],[-122.3868,37.78621],[-122.38698,37.78607],[-122.38698,37.7858],[-122.38703,37.78576],[-122.387375,37.786026],[-122.38748,37.786026],[-122.38754,37.78607],[-122.38754,37.78625],[-122.38748,37.786297],[-122.387375,37.786297],[-122.387085,37.786522],[-122.387085,37.786613],[-122.38698,37.786705],[-122.38698,37.786793],[-122.38629,37.787334],[-122.38629,37.787422],[-122.38657,37.78765],[-122.38669,37.78756],[-122.38692,37.78756],[-122.38698,37.787605],[-122.38698,37.787693],[-122.38703,37.78774],[-122.38771,37.78774],[-122.387886,37.787876],[-122.387886,37.788143],[-122.38799,37.788235],[-122.38799,37.788414],[-122.388054,37.78846],[-122.38839,37.78846],[-122.388794,37.788143],[-122.388794,37.788055],[-122.38885,37.78801],[-122.38896,37.78801],[-122.389015,37.788055],[-122.3889,37.788143],[-122.3889,37.788235],[-122.38868,37.788414],[-122.38868,37.788506],[-122.38873,37.78855],[-122.38885,37.78855],[-122.38896,37.78846],[-122.38908,37.78846],[-122.38919,37.78837],[-122.38953,37.78837],[-122.38959,37.788326],[-122.38959,37.788235],[-122.389755,37.7881],[-122.39032,37.78855],[-122.39055,37.78855],[-122.39066,37.78846],[-122.39089,37.78846],[-122.390945,37.788414],[-122.39083,37.788326],[-122.39111,37.7881],[-122.391174,37.788143],[-122.391174,37.788506],[-122.39106,37.788593],[-122.39106,37.789135],[-122.390945,37.789227],[-122.390945,37.789314],[-122.39111,37.78945],[-122.39123,37.78945],[-122.39129,37.789497],[-122.391174,37.789585],[-122.391174,37.78977],[-122.39146,37.789993],[-122.391685,37.789993],[-122.3918,37.7899],[-122.39225,37.79026],[-122.392365,37.790173],[-122.39259,37.790173],[-122.39265,37.79022],[-122.39253,37.790306],[-122.39265,37.790398],[-122.39265,37.790485],[-122.39276,37.790577],[-122.39276,37.79067],[-122.39253,37.790848],[-122.39265,37.79094],[-122.39259,37.79098],[-122.39248,37.79098],[-122.392426,37.791027],[-122.392426,37.791298],[-122.39253,37.79139],[-122.392426,37.791477],[-122.39248,37.791523],[-122.39259,37.791523],[-122.39271,37.791615],[-122.39294,37.79143],[-122.39316,37.79143],[-122.39367,37.79184],[-122.39367,37.79202],[-122.393555,37.79211],[-122.393555,37.79229],[-122.39333,37.79247],[-122.393555,37.79265],[-122.393555,37.79274],[-122.39367,37.79283],[-122.39367,37.79292],[-122.393616,37.792965],[-122.3935,37.792965],[-122.39344,37.79301],[-122.3935,37.793056],[-122.393845,37.793056],[-122.39395,37.793144],[-122.394066,37.793056],[-122.39418,37.793056],[-122.39441,37.793236],[-122.39497,37.793236],[-122.39509,37.793144],[-122.39532,37.793144],[-122.39543,37.793056],[-122.395546,37.793056],[-122.3956,37.79301],[-122.3956,37.79292],[-122.39566,37.792873],[-122.39588,37.792873],[-122.39594,37.79292],[-122.39594,37.7931],[-122.39606,37.79319],[-122.39606,37.79346],[-122.39583,37.79364],[-122.39588,37.793686],[-122.39611,37.793686],[-122.396164,37.79373],[-122.396164,37.79382],[-122.396225,37.793865],[-122.39634,37.793865],[-122.39639,37.79391],[-122.39639,37.794003],[-122.396454,37.794044],[-122.39657,37.793957],[-122.396675,37.793957],[-122.396736,37.794003],[-122.396736,37.79418],[-122.396675,37.794228],[-122.39657,37.794228],[-122.396454,37.794315],[-122.39634,37.794315],[-122.396225,37.794228],[-122.39611,37.794228],[-122.39606,37.79427],[-122.396164,37.79436],[-122.396164,37.79481],[-122.39628,37.794903],[-122.39628,37.795174],[-122.396454,37.795307],[-122.39657,37.795307],[-122.396904,37.795578],[-122.39719,37.795353],[-122.39719,37.795174],[-122.39725,37.795128],[-122.3973,37.795174],[-122.3973,37.79526],[-122.397415,37.795353],[-122.397415,37.795532],[-122.39719,37.79571],[-122.39719,37.795895],[-122.39736,37.79603],[-122.39758,37.79603],[-122.39781,37.79585],[-122.398155,37.79585],[-122.39821,37.795895],[-122.39799,37.796074],[-122.39799,37.79616],[-122.398094,37.796253],[-122.398094,37.796345],[-122.39799,37.796432],[-122.39804,37.79648],[-122.39827,37.79648],[-122.39832,37.796524],[-122.39832,37.796616],[-122.39827,37.796658],[-122.39804,37.796658],[-122.39799,37.796703],[-122.39799,37.796974],[-122.39793,37.79702],[-122.3977,37.79702],[-122.39758,37.79693],[-122.397415,37.797066],[-122.397415,37.797153],[-122.39753,37.797245],[-122.39753,37.797333],[-122.39758,37.79738],[-122.39793,37.797108],[-122.39804,37.797108],[-122.398094,37.797153],[-122.398094,37.797516],[-122.39832,37.797695],[-122.39832,37.798054],[-122.398384,37.7981],[-122.39849,37.7981],[-122.398605,37.79819],[-122.39872,37.79819],[-122.39878,37.798237],[-122.39878,37.798325],[-122.398834,37.79837],[-122.39895,37.79837],[-122.399,37.798325],[-122.399,37.798237],[-122.39906,37.79819],[-122.39918,37.79819],[-122.39929,37.7981],[-122.3994,37.7981],[-122.39946,37.798145],[-122.39946,37.798325],[-122.39923,37.798508],[-122.39923,37.798687],[-122.399345,37.798775],[-122.399345,37.799225],[-122.3994,37.79927],[-122.39997,37.79927],[-122.400085,37.799183],[-122.400536,37.799183],[-122.4006,37.799225],[-122.4006,37.799408],[-122.40071,37.799496],[-122.40071,37.800037],[-122.40065,37.800083],[-122.40042,37.800083],[-122.40031,37.80017],[-122.4002,37.80017],[-122.400085,37.800262],[-122.39997,37.800262],[-122.3998,37.800396],[-122.3998,37.800667],[-122.39991,37.80076],[-122.39991,37.80085],[-122.400024,37.800938],[-122.400024,37.80103],[-122.4002,37.801163],[-122.400536,37.801163],[-122.40065,37.801254],[-122.40082,37.801117],[-122.40082,37.80103],[-122.40071,37.800938],[-122.40071,37.80085],[-122.400764,37.800804],[-122.40088,37.800804],[-122.40093,37.80085],[-122.40093,37.80103],[-122.401276,37.8013],[-122.401276,37.80148],[-122.40139,37.80157],[-122.40139,37.80166],[-122.401505,37.80175],[-122.401505,37.801838],[-122.40133,37.801975],[-122.40111,37.801975],[-122.40105,37.80202],[-122.40116,37.80211],[-122.40116,37.8022],[-122.40093,37.80238],[-122.40093,37.80247],[-122.40133,37.802784],[-122.40139,37.802742],[-122.40139,37.80265],[-122.40144,37.802605],[-122.40156,37.802696],[-122.40179,37.802696],[-122.40224,37.802334],[-122.402466,37.802517],[-122.40258,37.802517],[-122.40263,37.80247],[-122.40263,37.80193],[-122.40275,37.801838],[-122.40258,37.801704],[-122.402466,37.801704],[-122.40241,37.80166],[-122.40253,37.80157],[-122.40253,37.8013],[-122.40241,37.80121],[-122.40241,37.80103],[-122.402466,37.800983],[-122.40292,37.800983],[-122.40309,37.80085],[-122.40309,37.800667],[-122.403145,37.800625],[-122.40326,37.800625],[-122.40332,37.80058],[-122.40332,37.800488],[-122.403435,37.800396],[-122.403435,37.80013],[-122.40326,37.79999],[-122.40303,37.79999],[-122.40292,37.800083],[-122.40286,37.800037],[-122.40286,37.79986],[-122.40281,37.799812],[-122.402695,37.799904],[-122.40235,37.799904],[-122.4023,37.799946],[-122.4023,37.800037],[-122.40212,37.80017],[-122.40179,37.80017],[-122.40162,37.800037],[-122.40162,37.79986],[-122.40167,37.799812],[-122.40179,37.799812],[-122.4019,37.79972],[-122.40212,37.79972],[-122.40218,37.79968],[-122.40207,37.799587],[-122.40207,37.799408],[-122.40212,37.799362],[-122.40224,37.79945],[-122.40235,37.79945],[-122.40241,37.799408],[-122.40241,37.799316],[-122.4023,37.799225],[-122.40235,37.799183],[-122.402466,37.799183],[-122.40253,37.799137],[-122.40253,37.799046],[-122.4023,37.798866],[-122.402466,37.798733],[-122.40258,37.798733],[-122.40275,37.798595],[-122.40275,37.798508],[-122.40281,37.798462],[-122.40292,37.79855],[-122.40303,37.79855],[-122.403145,37.798462],[-122.40326,37.798462],[-122.403435,37.798325],[-122.403206,37.798145],[-122.40332,37.798054],[-122.403145,37.79792],[-122.402695,37.79792],[-122.40263,37.797874],[-122.402695,37.79783],[-122.40292,37.79783],[-122.40303,37.79774],[-122.403145,37.79774],[-122.403206,37.797695],[-122.403206,37.797604],[-122.40332,37.797516],[-122.403206,37.797424],[-122.403206,37.797066],[-122.40326,37.79702],[-122.4036,37.79702],[-122.403885,37.796795],[-122.403885,37.796703],[-122.404,37.796616],[-122.404,37.796524],[-122.403885,37.796432],[-122.403885,37.796253],[-122.40377,37.79616],[-122.40377,37.796074],[-122.40372,37.79603],[-122.4036,37.79612],[-122.403145,37.79612],[-122.40303,37.79603],[-122.40292,37.79603],[-122.40281,37.79612],[-122.402466,37.79612],[-122.40241,37.796074],[-122.40241,37.795982],[-122.402466,37.795937],[-122.40292,37.795937],[-122.40298,37.795895],[-122.40298,37.795532],[-122.40286,37.79544],[-122.40286,37.795174],[-122.40292,37.795128],[-122.40303,37.795128],[-122.403145,37.795216],[-122.40326,37.795216],[-122.40337,37.795307],[-122.40349,37.795216],[-122.4036,37.795216],[-122.40377,37.795082],[-122.40377,37.79499],[-122.403656,37.794903],[-122.403656,37.79481],[-122.40372,37.794765],[-122.40383,37.794765],[-122.403885,37.794724],[-122.403885,37.79436],[-122.40411,37.79418],[-122.40411,37.79409],[-122.40423,37.794003],[-122.40423,37.79382],[-122.40428,37.793777],[-122.404396,37.793777],[-122.40451,37.793865],[-122.40479,37.79364],[-122.40468,37.793552],[-122.40468,37.79346],[-122.40451,37.793324],[-122.404396,37.793415],[-122.40428,37.793415],[-122.40423,37.79337],[-122.40434,37.79328],[-122.40423,37.79319],[-122.40423,37.7931],[-122.40417,37.793056],[-122.403946,37.793056],[-122.40383,37.793144],[-122.40372,37.793144],[-122.40349,37.793324],[-122.403206,37.7931],[-122.403206,37.79274],[-122.40309,37.79265],[-122.40309,37.79256],[-122.403145,37.792515],[-122.40326,37.792515],[-122.40332,37.79247],[-122.403206,37.792377],[-122.40332,37.79229],[-122.40332,37.7922],[-122.403656,37.791927],[-122.40354,37.79184],[-122.40354,37.791477],[-122.40332,37.791298],[-122.40332,37.790848],[-122.403206,37.790756],[-122.403206,37.79067],[-122.40309,37.790577],[-122.40309,37.789948],[-122.403145,37.7899],[-122.40326,37.7899],[-122.40354,37.790127],[-122.40354,37.790398],[-122.40372,37.79053],[-122.40383,37.79053],[-122.403946,37.790443],[-122.40405,37.790443],[-122.40411,37.790398],[-122.40411,37.790306],[-122.40417,37.79026],[-122.40428,37.79026],[-122.40451,37.790443],[-122.40474,37.790443],[-122.404854,37.79035],[-122.405075,37.79035],[-122.405136,37.790398],[-122.405136,37.790577],[-122.40553,37.790894],[-122.40576,37.790894],[-122.405815,37.790848],[-122.405815,37.790756],[-122.40587,37.790714],[-122.40598,37.790714],[-122.406265,37.79094],[-122.406265,37.79112],[-122.4061,37.791252],[-122.40565,37.791252],[-122.40559,37.791298],[-122.4057,37.79139],[-122.4057,37.79157],[-122.40576,37.791615],[-122.40598,37.791615],[-122.4061,37.791702],[-122.40638,37.791477],[-122.40638,37.79139],[-122.40644,37.791344],[-122.40667,37.791344],[-122.40684,37.791477],[-122.40684,37.79184],[-122.40707,37.79202],[-122.40707,37.79211],[-122.40717,37.7922],[-122.40717,37.79247],[-122.407234,37.792515],[-122.40758,37.792515],[-122.407745,37.792377],[-122.40763,37.79229],[-122.407684,37.792244],[-122.4078,37.792244],[-122.40786,37.7922],[-122.40786,37.791927],[-122.40803,37.791794],[-122.40814,37.791794],[-122.40826,37.791702],[-122.40859,37.791702],[-122.40865,37.79166],[-122.40865,37.79139],[-122.40854,37.791298],[-122.40854,37.791206],[-122.40859,37.791164],[-122.40871,37.791164],[-122.40877,37.791206],[-122.40877,37.791298],[-122.40882,37.791344],[-122.408936,37.791344],[-122.4091,37.791206],[-122.4091,37.79112],[-122.40933,37.79094],[-122.40922,37.790848],[-122.40945,37.79067],[-122.40945,37.790306],[-122.40933,37.79022],[-122.40933,37.789856],[-122.4095,37.789722],[-122.409615,37.789722],[-122.40973,37.78963],[-122.40984,37.78963],[-122.40996,37.78954],[-122.4103,37.78954],[-122.41041,37.78945],[-122.41064,37.78945],[-122.41092,37.789227],[-122.41092,37.788864],[-122.41103,37.788776],[-122.41103,37.788414],[-122.411316,37.78819],[-122.41143,37.78819],[-122.411545,37.7881],[-122.41166,37.7881],[-122.41172,37.788055],[-122.41172,37.787964],[-122.41194,37.787785],[-122.41189,37.78774],[-122.41177,37.78774],[-122.41172,37.787693],[-122.41172,37.787514],[-122.41166,37.787468],[-122.411545,37.787468],[-122.41149,37.787422],[-122.411545,37.78738],[-122.41177,37.78738],[-122.412224,37.787018],[-122.41234,37.78711],[-122.41245,37.78711],[-122.41263,37.786972],[-122.41263,37.786884],[-122.412735,37.786793],[-122.412735,37.786613],[-122.41257,37.786476],[-122.41212,37.786476],[-122.412056,37.786522],[-122.412056,37.786613],[-122.412,37.78666],[-122.41189,37.78666],[-122.41177,37.786568],[-122.41166,37.78666],[-122.411606,37.786613],[-122.411606,37.786434],[-122.411545,37.78639],[-122.411316,37.78639],[-122.41126,37.786343],[-122.411316,37.786297],[-122.41177,37.786297],[-122.41189,37.78639],[-122.41234,37.78639],[-122.41245,37.786297],[-122.413025,37.786297],[-122.41313,37.78621],[-122.41336,37.78621],[-122.413536,37.78607],[-122.413536,37.78562],[-122.41336,37.78549],[-122.413025,37.78549],[-122.412964,37.785442],[-122.412964,37.78535],[-122.412796,37.785217],[-122.41268,37.785217],[-122.41263,37.785263],[-122.41263,37.78562],[-122.41257,37.785667],[-122.412224,37.785667],[-122.41212,37.785576],[-122.412,37.785667],[-122.41166,37.785667],[-122.41149,37.78553],[-122.41149,37.78535],[-122.41166,37.785217],[-122.41189,37.785217],[-122.41194,37.78517],[-122.41194,37.78508],[-122.412056,37.784992],[-122.41183,37.784813],[-122.41183,37.78472],[-122.41177,37.784676],[-122.41172,37.78472],[-122.41172,37.784813],[-122.41166,37.784855],[-122.411545,37.784855],[-122.41138,37.78472],[-122.41138,37.78463],[-122.41126,37.784542],[-122.41138,37.78445],[-122.41138,37.78427],[-122.41149,37.78418],[-122.41149,37.78382],[-122.41143,37.783775],[-122.41121,37.783775],[-122.41115,37.78373],[-122.41115,37.78355],[-122.41103,37.78346],[-122.41115,37.78337],[-122.41115,37.78328],[-122.41121,37.783234],[-122.411316,37.783234],[-122.41138,37.783188],[-122.41138,37.78301],[-122.411316,37.782963],[-122.411095,37.782963],[-122.41092,37.78283],[-122.41092,37.78256],[-122.41098,37.782513],[-122.411095,37.782513],[-122.41121,37.782425],[-122.411545,37.782425],[-122.411606,37.78238],[-122.411606,37.781837],[-122.41172,37.78175],[-122.41172,37.78166],[-122.411606,37.781567],[-122.411606,37.78148],[-122.41166,37.781433],[-122.41234,37.781433],[-122.4124,37.781387],[-122.4124,37.781296],[-122.412285,37.781208],[-122.41234,37.781162],[-122.41245,37.781162],[-122.41251,37.781116],[-122.41251,37.78103],[-122.4124,37.780937],[-122.41245,37.78089],[-122.41257,37.78089],[-122.41263,37.780937],[-122.41263,37.78103],[-122.412735,37.781116],[-122.412735,37.781387],[-122.412796,37.781433],[-122.41313,37.781433],[-122.41319,37.781387],[-122.41319,37.781296],[-122.41342,37.781116],[-122.41342,37.78103],[-122.413475,37.780983],[-122.413536,37.78103],[-122.413536,37.781116],[-122.41359,37.781162],[-122.41387,37.780937],[-122.41387,37.780846],[-122.41376,37.780758],[-122.41376,37.780666],[-122.41387,37.780575],[-122.41387,37.780125],[-122.41399,37.780037],[-122.41399,37.779945],[-122.41387,37.779858],[-122.41387,37.779766],[-122.41404,37.77963],[-122.414154,37.77963],[-122.41433,37.779495],[-122.41433,37.779404],[-122.41404,37.77918],[-122.41393,37.77918],[-122.41382,37.77909],[-122.413704,37.77909],[-122.41359,37.77918],[-122.413475,37.77918],[-122.41331,37.779316],[-122.41331,37.779587],[-122.413246,37.77963],[-122.41313,37.77963],[-122.413025,37.77954],[-122.41291,37.77963],[-122.41257,37.77963],[-122.412285,37.779404],[-122.412285,37.778774],[-122.4124,37.778683],[-122.4124,37.778595],[-122.412285,37.778503],[-122.412285,37.778416],[-122.412056,37.778233],[-122.412056,37.778145],[-122.41194,37.778053],[-122.412056,37.777966],[-122.412056,37.777874],[-122.41245,37.777557],[-122.41257,37.777557],[-122.41263,37.777603],[-122.41263,37.777782],[-122.41268,37.77783],[-122.412796,37.777737],[-122.41291,37.77783],[-122.41313,37.77783],[-122.41331,37.777695],[-122.41331,37.777153],[-122.41342,37.77706],[-122.41336,37.77702],[-122.413246,37.777107],[-122.41319,37.77706],[-122.41319,37.776882],[-122.41308,37.776794],[-122.41308,37.776524],[-122.412964,37.776432],[-122.412964,37.77634],[-122.41285,37.776253],[-122.41285,37.776073],[-122.41313,37.77585],[-122.413475,37.77585],[-122.41359,37.775936],[-122.413704,37.775936],[-122.41404,37.776207],[-122.414154,37.776207],[-122.414444,37.77598],[-122.414444,37.77571],[-122.41427,37.775578],[-122.41404,37.775578],[-122.41399,37.77553],[-122.4141,37.77544],[-122.4141,37.775352],[-122.41433,37.77517],[-122.414215,37.77508],[-122.414215,37.77499],[-122.4141,37.774902],[-122.414154,37.774857],[-122.41427,37.774857],[-122.41433,37.77481],[-122.41433,37.77472],[-122.414444,37.77463],[-122.414444,37.77454],[-122.41433,37.77445],[-122.41433,37.77436],[-122.414215,37.77427],[-122.41427,37.774223],[-122.41438,37.774223],[-122.414444,37.77418],[-122.414444,37.77409],[-122.41433,37.774],[-122.414444,37.77391],[-122.41438,37.773865],[-122.41427,37.773865],[-122.414215,37.77382],[-122.414215,37.773727],[-122.41433,37.77364],[-122.41433,37.77355],[-122.41438,37.773502],[-122.41461,37.773502],[-122.41478,37.77337],[-122.41478,37.77319],[-122.41495,37.773052],[-122.41506,37.773052],[-122.41535,37.773277],[-122.41535,37.77346],[-122.415405,37.773502],[-122.415634,37.773502],[-122.41569,37.77346],[-122.41569,37.77337],[-122.4158,37.773277],[-122.4158,37.77319],[-122.41592,37.773098],[-122.4158,37.77301],[-122.41592,37.77292],[-122.41569,37.77274],[-122.41569,37.772556],[-122.41575,37.772514],[-122.415855,37.772514],[-122.41592,37.77247],[-122.41592,37.772377],[-122.41569,37.772198],[-122.41592,37.77202],[-122.4158,37.771927],[-122.4158,37.77184],[-122.41575,37.771793],[-122.415405,37.771793],[-122.41535,37.771748],[-122.41546,37.771656],[-122.41546,37.771297],[-122.41557,37.771206],[-122.41557,37.770756],[-122.41546,37.770664],[-122.41546,37.770576],[-122.415405,37.77053],[-122.41529,37.77053],[-122.41506,37.77035],[-122.41495,37.77035],[-122.41484,37.77035],[-122.41478,37.770397],[-122.41478,37.770485],[-122.41473,37.77053],[-122.41461,37.77044],[-122.41427,37.77044],[-122.4141,37.770576]]],[[[-122.39413,37.771656],[-122.39413,37.771477],[-122.39395,37.771343],[-122.393845,37.771343],[-122.39378,37.771385],[-122.39378,37.771477],[-122.39373,37.771523],[-122.393555,37.771385],[-122.393555,37.771297],[-122.3935,37.77125],[-122.39339,37.77125],[-122.39327,37.771343],[-122.39248,37.771343],[-122.392426,37.771297],[-122.392426,37.771206],[-122.392365,37.77116],[-122.39203,37.77116],[-122.391914,37.77125],[-122.391685,37.77125],[-122.391624,37.771206],[-122.391624,37.77112],[-122.39174,37.771027],[-122.39174,37.770847],[-122.391685,37.7708],[-122.39146,37.7708],[-122.3914,37.770756],[-122.3914,37.770664],[-122.39134,37.770622],[-122.39123,37.77071],[-122.39111,37.77071],[-122.39089,37.770893],[-122.39083,37.770847],[-122.39083,37.770576],[-122.39078,37.77053],[-122.39055,37.77071],[-122.390434,37.77071],[-122.39038,37.770664],[-122.39038,37.770397],[-122.390205,37.77026],[-122.3901,37.77026],[-122.389984,37.77035],[-122.389755,37.770172],[-122.38964,37.77026],[-122.38941,37.77026],[-122.3893,37.770172],[-122.38919,37.77026],[-122.38908,37.77026],[-122.3889,37.770397],[-122.3889,37.770485],[-122.388794,37.770576],[-122.388794,37.770756],[-122.38873,37.7708],[-122.38862,37.77071],[-122.38839,37.77071],[-122.388336,37.770756],[-122.388336,37.770847],[-122.38799,37.77112],[-122.38811,37.771206],[-122.38811,37.771297],[-122.38817,37.771343],[-122.38839,37.771343],[-122.388504,37.77125],[-122.388565,37.771297],[-122.388565,37.771477],[-122.38839,37.77161],[-122.387825,37.77161],[-122.38771,37.7717],[-122.387596,37.7717],[-122.38754,37.771748],[-122.38754,37.77202],[-122.38748,37.772064],[-122.387375,37.772064],[-122.387314,37.77202],[-122.387314,37.771748],[-122.387146,37.77161],[-122.38692,37.77161],[-122.38675,37.771748],[-122.38675,37.77184],[-122.38669,37.77188],[-122.38662,37.771927],[-122.38578,37.773403],[-122.38573,37.77346],[-122.38584,37.77418],[-122.38573,37.77427],[-122.38578,37.774326],[-122.38499,37.775204],[-122.38492,37.77526],[-122.38492,37.776073],[-122.38499,37.776127],[-122.38708,37.776524],[-122.387146,37.776577],[-122.390205,37.776577],[-122.39028,37.776524],[-122.39066,37.776127],[-122.39073,37.776073],[-122.39111,37.775677],[-122.39119,37.77562],[-122.39157,37.775227],[-122.39164,37.77517],[-122.39248,37.774776],[-122.39255,37.77472],[-122.39294,37.774326],[-122.393005,37.77427],[-122.39339,37.773876],[-122.393456,37.77382],[-122.393845,37.773426],[-122.39391,37.77337],[-122.39475,37.772976],[-122.39482,37.77292],[-122.3952,37.772526],[-122.39527,37.77247],[-122.39527,37.772377],[-122.395256,37.77229],[-122.39515,37.77202],[-122.39509,37.771973],[-122.39497,37.771973],[-122.39475,37.771793],[-122.39464,37.7717],[-122.39441,37.7717],[-122.39418,37.77188],[-122.39401,37.771748],[-122.39413,37.771656]]]]}},{"type":"Feature","properties":{"contour":21},"geometry":{"type":"MultiPolygon","coordinates":[[[[-122.41629,37.767445],[-122.416176,37.767532],[-122.41584,37.767532],[-122.415726,37.767445],[-122.41561,37.767445],[-122.4155,37.767353],[-122.41504,37.767353],[-122.414986,37.7674],[-122.414986,37.767757],[-122.4151,37.76785],[-122.4151,37.7683],[-122.41504,37.768345],[-122.41459,37.768345],[-122.414474,37.768253],[-122.41436,37.768345],[-122.414246,37.768345],[-122.41419,37.76839],[-122.41419,37.76848],[-122.41413,37.768524],[-122.414024,37.768436],[-122.413795,37.768436],[-122.41368,37.768524],[-122.41357,37.768524],[-122.41351,37.76857],[-122.41357,37.768616],[-122.41368,37.768616],[-122.413734,37.76866],[-122.413734,37.76875],[-122.41391,37.768887],[-122.414024,37.768795],[-122.41413,37.768795],[-122.41419,37.76884],[-122.41419,37.76893],[-122.414246,37.768974],[-122.41436,37.768974],[-122.414474,37.769066],[-122.41515,37.769066],[-122.415215,37.76911],[-122.415215,37.7692],[-122.41515,37.769245],[-122.41493,37.769245],[-122.41476,37.769382],[-122.41476,37.76947],[-122.41493,37.769608],[-122.41504,37.769516],[-122.4151,37.76956],[-122.4151,37.76974],[-122.41476,37.77001],[-122.41476,37.7701],[-122.4147,37.770145],[-122.41459,37.770145],[-122.414474,37.770058],[-122.414024,37.770058],[-122.41391,37.769966],[-122.41345,37.769966],[-122.413284,37.769833],[-122.413284,37.76974],[-122.41323,37.769695],[-122.413055,37.769833],[-122.413055,37.76992],[-122.413,37.769966],[-122.41289,37.769966],[-122.412544,37.769695],[-122.41243,37.769787],[-122.412094,37.769787],[-122.41192,37.76965],[-122.41192,37.769382],[-122.41181,37.76929],[-122.41181,37.76911],[-122.41158,37.76893],[-122.41158,37.76884],[-122.411415,37.768703],[-122.4113,37.768703],[-122.41124,37.76875],[-122.41124,37.76884],[-122.41107,37.768974],[-122.410904,37.76884],[-122.410904,37.76875],[-122.41101,37.76866],[-122.41101,37.76848],[-122.41096,37.768436],[-122.41084,37.768436],[-122.41073,37.768524],[-122.41051,37.768524],[-122.41033,37.76866],[-122.41033,37.76884],[-122.41051,37.768974],[-122.410614,37.768974],[-122.410675,37.76902],[-122.410675,37.7692],[-122.410614,37.769245],[-122.41051,37.769245],[-122.41039,37.769154],[-122.410164,37.769337],[-122.41005,37.769337],[-122.409935,37.769245],[-122.4096,37.769245],[-122.409485,37.769337],[-122.40937,37.769337],[-122.409195,37.7692],[-122.409195,37.76893],[-122.40914,37.768887],[-122.40903,37.768887],[-122.40891,37.768795],[-122.40869,37.768795],[-122.4084,37.76857],[-122.4084,37.7683],[-122.40829,37.768208],[-122.40829,37.76812],[-122.40789,37.767803],[-122.40767,37.767803],[-122.40738,37.76803],[-122.40738,37.7683],[-122.40772,37.76857],[-122.40772,37.76884],[-122.40767,37.768887],[-122.40744,37.768887],[-122.40721,37.768703],[-122.4071,37.768795],[-122.40698,37.768795],[-122.40693,37.76875],[-122.40693,37.76866],[-122.40698,37.768616],[-122.40721,37.768616],[-122.40727,37.76857],[-122.40727,37.7683],[-122.4071,37.768166],[-122.40698,37.768166],[-122.406876,37.768074],[-122.40676,37.768166],[-122.40665,37.768166],[-122.40653,37.768253],[-122.40642,37.768253],[-122.406364,37.768208],[-122.406364,37.76785],[-122.4063,37.767803],[-122.40551,37.767803],[-122.40546,37.76785],[-122.40546,37.76803],[-122.405396,37.768074],[-122.40528,37.768074],[-122.40517,37.768166],[-122.40506,37.768166],[-122.405,37.76812],[-122.405,37.76794],[-122.404945,37.767895],[-122.40472,37.767895],[-122.40466,37.76794],[-122.40466,37.76812],[-122.40472,37.768166],[-122.404945,37.768166],[-122.405,37.768208],[-122.404945,37.768253],[-122.40472,37.768253],[-122.40466,37.7683],[-122.40466,37.76848],[-122.40455,37.76857],[-122.40455,37.76866],[-122.40449,37.768703],[-122.40437,37.768703],[-122.404205,37.76857],[-122.404205,37.76848],[-122.40415,37.768436],[-122.40404,37.768436],[-122.403755,37.768208],[-122.403755,37.76812],[-122.40381,37.768074],[-122.40415,37.768074],[-122.40432,37.76794],[-122.40432,37.767757],[-122.404205,37.76767],[-122.404205,37.76758],[-122.40415,37.767532],[-122.40404,37.767532],[-122.40392,37.767624],[-122.40358,37.767624],[-122.403465,37.767715],[-122.40335,37.767715],[-122.4033,37.767757],[-122.4033,37.76794],[-122.403244,37.767982],[-122.403015,37.767982],[-122.4029,37.768074],[-122.40256,37.768074],[-122.402504,37.76803],[-122.402504,37.76794],[-122.402336,37.767803],[-122.401535,37.767803],[-122.40148,37.76785],[-122.40148,37.7683],[-122.401596,37.76839],[-122.401596,37.76857],[-122.40148,37.76866],[-122.40148,37.76884],[-122.40143,37.768887],[-122.40131,37.768887],[-122.401085,37.768703],[-122.40097,37.768703],[-122.4008,37.76857],[-122.4008,37.76812],[-122.40074,37.768074],[-122.40063,37.768074],[-122.400406,37.768253],[-122.40029,37.768253],[-122.40023,37.768208],[-122.40023,37.76812],[-122.40018,37.768074],[-122.39995,37.768074],[-122.399895,37.76812],[-122.399895,37.7683],[-122.40012,37.76848],[-122.40012,37.76857],[-122.39995,37.768703],[-122.39983,37.768703],[-122.39972,37.768616],[-122.3995,37.768616],[-122.39899,37.768208],[-122.39899,37.76812],[-122.398705,37.767895],[-122.39836,37.767895],[-122.39831,37.76794],[-122.39831,37.76803],[-122.39819,37.76812],[-122.39819,37.768208],[-122.39813,37.768253],[-122.39802,37.768253],[-122.397964,37.768208],[-122.397964,37.76812],[-122.3978,37.767982],[-122.39734,37.767982],[-122.39694,37.7683],[-122.39694,37.76839],[-122.39706,37.76848],[-122.39706,37.76857],[-122.39717,37.76866],[-122.39717,37.76875],[-122.397224,37.768795],[-122.39768,37.768795],[-122.397736,37.76884],[-122.397736,37.76893],[-122.39751,37.76911],[-122.39751,37.7692],[-122.3974,37.76929],[-122.3974,37.769382],[-122.397285,37.76947],[-122.397285,37.76965],[-122.3974,37.76974],[-122.397285,37.769833],[-122.397285,37.770283],[-122.3974,37.77037],[-122.3974,37.770462],[-122.39751,37.770554],[-122.39751,37.77064],[-122.39757,37.770687],[-122.39825,37.770687],[-122.39831,37.77064],[-122.39831,37.77037],[-122.39864,37.7701],[-122.39864,37.77001],[-122.398705,37.769966],[-122.39881,37.769966],[-122.39887,37.77001],[-122.39876,37.7701],[-122.39876,37.770283],[-122.39864,37.77037],[-122.39864,37.770554],[-122.398705,37.770596],[-122.39881,37.770596],[-122.398926,37.770687],[-122.399155,37.770508],[-122.39938,37.770508],[-122.3995,37.770416],[-122.39961,37.770416],[-122.399666,37.770462],[-122.399666,37.770554],[-122.399895,37.770733],[-122.399895,37.77082],[-122.40001,37.770912],[-122.40001,37.771004],[-122.40012,37.77109],[-122.40012,37.771275],[-122.40023,37.771362],[-122.40023,37.771633],[-122.400345,37.771725],[-122.400345,37.771904],[-122.40023,37.77199],[-122.40023,37.772083],[-122.39978,37.772446],[-122.39978,37.772713],[-122.399666,37.772804],[-122.399666,37.772896],[-122.3995,37.77303],[-122.39927,37.77303],[-122.399155,37.77312],[-122.39881,37.77312],[-122.39876,37.773075],[-122.39876,37.772984],[-122.39864,37.772896],[-122.39864,37.772804],[-122.39853,37.772713],[-122.39853,37.772625],[-122.39831,37.772446],[-122.39831,37.772354],[-122.39819,37.772263],[-122.39836,37.77213],[-122.398415,37.772175],[-122.398415,37.772263],[-122.398476,37.77231],[-122.398705,37.77231],[-122.39887,37.772175],[-122.39876,37.772083],[-122.39876,37.77199],[-122.39881,37.77195],[-122.398926,37.77195],[-122.39899,37.771904],[-122.39899,37.771633],[-122.39859,37.771317],[-122.39802,37.771317],[-122.397964,37.771362],[-122.397964,37.771454],[-122.39791,37.7715],[-122.39768,37.771317],[-122.39762,37.771362],[-122.39762,37.77154],[-122.39757,37.771587],[-122.3975,37.771633],[-122.39711,37.771667],[-122.39704,37.771725],[-122.396774,37.772118],[-122.39666,37.77213],[-122.39659,37.772175],[-122.3962,37.772568],[-122.39613,37.772625],[-122.395294,37.773018],[-122.395226,37.773075],[-122.394844,37.773468],[-122.394775,37.773525],[-122.39439,37.77392],[-122.39432,37.773975],[-122.39348,37.77437],[-122.39341,37.774426],[-122.39303,37.77482],[-122.39296,37.774876],[-122.39212,37.775272],[-122.39205,37.775326],[-122.39166,37.775723],[-122.391594,37.775776],[-122.39121,37.776173],[-122.39114,37.77623],[-122.390755,37.776623],[-122.390686,37.77668],[-122.390305,37.777073],[-122.390236,37.77713],[-122.38894,37.777523],[-122.38887,37.77758],[-122.38803,37.777973],[-122.38796,37.77803],[-122.38758,37.778423],[-122.38751,37.77848],[-122.38542,37.781487],[-122.38535,37.781544],[-122.38535,37.781902],[-122.38542,37.78196],[-122.38497,37.782387],[-122.3849,37.782444],[-122.3849,37.782806],[-122.38497,37.78286],[-122.38758,37.78329],[-122.38751,37.783344],[-122.38565,37.78554],[-122.3856,37.7856],[-122.3856,37.78632],[-122.38571,37.786407],[-122.38571,37.78659],[-122.385765,37.786633],[-122.38588,37.786633],[-122.385994,37.786545],[-122.38611,37.786545],[-122.38633,37.786366],[-122.386444,37.786366],[-122.38656,37.786274],[-122.38667,37.786274],[-122.38679,37.786182],[-122.3869,37.786182],[-122.386955,37.78614],[-122.386955,37.78587],[-122.38702,37.785824],[-122.38712,37.785824],[-122.38753,37.78614],[-122.38753,37.78623],[-122.38747,37.786274],[-122.38735,37.786274],[-122.387184,37.786407],[-122.387184,37.7865],[-122.38707,37.78659],[-122.38707,37.78668],[-122.38628,37.78731],[-122.38639,37.7874],[-122.38639,37.78749],[-122.38656,37.787624],[-122.38667,37.787624],[-122.38679,37.787537],[-122.3869,37.787537],[-122.386955,37.78758],[-122.386955,37.78767],[-122.38702,37.787716],[-122.38781,37.787716],[-122.38786,37.78776],[-122.38786,37.788033],[-122.38798,37.78812],[-122.38798,37.78839],[-122.38803,37.788437],[-122.388374,37.788437],[-122.38877,37.78812],[-122.38877,37.788033],[-122.38894,37.787895],[-122.389,37.78794],[-122.389,37.78812],[-122.38866,37.78839],[-122.38866,37.788483],[-122.38872,37.788525],[-122.38905,37.788525],[-122.38928,37.788345],[-122.38951,37.788345],[-122.38974,37.788166],[-122.38985,37.788166],[-122.390305,37.788525],[-122.39042,37.788525],[-122.39047,37.78857],[-122.39047,37.788933],[-122.39059,37.78902],[-122.39059,37.78947],[-122.39047,37.789562],[-122.39047,37.789654],[-122.39036,37.78974],[-122.39036,37.789925],[-122.39014,37.790104],[-122.39014,37.79019],[-122.39025,37.790283],[-122.39025,37.790375],[-122.39014,37.790462],[-122.390305,37.7906],[-122.39042,37.79051],[-122.39065,37.79051],[-122.39087,37.790688],[-122.39133,37.790688],[-122.39138,37.790733],[-122.39138,37.790825],[-122.39144,37.79087],[-122.39178,37.79087],[-122.39184,37.790913],[-122.39172,37.791004],[-122.39178,37.79105],[-122.39189,37.79105],[-122.39206,37.791183],[-122.39206,37.791275],[-122.392006,37.79132],[-122.39189,37.79132],[-122.39184,37.791363],[-122.39184,37.791454],[-122.39172,37.791546],[-122.39172,37.791634],[-122.39195,37.791813],[-122.39195,37.791904],[-122.39189,37.79195],[-122.39178,37.79195],[-122.39172,37.791996],[-122.39189,37.79213],[-122.39195,37.792084],[-122.39195,37.791996],[-122.392006,37.79195],[-122.392235,37.79213],[-122.39246,37.79195],[-122.39257,37.79195],[-122.39263,37.791996],[-122.39263,37.792084],[-122.392746,37.792175],[-122.392746,37.792267],[-122.392914,37.7924],[-122.39303,37.7924],[-122.39314,37.79231],[-122.393196,37.792355],[-122.393196,37.792534],[-122.39314,37.79258],[-122.39303,37.79258],[-122.39252,37.792988],[-122.39252,37.793076],[-122.392746,37.793255],[-122.392746,37.793346],[-122.39314,37.793663],[-122.39326,37.793663],[-122.39337,37.79357],[-122.39359,37.79357],[-122.393654,37.793526],[-122.393654,37.793438],[-122.39371,37.793392],[-122.39382,37.793392],[-122.393936,37.7933],[-122.39428,37.79357],[-122.39439,37.79357],[-122.3945,37.793663],[-122.39473,37.793663],[-122.39507,37.793392],[-122.39519,37.793392],[-122.39524,37.793438],[-122.39501,37.793617],[-122.39501,37.793976],[-122.395355,37.794247],[-122.395355,37.794426],[-122.39519,37.794563],[-122.39507,37.794563],[-122.39501,37.79461],[-122.39501,37.794968],[-122.39507,37.795013],[-122.39519,37.795013],[-122.39564,37.79465],[-122.395805,37.79479],[-122.395584,37.794968],[-122.39569,37.79506],[-122.39569,37.795147],[-122.39547,37.79533],[-122.39564,37.795464],[-122.39575,37.795464],[-122.39587,37.795372],[-122.39592,37.795418],[-122.39592,37.79551],[-122.396034,37.795597],[-122.396034,37.79569],[-122.396095,37.795734],[-122.3962,37.795734],[-122.39626,37.79578],[-122.39626,37.79596],[-122.39632,37.796005],[-122.39643,37.796005],[-122.396545,37.795914],[-122.39666,37.795914],[-122.396774,37.796005],[-122.39689,37.795914],[-122.39711,37.795914],[-122.39751,37.79623],[-122.39751,37.796318],[-122.39762,37.79641],[-122.39762,37.7965],[-122.39751,37.79659],[-122.39751,37.79668],[-122.39745,37.796726],[-122.39734,37.796726],[-122.397224,37.796814],[-122.39711,37.796814],[-122.397,37.796726],[-122.39689,37.796726],[-122.39683,37.796772],[-122.39683,37.79749],[-122.39711,37.797714],[-122.39734,37.797714],[-122.39745,37.797626],[-122.39757,37.797626],[-122.39762,37.797672],[-122.39762,37.79785],[-122.397736,37.797943],[-122.39768,37.797985],[-122.39757,37.797985],[-122.3974,37.798122],[-122.39757,37.798256],[-122.39768,37.798256],[-122.397736,37.7983],[-122.397736,37.798393],[-122.39791,37.798527],[-122.39802,37.798527],[-122.39808,37.79848],[-122.39808,37.798393],[-122.39825,37.798256],[-122.39836,37.798256],[-122.398415,37.7983],[-122.398415,37.798393],[-122.39819,37.798573],[-122.39831,37.79866],[-122.39831,37.79875],[-122.39825,37.798798],[-122.39813,37.798706],[-122.39791,37.798706],[-122.39785,37.79875],[-122.39785,37.79893],[-122.397736,37.799023],[-122.3978,37.79907],[-122.39791,37.798977],[-122.397964,37.799023],[-122.397964,37.799202],[-122.39802,37.799248],[-122.39813,37.799156],[-122.39836,37.799156],[-122.398415,37.799202],[-122.398415,37.799294],[-122.39853,37.79938],[-122.39853,37.799473],[-122.39859,37.79952],[-122.39864,37.799473],[-122.39864,37.79938],[-122.398705,37.79934],[-122.39881,37.79934],[-122.398926,37.799427],[-122.39904,37.799427],[-122.399155,37.79934],[-122.39927,37.79934],[-122.39938,37.799248],[-122.39944,37.799294],[-122.39944,37.799652],[-122.39955,37.799744],[-122.39955,37.800102],[-122.399666,37.800194],[-122.39961,37.80024],[-122.3995,37.80024],[-122.39938,37.800327],[-122.39927,37.800327],[-122.3991,37.800465],[-122.3991,37.800644],[-122.39887,37.800823],[-122.39887,37.801273],[-122.398926,37.80132],[-122.39904,37.80132],[-122.399155,37.80123],[-122.39927,37.80123],[-122.39938,37.80132],[-122.39944,37.801273],[-122.39944,37.801186],[-122.3995,37.80114],[-122.399666,37.801273],[-122.399666,37.801365],[-122.39983,37.8015],[-122.39995,37.8015],[-122.40012,37.801636],[-122.40012,37.801727],[-122.40001,37.801815],[-122.40006,37.80186],[-122.400406,37.80186],[-122.40046,37.801907],[-122.400406,37.801952],[-122.40029,37.801952],[-122.40023,37.801994],[-122.40023,37.802086],[-122.40029,37.80213],[-122.40052,37.80213],[-122.40057,37.802086],[-122.40046,37.801994],[-122.40057,37.801907],[-122.40046,37.801815],[-122.40052,37.80177],[-122.40063,37.80177],[-122.40074,37.80168],[-122.400856,37.80168],[-122.40103,37.801815],[-122.40103,37.802086],[-122.40097,37.80213],[-122.40074,37.80213],[-122.40046,37.802357],[-122.40046,37.802536],[-122.400345,37.802628],[-122.40052,37.80276],[-122.40063,37.80276],[-122.40074,37.802853],[-122.400856,37.802853],[-122.40092,37.8029],[-122.40092,37.802986],[-122.40069,37.803165],[-122.40074,37.80321],[-122.40097,37.80321],[-122.401085,37.803123],[-122.4012,37.80321],[-122.40131,37.803123],[-122.40143,37.803123],[-122.40171,37.80335],[-122.40171,37.803616],[-122.401764,37.80366],[-122.40188,37.803574],[-122.40222,37.803574],[-122.402336,37.80366],[-122.40244,37.80366],[-122.40262,37.803528],[-122.40262,37.803078],[-122.40273,37.802986],[-122.40273,37.8029],[-122.40285,37.802807],[-122.40285,37.802715],[-122.4029,37.80267],[-122.403244,37.80267],[-122.40341,37.802536],[-122.4033,37.802444],[-122.40341,37.802357],[-122.40341,37.802086],[-122.40353,37.801994],[-122.40353,37.801907],[-122.403465,37.80186],[-122.40335,37.80186],[-122.4033,37.801815],[-122.4033,37.801727],[-122.40307,37.801544],[-122.40318,37.801456],[-122.40318,37.801273],[-122.40307,37.801186],[-122.40307,37.800735],[-122.4033,37.800552],[-122.4033,37.800465],[-122.40341,37.800373],[-122.40341,37.799923],[-122.4033,37.799835],[-122.4033,37.799744],[-122.403244,37.799698],[-122.40313,37.799698],[-122.403015,37.79979],[-122.4029,37.79979],[-122.40285,37.799744],[-122.40285,37.799652],[-122.4029,37.799606],[-122.40313,37.799606],[-122.40318,37.799564],[-122.40318,37.79938],[-122.40341,37.799202],[-122.40341,37.799114],[-122.40335,37.79907],[-122.40313,37.79907],[-122.403015,37.798977],[-122.40279,37.798977],[-122.40273,37.799023],[-122.40273,37.799202],[-122.40267,37.799248],[-122.40256,37.799248],[-122.402504,37.799202],[-122.402504,37.799023],[-122.40239,37.79893],[-122.40239,37.79875],[-122.40244,37.798706],[-122.40256,37.798706],[-122.40279,37.798527],[-122.4029,37.79862],[-122.40313,37.79862],[-122.4033,37.79875],[-122.4033,37.79893],[-122.40335,37.798977],[-122.403465,37.798977],[-122.40358,37.79889],[-122.40381,37.79889],[-122.40386,37.798843],[-122.40386,37.79866],[-122.40404,37.798527],[-122.40415,37.798527],[-122.404205,37.79848],[-122.404205,37.79821],[-122.404434,37.79803],[-122.40437,37.797985],[-122.40426,37.797985],[-122.40415,37.798077],[-122.40398,37.797943],[-122.40398,37.79776],[-122.40392,37.797714],[-122.403694,37.797714],[-122.40364,37.797672],[-122.403694,37.797626],[-122.40392,37.797626],[-122.40398,37.79758],[-122.40398,37.79749],[-122.40415,37.797356],[-122.40426,37.797356],[-122.40432,37.79731],[-122.40432,37.797222],[-122.40409,37.79704],[-122.40409,37.79695],[-122.40404,37.796906],[-122.40398,37.79695],[-122.40398,37.79713],[-122.40392,37.797176],[-122.40386,37.79713],[-122.40386,37.79704],[-122.403755,37.79695],[-122.403755,37.79686],[-122.40404,37.796635],[-122.40415,37.796635],[-122.40449,37.796906],[-122.4046,37.796906],[-122.40477,37.796772],[-122.40477,37.79659],[-122.404884,37.7965],[-122.40477,37.79641],[-122.404884,37.796318],[-122.404884,37.79614],[-122.40483,37.796093],[-122.40449,37.796093],[-122.40437,37.796005],[-122.40426,37.796005],[-122.40415,37.796093],[-122.40409,37.79605],[-122.40409,37.79596],[-122.40404,37.795914],[-122.40398,37.79596],[-122.40398,37.79623],[-122.40392,37.796276],[-122.403755,37.79614],[-122.403755,37.79605],[-122.40386,37.79596],[-122.40386,37.795868],[-122.40398,37.79578],[-122.40398,37.795597],[-122.404205,37.795418],[-122.40386,37.795147],[-122.40398,37.79506],[-122.40398,37.79479],[-122.40386,37.794697],[-122.40386,37.79434],[-122.40392,37.794292],[-122.40404,37.794292],[-122.40409,37.79434],[-122.40409,37.794697],[-122.40426,37.794834],[-122.40437,37.794834],[-122.40449,37.794743],[-122.4046,37.794743],[-122.40483,37.794563],[-122.404945,37.794563],[-122.405,37.794518],[-122.405,37.794426],[-122.40511,37.79434],[-122.405,37.794247],[-122.40506,37.7942],[-122.40517,37.7942],[-122.40523,37.79416],[-122.40523,37.794067],[-122.40534,37.793976],[-122.40534,37.793888],[-122.40557,37.793705],[-122.40557,37.793526],[-122.40546,37.793438],[-122.40546,37.793255],[-122.405396,37.793213],[-122.40483,37.793213],[-122.40466,37.793076],[-122.40477,37.792988],[-122.40455,37.792805],[-122.40455,37.792717],[-122.40449,37.79267],[-122.40415,37.79267],[-122.40409,37.792625],[-122.40409,37.792534],[-122.40404,37.792492],[-122.403694,37.792492],[-122.40364,37.792446],[-122.40364,37.792267],[-122.40353,37.792175],[-122.40353,37.792084],[-122.40358,37.79204],[-122.40415,37.79204],[-122.40432,37.792175],[-122.404205,37.792267],[-122.404205,37.792355],[-122.40426,37.7924],[-122.404434,37.792267],[-122.404434,37.792175],[-122.40455,37.792084],[-122.40432,37.791904],[-122.40432,37.791813],[-122.40437,37.79177],[-122.4046,37.79177],[-122.40466,37.791725],[-122.40466,37.791634],[-122.40472,37.791588],[-122.40483,37.79168],[-122.404945,37.79168],[-122.405,37.791634],[-122.404945,37.791588],[-122.40483,37.791588],[-122.40455,37.791363],[-122.404884,37.791096],[-122.404884,37.791004],[-122.40511,37.790825],[-122.40511,37.790733],[-122.40517,37.790688],[-122.40528,37.79078],[-122.405396,37.79078],[-122.40551,37.79087],[-122.405624,37.79087],[-122.40568,37.790913],[-122.40568,37.791096],[-122.40557,37.791183],[-122.40557,37.791275],[-122.40551,37.79132],[-122.40528,37.79132],[-122.40511,37.791454],[-122.40523,37.791546],[-122.40523,37.791904],[-122.40528,37.79195],[-122.40551,37.79195],[-122.40557,37.791904],[-122.40557,37.791813],[-122.405624,37.79177],[-122.40568,37.791813],[-122.40568,37.791904],[-122.40585,37.79204],[-122.406075,37.79204],[-122.406136,37.791996],[-122.406136,37.791634],[-122.40642,37.79141],[-122.40676,37.79141],[-122.406815,37.791454],[-122.406815,37.791904],[-122.40676,37.79195],[-122.40665,37.79195],[-122.406364,37.792175],[-122.406364,37.792625],[-122.40642,37.79267],[-122.40653,37.79267],[-122.40665,37.79276],[-122.406876,37.79276],[-122.4071,37.79258],[-122.40716,37.792625],[-122.40716,37.792896],[-122.40704,37.792988],[-122.40704,37.793076],[-122.40698,37.79312],[-122.40665,37.79312],[-122.406364,37.793346],[-122.406364,37.793438],[-122.40653,37.79357],[-122.40665,37.79357],[-122.406876,37.79375],[-122.40693,37.793705],[-122.40693,37.793617],[-122.40698,37.79357],[-122.4071,37.793663],[-122.40721,37.79357],[-122.40727,37.793617],[-122.40727,37.793705],[-122.40738,37.793797],[-122.40738,37.793976],[-122.407326,37.79402],[-122.40721,37.79402],[-122.40716,37.794067],[-122.40716,37.79416],[-122.407326,37.794292],[-122.40744,37.794292],[-122.40761,37.794426],[-122.40761,37.794518],[-122.40772,37.79461],[-122.40772,37.794697],[-122.40767,37.794743],[-122.40744,37.794743],[-122.40727,37.79488],[-122.40738,37.794968],[-122.40738,37.795147],[-122.40744,37.795193],[-122.40767,37.795193],[-122.40778,37.795105],[-122.40784,37.795147],[-122.40784,37.79533],[-122.408005,37.795464],[-122.40812,37.795372],[-122.40823,37.795372],[-122.4084,37.79524],[-122.4084,37.795147],[-122.40863,37.794968],[-122.408516,37.79488],[-122.408516,37.79479],[-122.40863,37.794697],[-122.40863,37.794518],[-122.408516,37.794426],[-122.408516,37.79434],[-122.4084,37.794247],[-122.4084,37.793797],[-122.40829,37.793705],[-122.40829,37.793438],[-122.40835,37.793392],[-122.40846,37.79348],[-122.40869,37.79348],[-122.40886,37.793346],[-122.408745,37.793255],[-122.408745,37.793167],[-122.40886,37.793076],[-122.40886,37.792896],[-122.40869,37.79276],[-122.40835,37.79276],[-122.40829,37.792717],[-122.4084,37.792625],[-122.40829,37.792534],[-122.40835,37.792492],[-122.40846,37.792492],[-122.40858,37.79258],[-122.40863,37.792534],[-122.40863,37.792267],[-122.40869,37.79222],[-122.40891,37.79222],[-122.409195,37.791996],[-122.40903,37.79186],[-122.40891,37.79195],[-122.40869,37.79195],[-122.40863,37.791904],[-122.40863,37.791634],[-122.40869,37.791588],[-122.40914,37.791588],[-122.409256,37.7915],[-122.40937,37.7915],[-122.40954,37.791363],[-122.40954,37.79064],[-122.409424,37.790554],[-122.4096,37.790417],[-122.409706,37.790417],[-122.40982,37.79033],[-122.409935,37.79033],[-122.41005,37.790237],[-122.41028,37.790237],[-122.41033,37.790283],[-122.41033,37.790375],[-122.410446,37.790462],[-122.410446,37.790554],[-122.41051,37.7906],[-122.41056,37.790554],[-122.41056,37.790462],[-122.410675,37.790375],[-122.410614,37.79033],[-122.41051,37.79033],[-122.410446,37.790283],[-122.41051,37.790237],[-122.41096,37.790237],[-122.41101,37.79019],[-122.41101,37.789925],[-122.411125,37.789833],[-122.411125,37.78974],[-122.41101,37.789654],[-122.41101,37.789562],[-122.410904,37.78947],[-122.410904,37.78902],[-122.41096,37.78898],[-122.41101,37.78902],[-122.41101,37.789112],[-122.41107,37.789158],[-122.41152,37.789158],[-122.4117,37.78902],[-122.41158,37.788933],[-122.41158,37.78875],[-122.41175,37.788616],[-122.411865,37.788616],[-122.41215,37.78839],[-122.41215,37.788033],[-122.41221,37.787987],[-122.41226,37.788033],[-122.41226,37.78812],[-122.41232,37.788166],[-122.41243,37.788166],[-122.41249,37.78812],[-122.41249,37.78794],[-122.412605,37.78785],[-122.412605,37.78767],[-122.41272,37.78758],[-122.41266,37.787537],[-122.412544,37.787537],[-122.41249,37.78749],[-122.41249,37.7874],[-122.412605,37.78731],[-122.412605,37.78704],[-122.41272,37.78695],[-122.41272,37.786858],[-122.41277,37.786816],[-122.413,37.786995],[-122.41312,37.786995],[-122.41323,37.787086],[-122.413284,37.78704],[-122.413284,37.78695],[-122.41334,37.786903],[-122.41345,37.786995],[-122.41351,37.78695],[-122.4134,37.786858],[-122.41345,37.786816],[-122.41357,37.786816],[-122.41363,37.78677],[-122.41363,37.78659],[-122.41357,37.786545],[-122.41345,37.786545],[-122.4134,37.7865],[-122.4134,37.786407],[-122.41351,37.78632],[-122.41351,37.78623],[-122.413734,37.78605],[-122.413734,37.78587],[-122.41363,37.785778],[-122.41363,37.785686],[-122.41345,37.785553],[-122.41334,37.785553],[-122.413284,37.785507],[-122.413284,37.785328],[-122.41317,37.785236],[-122.41317,37.784878],[-122.413055,37.784786],[-122.413055,37.784607],[-122.413,37.78456],[-122.41266,37.78456],[-122.412544,37.784653],[-122.41243,37.784653],[-122.41238,37.784607],[-122.41238,37.784428],[-122.41226,37.784336],[-122.41226,37.78425],[-122.41215,37.784157],[-122.41215,37.784065],[-122.41226,37.783978],[-122.41226,37.783794],[-122.41221,37.783752],[-122.411865,37.783752],[-122.41175,37.78384],[-122.41152,37.78384],[-122.41147,37.783794],[-122.41147,37.783527],[-122.41164,37.78339],[-122.41175,37.78339],[-122.411865,37.783302],[-122.412094,37.783302],[-122.41215,37.783257],[-122.41215,37.783165],[-122.41221,37.78312],[-122.41232,37.78321],[-122.41238,37.783165],[-122.41238,37.783077],[-122.41221,37.78294],[-122.41215,37.782986],[-122.41215,37.783077],[-122.412094,37.78312],[-122.41203,37.783077],[-122.41203,37.782806],[-122.411865,37.78267],[-122.41175,37.78276],[-122.41164,37.78276],[-122.41158,37.782715],[-122.41175,37.78258],[-122.412094,37.78258],[-122.41221,37.78249],[-122.412544,37.78249],[-122.41272,37.782356],[-122.41272,37.782265],[-122.41283,37.782173],[-122.41283,37.782085],[-122.41272,37.781994],[-122.41272,37.781815],[-122.41266,37.78177],[-122.412544,37.78177],[-122.41249,37.781723],[-122.41249,37.781635],[-122.412544,37.78159],[-122.41266,37.78159],[-122.41277,37.781677],[-122.41289,37.781677],[-122.41312,37.781498],[-122.41334,37.781677],[-122.41357,37.781677],[-122.41368,37.78159],[-122.41391,37.78159],[-122.414024,37.781498],[-122.41413,37.781498],[-122.41419,37.781452],[-122.41419,37.781094],[-122.41431,37.781002],[-122.41431,37.780823],[-122.41442,37.78073],[-122.41442,37.780643],[-122.41431,37.780552],[-122.41436,37.780506],[-122.41459,37.780506],[-122.41476,37.780373],[-122.41476,37.78001],[-122.41482,37.77997],[-122.41493,37.77997],[-122.414986,37.779922],[-122.414986,37.77983],[-122.415215,37.77965],[-122.41493,37.779427],[-122.41436,37.779427],[-122.41408,37.7792],[-122.41408,37.77911],[-122.41413,37.779068],[-122.414246,37.779068],[-122.41436,37.778976],[-122.414474,37.778976],[-122.414536,37.779022],[-122.41442,37.77911],[-122.414474,37.779156],[-122.4147,37.779156],[-122.41482,37.779068],[-122.41493,37.779156],[-122.414986,37.77911],[-122.414986,37.77875],[-122.41493,37.778706],[-122.41482,37.778706],[-122.41476,37.77866],[-122.41476,37.778572],[-122.4147,37.778526],[-122.41459,37.778614],[-122.41413,37.778614],[-122.41396,37.77875],[-122.41396,37.77884],[-122.41385,37.77893],[-122.41385,37.779022],[-122.41368,37.779156],[-122.41357,37.779156],[-122.41334,37.779335],[-122.41323,37.779335],[-122.41317,37.779293],[-122.4134,37.77911],[-122.4134,37.779022],[-122.41334,37.778976],[-122.41323,37.778976],[-122.41312,37.778885],[-122.41289,37.778885],[-122.41283,37.77884],[-122.41283,37.77875],[-122.41272,37.77866],[-122.41272,37.77839],[-122.41289,37.778255],[-122.413,37.778255],[-122.413055,37.77821],[-122.413055,37.778122],[-122.41294,37.77803],[-122.41294,37.77785],[-122.413,37.777805],[-122.41312,37.777805],[-122.41334,37.777985],[-122.41357,37.777985],[-122.41368,37.778076],[-122.41385,37.77794],[-122.41385,37.77776],[-122.41396,37.777668],[-122.41396,37.77758],[-122.41385,37.77749],[-122.41385,37.77731],[-122.413734,37.777218],[-122.413734,37.77686],[-122.41363,37.776768],[-122.41368,37.776722],[-122.41391,37.776722],[-122.41396,37.77668],[-122.41396,37.77659],[-122.41408,37.776497],[-122.41408,37.77641],[-122.41413,37.776363],[-122.414246,37.776363],[-122.414474,37.776543],[-122.41459,37.776543],[-122.4147,37.776634],[-122.41482,37.776634],[-122.41493,37.776722],[-122.414986,37.77668],[-122.414986,37.77641],[-122.4151,37.776318],[-122.4151,37.775867],[-122.41504,37.77582],[-122.41493,37.775913],[-122.41482,37.775913],[-122.41476,37.775867],[-122.41476,37.775776],[-122.4147,37.775734],[-122.41459,37.775734],[-122.414536,37.77569],[-122.41464,37.775597],[-122.41464,37.775238],[-122.414536,37.775146],[-122.414536,37.774605],[-122.41459,37.774563],[-122.4147,37.774563],[-122.41482,37.77465],[-122.41493,37.77465],[-122.414986,37.774605],[-122.414986,37.774517],[-122.4151,37.774426],[-122.4151,37.774338],[-122.41504,37.774292],[-122.41482,37.774292],[-122.41476,37.774246],[-122.41487,37.774155],[-122.41487,37.773884],[-122.41504,37.77375],[-122.41515,37.77375],[-122.41527,37.77366],[-122.41561,37.77366],[-122.41595,37.77393],[-122.416176,37.77393],[-122.41624,37.773884],[-122.41624,37.773796],[-122.41657,37.773525],[-122.41657,37.773254],[-122.41646,37.773167],[-122.41646,37.772984],[-122.41635,37.772896],[-122.41635,37.772713],[-122.41657,37.772533],[-122.41657,37.772446],[-122.416405,37.77231],[-122.41606,37.77231],[-122.41601,37.772263],[-122.41601,37.772175],[-122.41589,37.772083],[-122.41589,37.771904],[-122.41606,37.771767],[-122.416405,37.771767],[-122.41646,37.771725],[-122.41646,37.771633],[-122.41657,37.77154],[-122.41657,37.771362],[-122.41646,37.771275],[-122.41646,37.771183],[-122.416405,37.771137],[-122.41629,37.77123],[-122.416176,37.77123],[-122.41606,37.771317],[-122.41561,37.771317],[-122.41555,37.771275],[-122.41555,37.770733],[-122.41544,37.77064],[-122.415726,37.770416],[-122.41595,37.770416],[-122.41606,37.770508],[-122.41624,37.77037],[-122.41624,37.770283],[-122.41595,37.770058],[-122.41584,37.770058],[-122.41578,37.77001],[-122.41589,37.76992],[-122.41589,37.76965],[-122.41595,37.769608],[-122.41629,37.769608],[-122.41635,37.76956],[-122.41635,37.769382],[-122.416855,37.768974],[-122.41697,37.768974],[-122.41703,37.76893],[-122.41703,37.768208],[-122.417145,37.76812],[-122.417145,37.76785],[-122.41708,37.767803],[-122.416855,37.767803],[-122.4168,37.767757],[-122.416916,37.76767],[-122.416855,37.767624],[-122.41675,37.767624],[-122.41663,37.767532],[-122.416405,37.767532],[-122.41629,37.767445]]],[[[-122.39468,37.771454],[-122.39468,37.77154],[-122.394615,37.771587],[-122.39445,37.771454],[-122.39445,37.771362],[-122.39433,37.771275],[-122.39433,37.771183],[-122.39428,37.771137],[-122.39405,37.771137],[-122.393936,37.771046],[-122.39371,37.771046],[-122.39337,37.771317],[-122.39257,37.771317],[-122.39252,37.771275],[-122.39252,37.771183],[-122.39246,37.771137],[-122.39235,37.771137],[-122.39229,37.77109],[-122.39229,37.770912],[-122.392235,37.770866],[-122.39212,37.770866],[-122.39189,37.770687],[-122.39178,37.77078],[-122.39172,37.770733],[-122.39172,37.770554],[-122.39166,37.770508],[-122.391556,37.770508],[-122.391495,37.770462],[-122.391495,37.77037],[-122.39144,37.77033],[-122.39133,37.77033],[-122.39121,37.770416],[-122.39042,37.770416],[-122.390305,37.77033],[-122.39019,37.77033],[-122.390076,37.770237],[-122.38905,37.770237],[-122.389,37.770283],[-122.389,37.77037],[-122.38872,37.770596],[-122.388374,37.770596],[-122.38832,37.77064],[-122.38832,37.77082],[-122.388145,37.770958],[-122.38803,37.770958],[-122.38798,37.771004],[-122.38798,37.77109],[-122.387924,37.771137],[-122.38781,37.771046],[-122.38775,37.77109],[-122.38775,37.771183],[-122.387634,37.771275],[-122.387634,37.771454],[-122.387695,37.7715],[-122.38803,37.7715],[-122.38809,37.77154],[-122.38809,37.771633],[-122.38803,37.77168],[-122.38758,37.77168],[-122.38735,37.7715],[-122.38724,37.771587],[-122.38702,37.771587],[-122.38679,37.771408],[-122.38656,37.771408],[-122.386444,37.7715],[-122.38633,37.7715],[-122.38628,37.77154],[-122.38628,37.771633],[-122.38633,37.77168],[-122.386444,37.77168],[-122.38656,37.77169],[-122.38673,37.771812],[-122.38672,37.771904],[-122.38588,37.773468],[-122.38582,37.773525],[-122.38571,37.774246],[-122.38571,37.774338],[-122.385765,37.77439],[-122.38497,37.775272],[-122.3849,37.775326],[-122.3849,37.77614],[-122.38497,37.776196],[-122.38717,37.77659],[-122.38724,37.776646],[-122.39019,37.776646],[-122.39026,37.77659],[-122.39065,37.776196],[-122.39072,37.77614],[-122.3911,37.775745],[-122.39117,37.77569],[-122.391556,37.77529],[-122.391624,37.775238],[-122.39246,37.77484],[-122.39253,37.774788],[-122.392914,37.77439],[-122.39298,37.774338],[-122.39337,37.77394],[-122.39344,37.773884],[-122.39382,37.77349],[-122.39389,37.773434],[-122.39473,37.77304],[-122.3948,37.772984],[-122.39519,37.77259],[-122.395256,37.772533],[-122.396095,37.77214],[-122.396164,37.772083],[-122.396095,37.772038],[-122.39552,37.771587],[-122.39541,37.771587],[-122.395355,37.77154],[-122.395355,37.771454],[-122.39519,37.771317],[-122.394844,37.771317],[-122.39468,37.771454]]]]}},{"type":"Feature","properties":{"contour":22},"geometry":{"type":"MultiPolygon","coordinates":[[[[-122.41727,37.767628],[-122.41672,37.767628],[-122.41659,37.76752],[-122.41631,37.76752],[-122.416245,37.767467],[-122.416245,37.76725],[-122.41611,37.767143],[-122.41611,37.766495],[-122.41604,37.766438],[-122.41577,37.766438],[-122.415634,37.76655],[-122.41495,37.76655],[-122.41488,37.7666],[-122.41488,37.766926],[-122.41482,37.76698],[-122.41468,37.76698],[-122.41461,37.766926],[-122.41461,37.76682],[-122.41454,37.76676],[-122.41427,37.76676],[-122.41406,37.766926],[-122.41406,37.767143],[-122.41393,37.76725],[-122.41406,37.767357],[-122.41406,37.767467],[-122.4142,37.767574],[-122.4142,37.76768],[-122.414406,37.767845],[-122.41454,37.767845],[-122.41482,37.767628],[-122.41495,37.767628],[-122.415016,37.76768],[-122.415016,37.7679],[-122.41515,37.768005],[-122.41515,37.768223],[-122.41495,37.768383],[-122.41482,37.768383],[-122.41468,37.768276],[-122.414406,37.768276],[-122.41427,37.768383],[-122.41413,37.768383],[-122.413994,37.768276],[-122.413864,37.768276],[-122.41373,37.76817],[-122.41359,37.768276],[-122.41345,37.768276],[-122.41338,37.768223],[-122.41352,37.768116],[-122.41352,37.768005],[-122.41345,37.767952],[-122.413315,37.76806],[-122.41318,37.76806],[-122.41311,37.768116],[-122.41311,37.768223],[-122.41318,37.768276],[-122.413315,37.768276],[-122.41338,37.76833],[-122.413315,37.768383],[-122.41291,37.768383],[-122.41284,37.76844],[-122.41284,37.768547],[-122.412704,37.768654],[-122.412704,37.768764],[-122.41291,37.768925],[-122.41305,37.768925],[-122.413246,37.76909],[-122.413246,37.769196],[-122.41305,37.76936],[-122.41291,37.76936],[-122.41277,37.769466],[-122.412636,37.769466],[-122.41257,37.76952],[-122.41257,37.769627],[-122.41236,37.76979],[-122.412094,37.76979],[-122.41189,37.769627],[-122.41189,37.769302],[-122.41175,37.769196],[-122.41175,37.76909],[-122.41161,37.76898],[-122.41161,37.76887],[-122.41141,37.76871],[-122.41127,37.76871],[-122.41121,37.768764],[-122.41121,37.76887],[-122.41114,37.768925],[-122.411,37.768925],[-122.410934,37.76887],[-122.410934,37.768654],[-122.41107,37.768547],[-122.411,37.768494],[-122.41059,37.768494],[-122.410385,37.768654],[-122.410385,37.76887],[-122.41045,37.768925],[-122.41059,37.768925],[-122.41066,37.76898],[-122.41066,37.769196],[-122.41059,37.76925],[-122.41045,37.76925],[-122.410324,37.769142],[-122.410255,37.769196],[-122.410255,37.769302],[-122.41019,37.76936],[-122.41005,37.76936],[-122.40991,37.76925],[-122.4095,37.76925],[-122.40937,37.76936],[-122.409164,37.769196],[-122.409164,37.76887],[-122.409096,37.768818],[-122.40868,37.768818],[-122.408485,37.768654],[-122.408485,37.768547],[-122.40835,37.76844],[-122.40835,37.768116],[-122.408005,37.767845],[-122.4076,37.767845],[-122.407394,37.768005],[-122.407394,37.76833],[-122.40767,37.768547],[-122.40767,37.76887],[-122.4076,37.768925],[-122.40746,37.768925],[-122.40719,37.76871],[-122.40705,37.768818],[-122.40698,37.768764],[-122.40698,37.768654],[-122.40705,37.7686],[-122.40719,37.7686],[-122.40726,37.768547],[-122.40726,37.76833],[-122.40691,37.76806],[-122.40678,37.76817],[-122.40665,37.76817],[-122.40658,37.768223],[-122.40658,37.76833],[-122.40651,37.768383],[-122.40644,37.76833],[-122.40644,37.768223],[-122.4063,37.768116],[-122.4063,37.7679],[-122.406235,37.767845],[-122.405556,37.767845],[-122.40514,37.76817],[-122.405075,37.768116],[-122.405075,37.768005],[-122.40488,37.767845],[-122.40474,37.767845],[-122.40467,37.7679],[-122.40467,37.768116],[-122.40481,37.768223],[-122.40467,37.76833],[-122.40467,37.76844],[-122.40453,37.768547],[-122.40453,37.768654],[-122.404465,37.76871],[-122.40433,37.76871],[-122.40412,37.768547],[-122.40412,37.76844],[-122.40406,37.768383],[-122.40392,37.768383],[-122.403854,37.76833],[-122.403854,37.768116],[-122.40392,37.76806],[-122.40419,37.76806],[-122.40426,37.768005],[-122.40426,37.76779],[-122.40412,37.76768],[-122.40412,37.767574],[-122.40406,37.76752],[-122.40392,37.767628],[-122.40351,37.767628],[-122.403305,37.76779],[-122.403305,37.7679],[-122.40324,37.767952],[-122.40311,37.767952],[-122.40297,37.76806],[-122.40256,37.76806],[-122.40228,37.767845],[-122.40147,37.767845],[-122.4014,37.7679],[-122.4014,37.768223],[-122.401535,37.76833],[-122.401535,37.768654],[-122.40134,37.768818],[-122.4012,37.768818],[-122.40106,37.76871],[-122.400925,37.76871],[-122.400856,37.768654],[-122.400856,37.768116],[-122.40079,37.76806],[-122.40065,37.76817],[-122.40051,37.76817],[-122.40038,37.768276],[-122.400246,37.768276],[-122.40018,37.768223],[-122.40018,37.768116],[-122.40011,37.76806],[-122.39997,37.76806],[-122.3999,37.768116],[-122.3999,37.76833],[-122.39997,37.768383],[-122.40011,37.768383],[-122.40018,37.76844],[-122.40004,37.768547],[-122.40004,37.768654],[-122.39997,37.76871],[-122.39983,37.76871],[-122.3997,37.7686],[-122.39943,37.7686],[-122.39895,37.768223],[-122.39895,37.768116],[-122.39881,37.768005],[-122.39881,37.7679],[-122.39874,37.767845],[-122.39834,37.767845],[-122.39827,37.7679],[-122.39827,37.768116],[-122.39813,37.768223],[-122.39813,37.76833],[-122.39806,37.768383],[-122.397995,37.76833],[-122.397995,37.768223],[-122.39766,37.767952],[-122.397385,37.767952],[-122.396904,37.76833],[-122.39704,37.76844],[-122.39704,37.768547],[-122.39718,37.768654],[-122.39718,37.768764],[-122.39725,37.768818],[-122.39766,37.768818],[-122.39773,37.76887],[-122.39759,37.76898],[-122.39759,37.76909],[-122.39745,37.769196],[-122.39745,37.769302],[-122.397316,37.769413],[-122.397316,37.770386],[-122.39779,37.770763],[-122.39806,37.770763],[-122.39827,37.7706],[-122.39827,37.770493],[-122.39841,37.770386],[-122.39841,37.770275],[-122.398476,37.77022],[-122.39861,37.77022],[-122.398674,37.770275],[-122.398674,37.770493],[-122.39888,37.770657],[-122.39902,37.770657],[-122.399155,37.770546],[-122.39929,37.770546],[-122.39943,37.77044],[-122.39956,37.77044],[-122.3999,37.77071],[-122.3999,37.770927],[-122.40004,37.771034],[-122.40004,37.77114],[-122.40018,37.77125],[-122.40018,37.771465],[-122.400314,37.771576],[-122.400314,37.7719],[-122.40018,37.772007],[-122.40018,37.772114],[-122.399765,37.772438],[-122.399765,37.772762],[-122.39943,37.773033],[-122.399155,37.773033],[-122.39902,37.773144],[-122.39888,37.773144],[-122.398674,37.77298],[-122.398674,37.772873],[-122.398544,37.772762],[-122.398544,37.772655],[-122.39841,37.77255],[-122.39841,37.772438],[-122.39827,37.77233],[-122.39827,37.772224],[-122.39834,37.772167],[-122.398476,37.772278],[-122.39874,37.772278],[-122.39881,37.772224],[-122.39881,37.772007],[-122.39895,37.7719],[-122.39895,37.771683],[-122.39881,37.771576],[-122.39881,37.771465],[-122.39861,37.771305],[-122.398476,37.771305],[-122.39834,37.77141],[-122.3982,37.77141],[-122.39806,37.771305],[-122.39793,37.77141],[-122.39752,37.77141],[-122.39744,37.771465],[-122.39711,37.771614],[-122.397026,37.771683],[-122.39684,37.77205],[-122.396706,37.77206],[-122.39662,37.772114],[-122.39616,37.772587],[-122.39607,37.772655],[-122.39534,37.77302],[-122.394714,37.77352],[-122.39439,37.773884],[-122.3943,37.773952],[-122.39343,37.77432],[-122.39335,37.774384],[-122.39303,37.77475],[-122.392944,37.77482],[-122.392075,37.77529],[-122.39199,37.77536],[-122.39166,37.775723],[-122.39158,37.77579],[-122.39126,37.776157],[-122.391174,37.776222],[-122.39085,37.77659],[-122.39022,37.77709],[-122.38894,37.777454],[-122.388855,37.77752],[-122.38812,37.777885],[-122.38804,37.777954],[-122.38758,37.778427],[-122.3875,37.778492],[-122.3854,37.781563],[-122.385315,37.781628],[-122.385315,37.78195],[-122.3854,37.78202],[-122.384995,37.782425],[-122.38491,37.782494],[-122.38491,37.782818],[-122.384995,37.782887],[-122.38758,37.78329],[-122.3875,37.78336],[-122.38567,37.78556],[-122.385605,37.78563],[-122.385605,37.786385],[-122.38574,37.786495],[-122.38574,37.786602],[-122.38581,37.786655],[-122.38595,37.78655],[-122.38608,37.78655],[-122.386215,37.78644],[-122.38635,37.78644],[-122.38663,37.786224],[-122.386765,37.786224],[-122.38696,37.78606],[-122.38696,37.785736],[-122.38703,37.785683],[-122.38724,37.785847],[-122.38724,37.785954],[-122.38731,37.786007],[-122.38744,37.786007],[-122.38751,37.78606],[-122.38751,37.78617],[-122.3871,37.786495],[-122.3871,37.786602],[-122.38696,37.78671],[-122.38696,37.78682],[-122.38649,37.787197],[-122.38635,37.787197],[-122.386284,37.78725],[-122.386284,37.78736],[-122.38642,37.787468],[-122.38642,37.787575],[-122.38649,37.78763],[-122.38663,37.78763],[-122.386765,37.78752],[-122.3869,37.78752],[-122.38696,37.787575],[-122.38696,37.787685],[-122.38703,37.78774],[-122.38772,37.78774],[-122.38779,37.787792],[-122.38779,37.7879],[-122.38792,37.78801],[-122.38792,37.788334],[-122.38812,37.788494],[-122.3884,37.788494],[-122.388466,37.78844],[-122.388466,37.788334],[-122.3888,37.788063],[-122.38894,37.788063],[-122.38901,37.788116],[-122.3886,37.78844],[-122.38867,37.788494],[-122.38908,37.788494],[-122.389145,37.78844],[-122.389145,37.788334],[-122.38921,37.788277],[-122.38935,37.788387],[-122.38949,37.788387],[-122.38969,37.788548],[-122.38969,37.78866],[-122.39003,37.788925],[-122.39017,37.78882],[-122.390305,37.78882],[-122.39037,37.78887],[-122.39037,37.788982],[-122.390305,37.789036],[-122.38989,37.789036],[-122.38956,37.789307],[-122.38956,37.789738],[-122.389626,37.78979],[-122.389755,37.78979],[-122.38989,37.789684],[-122.38996,37.789738],[-122.38996,37.789955],[-122.3901,37.790062],[-122.389755,37.790333],[-122.38969,37.79028],[-122.38969,37.79017],[-122.389626,37.790115],[-122.38949,37.790115],[-122.38942,37.79017],[-122.38969,37.790386],[-122.38956,37.790493],[-122.38956,37.79071],[-122.38942,37.790817],[-122.38956,37.790928],[-122.38956,37.79114],[-122.389626,37.7912],[-122.389755,37.79109],[-122.39003,37.791306],[-122.3901,37.791252],[-122.38996,37.79114],[-122.39003,37.79109],[-122.390305,37.79109],[-122.39044,37.7912],[-122.39057,37.7912],[-122.39064,37.79114],[-122.39064,37.791035],[-122.39071,37.79098],[-122.39078,37.791035],[-122.39078,37.791252],[-122.39064,37.79136],[-122.390915,37.791576],[-122.390915,37.791683],[-122.39105,37.791794],[-122.39105,37.7919],[-122.39119,37.792007],[-122.39119,37.792118],[-122.39105,37.792225],[-122.39105,37.79233],[-122.39119,37.792442],[-122.39119,37.79255],[-122.39126,37.792603],[-122.391396,37.792603],[-122.391525,37.79271],[-122.39194,37.79271],[-122.392006,37.792767],[-122.392006,37.792873],[-122.392075,37.792927],[-122.39235,37.792927],[-122.39241,37.79298],[-122.39228,37.79309],[-122.39228,37.793415],[-122.39214,37.79352],[-122.39214,37.79363],[-122.392075,37.793686],[-122.39199,37.79374],[-122.392006,37.793953],[-122.39214,37.794064],[-122.39221,37.79413],[-122.39248,37.79413],[-122.39289,37.79401],[-122.39296,37.794064],[-122.39296,37.79417],[-122.39303,37.794224],[-122.39357,37.794224],[-122.39371,37.794117],[-122.39412,37.794117],[-122.39432,37.793953],[-122.39432,37.793846],[-122.39418,37.79374],[-122.39418,37.79363],[-122.39425,37.793575],[-122.39439,37.793575],[-122.39452,37.793686],[-122.3948,37.793686],[-122.39487,37.79374],[-122.39487,37.793846],[-122.3948,37.7939],[-122.39466,37.7939],[-122.39459,37.793953],[-122.39459,37.794064],[-122.394455,37.79417],[-122.394455,37.794388],[-122.39418,37.7946],[-122.39432,37.794712],[-122.39418,37.79482],[-122.39418,37.794926],[-122.39425,37.794983],[-122.39452,37.794983],[-122.39459,37.795036],[-122.39459,37.795143],[-122.394455,37.79525],[-122.394455,37.79536],[-122.39452,37.795414],[-122.394936,37.795414],[-122.395004,37.795467],[-122.39487,37.795574],[-122.39487,37.795685],[-122.395004,37.79579],[-122.395004,37.795902],[-122.395065,37.795956],[-122.3952,37.795956],[-122.395615,37.79628],[-122.39575,37.79628],[-122.39589,37.796387],[-122.39616,37.796387],[-122.396225,37.79644],[-122.396225,37.79655],[-122.39629,37.796604],[-122.39643,37.796604],[-122.3965,37.796658],[-122.3965,37.796764],[-122.39636,37.796875],[-122.39636,37.79698],[-122.396774,37.797306],[-122.396774,37.797413],[-122.396904,37.797523],[-122.396904,37.79763],[-122.39704,37.797737],[-122.39704,37.79806],[-122.396904,37.798172],[-122.396904,37.798386],[-122.39704,37.798496],[-122.39704,37.799034],[-122.397026,37.799145],[-122.397026,37.79936],[-122.39704,37.79947],[-122.39711,37.799522],[-122.397385,37.799522],[-122.39745,37.799576],[-122.39745,37.799683],[-122.39752,37.79974],[-122.39766,37.79974],[-122.39779,37.79963],[-122.39793,37.79974],[-122.398476,37.79974],[-122.398544,37.799793],[-122.39841,37.7999],[-122.398544,37.80001],[-122.398544,37.800117],[-122.39861,37.80017],[-122.39874,37.80017],[-122.39888,37.800064],[-122.39929,37.800064],[-122.39936,37.800117],[-122.39936,37.800224],[-122.39902,37.800495],[-122.39874,37.800278],[-122.39834,37.800278],[-122.39827,37.800335],[-122.39834,37.8004],[-122.39839,37.80066],[-122.39841,37.800766],[-122.39861,37.80094],[-122.398796,37.801308],[-122.39888,37.801373],[-122.39921,37.80152],[-122.39929,37.801575],[-122.3995,37.801632],[-122.39936,37.80174],[-122.39943,37.801807],[-122.3997,37.801807],[-122.3999,37.80174],[-122.3999,37.801846],[-122.39997,37.8019],[-122.40011,37.8019],[-122.40018,37.801956],[-122.40018,37.802063],[-122.40045,37.80228],[-122.40045,37.802605],[-122.40004,37.80293],[-122.40004,37.803036],[-122.399765,37.803253],[-122.3999,37.80336],[-122.3999,37.803467],[-122.40011,37.80363],[-122.400246,37.803646],[-122.401115,37.80379],[-122.4012,37.80385],[-122.40134,37.80385],[-122.4014,37.80379],[-122.4014,37.803684],[-122.40147,37.80363],[-122.40195,37.80401],[-122.40195,37.80412],[-122.402016,37.804173],[-122.40215,37.804173],[-122.40222,37.804226],[-122.40222,37.804333],[-122.40228,37.804386],[-122.40256,37.804386],[-122.402626,37.804333],[-122.402626,37.804226],[-122.40276,37.80412],[-122.402695,37.80406],[-122.40256,37.804173],[-122.40249,37.80412],[-122.40249,37.803684],[-122.402695,37.803524],[-122.40283,37.803524],[-122.40297,37.80363],[-122.40311,37.80363],[-122.403305,37.803467],[-122.403305,37.80336],[-122.40337,37.803307],[-122.40351,37.803307],[-122.403854,37.803036],[-122.40365,37.802876],[-122.40351,37.802876],[-122.40344,37.80282],[-122.40344,37.802494],[-122.40365,37.802334],[-122.40372,37.802387],[-122.40372,37.802605],[-122.403786,37.802658],[-122.40392,37.802658],[-122.40412,37.802494],[-122.40412,37.802387],[-122.40399,37.80228],[-122.40406,37.802227],[-122.40433,37.802227],[-122.404396,37.80217],[-122.404396,37.802063],[-122.40419,37.8019],[-122.40406,37.8019],[-122.40399,37.801846],[-122.40399,37.80174],[-122.40392,37.801685],[-122.403786,37.801792],[-122.40365,37.801792],[-122.40351,37.8019],[-122.40317,37.801632],[-122.40317,37.801197],[-122.40304,37.80109],[-122.40304,37.800873],[-122.40317,37.800766],[-122.40317,37.80066],[-122.403305,37.80055],[-122.403305,37.80044],[-122.40344,37.800335],[-122.40344,37.7999],[-122.403305,37.799793],[-122.403305,37.799683],[-122.40351,37.799522],[-122.403786,37.799522],[-122.40392,37.799416],[-122.40406,37.799416],[-122.40426,37.79925],[-122.40426,37.799034],[-122.40419,37.79898],[-122.40392,37.79898],[-122.403854,37.798927],[-122.40419,37.798656],[-122.404465,37.798656],[-122.4046,37.79855],[-122.40474,37.79855],[-122.40481,37.798496],[-122.40481,37.798172],[-122.40488,37.79812],[-122.40501,37.798225],[-122.40514,37.798225],[-122.40521,37.798172],[-122.40521,37.797955],[-122.40514,37.7979],[-122.40501,37.7979],[-122.40481,37.797737],[-122.40481,37.797523],[-122.40474,37.797466],[-122.4046,37.797466],[-122.40453,37.797413],[-122.40453,37.797306],[-122.40474,37.797142],[-122.40488,37.797142],[-122.404945,37.7972],[-122.404945,37.797306],[-122.40501,37.79736],[-122.40528,37.79736],[-122.40542,37.797253],[-122.405556,37.797253],[-122.405624,37.7972],[-122.405624,37.79709],[-122.40549,37.79698],[-122.405624,37.796875],[-122.405624,37.796764],[-122.40576,37.796658],[-122.405624,37.79655],[-122.405624,37.796116],[-122.40549,37.79601],[-122.40549,37.795902],[-122.40528,37.79574],[-122.40514,37.79574],[-122.40488,37.795956],[-122.40474,37.795956],[-122.40467,37.795902],[-122.40481,37.79579],[-122.40481,37.795685],[-122.405075,37.795467],[-122.405075,37.79536],[-122.40521,37.79525],[-122.405075,37.795143],[-122.40514,37.79509],[-122.40528,37.79509],[-122.40535,37.795036],[-122.40535,37.794926],[-122.40589,37.794495],[-122.40589,37.794277],[-122.40569,37.794117],[-122.40542,37.794117],[-122.40528,37.794224],[-122.40521,37.79417],[-122.40521,37.794064],[-122.40535,37.793953],[-122.40535,37.793846],[-122.405556,37.793686],[-122.40583,37.793686],[-122.40589,37.79374],[-122.40589,37.793953],[-122.40596,37.79401],[-122.406235,37.79401],[-122.4063,37.794064],[-122.406166,37.79417],[-122.406166,37.794277],[-122.40637,37.79444],[-122.40644,37.794388],[-122.40644,37.794277],[-122.40651,37.794224],[-122.40658,37.794277],[-122.40658,37.7946],[-122.406715,37.794712],[-122.406715,37.79482],[-122.40665,37.794872],[-122.40651,37.794872],[-122.4063,37.795036],[-122.4063,37.795143],[-122.40651,37.795307],[-122.40719,37.795307],[-122.407394,37.795467],[-122.407394,37.795574],[-122.4076,37.79574],[-122.40787,37.79574],[-122.407936,37.79579],[-122.40787,37.795845],[-122.40773,37.795845],[-122.40767,37.795902],[-122.40767,37.79601],[-122.40773,37.796062],[-122.408554,37.796062],[-122.40868,37.795956],[-122.40882,37.795956],[-122.40889,37.795902],[-122.40889,37.795574],[-122.40896,37.79552],[-122.409096,37.79552],[-122.40944,37.79525],[-122.40944,37.794926],[-122.4095,37.794872],[-122.40964,37.794983],[-122.40998,37.794712],[-122.40964,37.79444],[-122.4095,37.794548],[-122.409096,37.794548],[-122.40903,37.794495],[-122.40903,37.794277],[-122.40923,37.794117],[-122.4095,37.794117],[-122.40984,37.793846],[-122.40964,37.793686],[-122.4095,37.793686],[-122.40944,37.79363],[-122.409706,37.793415],[-122.409706,37.793198],[-122.40998,37.79298],[-122.40998,37.792873],[-122.409775,37.79271],[-122.40964,37.79271],[-122.40957,37.792656],[-122.409706,37.79255],[-122.409706,37.79233],[-122.409775,37.79228],[-122.40991,37.79228],[-122.40998,37.792225],[-122.40998,37.792118],[-122.40984,37.792007],[-122.40984,37.791683],[-122.40998,37.791576],[-122.40991,37.791523],[-122.4095,37.791523],[-122.40944,37.791466],[-122.40944,37.791035],[-122.40957,37.790928],[-122.40957,37.790817],[-122.40964,37.790764],[-122.409775,37.790764],[-122.40984,37.790817],[-122.40984,37.790928],[-122.41012,37.79114],[-122.41012,37.791252],[-122.41019,37.791306],[-122.41073,37.791306],[-122.410934,37.79114],[-122.410934,37.790928],[-122.41107,37.790817],[-122.411,37.790764],[-122.410866,37.790874],[-122.4108,37.790817],[-122.4108,37.790604],[-122.410934,37.790493],[-122.410934,37.790386],[-122.41107,37.79028],[-122.41107,37.79017],[-122.41121,37.790062],[-122.41121,37.789845],[-122.41127,37.78979],[-122.41168,37.78979],[-122.41182,37.7899],[-122.41216,37.78963],[-122.412094,37.789577],[-122.41196,37.789577],[-122.41175,37.789413],[-122.41196,37.78925],[-122.41236,37.78925],[-122.41284,37.78887],[-122.41284,37.78866],[-122.41298,37.788548],[-122.41298,37.78844],[-122.41311,37.788334],[-122.41311,37.78801],[-122.413315,37.787846],[-122.41345,37.787846],[-122.41366,37.787685],[-122.41366,37.78725],[-122.41373,37.787197],[-122.41413,37.787197],[-122.41434,37.787033],[-122.4142,37.786926],[-122.4142,37.78682],[-122.41427,37.786766],[-122.414406,37.786766],[-122.41461,37.786602],[-122.414406,37.78644],[-122.41427,37.78644],[-122.41406,37.786278],[-122.41406,37.78617],[-122.41413,37.786118],[-122.41468,37.786118],[-122.41495,37.7859],[-122.41522,37.7859],[-122.41529,37.785847],[-122.41529,37.785736],[-122.41543,37.78563],[-122.41529,37.785522],[-122.41529,37.785305],[-122.41522,37.78525],[-122.415085,37.78525],[-122.41495,37.78536],[-122.41482,37.78536],[-122.41454,37.78514],[-122.414406,37.78514],[-122.413795,37.784657],[-122.413795,37.78455],[-122.41373,37.784492],[-122.41305,37.784492],[-122.41298,37.78444],[-122.41298,37.784225],[-122.41305,37.78417],[-122.41318,37.78417],[-122.413315,37.78406],[-122.41373,37.78406],[-122.413864,37.78417],[-122.41393,37.784115],[-122.41393,37.784008],[-122.413994,37.783955],[-122.41413,37.783955],[-122.41434,37.78379],[-122.41434,37.783684],[-122.41413,37.78352],[-122.413994,37.78352],[-122.413864,37.783413],[-122.41359,37.783413],[-122.41345,37.783306],[-122.413315,37.783306],[-122.413246,37.783253],[-122.413246,37.782818],[-122.41284,37.782494],[-122.41284,37.782387],[-122.41291,37.782333],[-122.41318,37.782333],[-122.413315,37.78244],[-122.41359,37.78244],[-122.41373,37.782333],[-122.41427,37.782333],[-122.414474,37.78217],[-122.41434,37.782063],[-122.41434,37.781628],[-122.4142,37.78152],[-122.4142,37.78109],[-122.41434,37.78098],[-122.41434,37.780872],[-122.414406,37.78082],[-122.41495,37.78125],[-122.415085,37.78125],[-122.4157,37.780766],[-122.4157,37.78044],[-122.415565,37.78033],[-122.415565,37.780224],[-122.4157,37.780117],[-122.4157,37.780006],[-122.41597,37.779793],[-122.41597,37.779682],[-122.41611,37.779575],[-122.41611,37.77947],[-122.4159,37.779305],[-122.4155,37.779305],[-122.41543,37.77925],[-122.41543,37.779144],[-122.4157,37.778927],[-122.4157,37.778816],[-122.415565,37.77871],[-122.415565,37.778385],[-122.415085,37.778008],[-122.41495,37.778008],[-122.41488,37.77806],[-122.41488,37.778168],[-122.41482,37.778225],[-122.41475,37.778168],[-122.41475,37.777954],[-122.41468,37.7779],[-122.41454,37.7779],[-122.414406,37.77779],[-122.41413,37.77779],[-122.41406,37.777843],[-122.41406,37.77806],[-122.413994,37.778114],[-122.413864,37.778114],[-122.413795,37.77806],[-122.413795,37.777843],[-122.41393,37.777737],[-122.41393,37.77752],[-122.413795,37.777412],[-122.413795,37.77687],[-122.413864,37.776817],[-122.413994,37.776817],[-122.41413,37.776928],[-122.41427,37.776928],[-122.41434,37.77698],[-122.41434,37.77709],[-122.41454,37.777252],[-122.41468,37.777252],[-122.41488,37.77709],[-122.41488,37.77698],[-122.41495,37.776928],[-122.415085,37.777035],[-122.41536,37.777035],[-122.4157,37.776764],[-122.4157,37.776657],[-122.41543,37.77644],[-122.41543,37.776333],[-122.41529,37.776222],[-122.415565,37.77601],[-122.41543,37.775898],[-122.4155,37.775845],[-122.41577,37.775845],[-122.41583,37.77579],[-122.4157,37.775684],[-122.4157,37.77536],[-122.415634,37.775303],[-122.41495,37.775303],[-122.41475,37.775143],[-122.41482,37.77509],[-122.41536,37.77509],[-122.4155,37.77498],[-122.41577,37.77498],[-122.41583,37.774925],[-122.41583,37.77482],[-122.415565,37.7746],[-122.415565,37.774494],[-122.41543,37.774384],[-122.4155,37.77433],[-122.415634,37.77433],[-122.4157,37.774277],[-122.4157,37.77417],[-122.4159,37.774006],[-122.416176,37.774006],[-122.41638,37.77417],[-122.41638,37.774277],[-122.41645,37.77433],[-122.41699,37.77433],[-122.4172,37.77417],[-122.4172,37.77406],[-122.41713,37.774006],[-122.41699,37.774006],[-122.41692,37.773952],[-122.41692,37.773846],[-122.41706,37.773735],[-122.41706,37.77363],[-122.41692,37.77352],[-122.41692,37.77341],[-122.416855,37.773357],[-122.41672,37.773357],[-122.41666,37.773304],[-122.41666,37.773197],[-122.41672,37.773144],[-122.41713,37.773144],[-122.4172,37.773087],[-122.4172,37.77298],[-122.417336,37.772873],[-122.41692,37.77255],[-122.41692,37.772224],[-122.41699,37.772167],[-122.41713,37.772167],[-122.41727,37.77206],[-122.417404,37.77206],[-122.41747,37.772007],[-122.41747,37.77179],[-122.4176,37.771683],[-122.417404,37.77152],[-122.41727,37.77152],[-122.41713,37.77141],[-122.41699,37.77141],[-122.416855,37.771305],[-122.41672,37.77141],[-122.41659,37.77141],[-122.41652,37.77136],[-122.41652,37.77125],[-122.41645,37.771194],[-122.41631,37.771194],[-122.416176,37.771305],[-122.415634,37.771305],[-122.415565,37.77125],[-122.415565,37.77071],[-122.415634,37.770657],[-122.4159,37.770657],[-122.41604,37.770546],[-122.416176,37.770546],[-122.416245,37.770493],[-122.416245,37.76995],[-122.41645,37.76979],[-122.416855,37.76979],[-122.4172,37.76952],[-122.4172,37.769413],[-122.416855,37.769142],[-122.41672,37.769142],[-122.41666,37.76909],[-122.41672,37.769035],[-122.41727,37.769035],[-122.41754,37.768818],[-122.41767,37.768925],[-122.41781,37.768925],[-122.417946,37.768818],[-122.41808,37.768818],[-122.41815,37.768764],[-122.41815,37.768654],[-122.41829,37.768547],[-122.41829,37.768223],[-122.41822,37.76817],[-122.41815,37.768116],[-122.41815,37.768005],[-122.417946,37.767845],[-122.41781,37.767845],[-122.41767,37.767735],[-122.417404,37.767735],[-122.41727,37.767628]]],[[[-122.39473,37.77136],[-122.39473,37.771465],[-122.39452,37.77163],[-122.394455,37.771576],[-122.394455,37.77136],[-122.39432,37.77125],[-122.39432,37.77114],[-122.39425,37.771088],[-122.39412,37.771088],[-122.39398,37.771194],[-122.393845,37.771088],[-122.39357,37.771088],[-122.393295,37.771305],[-122.39289,37.771305],[-122.39275,37.77141],[-122.39262,37.77141],[-122.39255,37.77136],[-122.39255,37.77125],[-122.39248,37.771194],[-122.39235,37.771194],[-122.39228,37.77114],[-122.39228,37.770927],[-122.39221,37.77087],[-122.392075,37.77087],[-122.39194,37.770763],[-122.3918,37.770763],[-122.39173,37.77071],[-122.39173,37.7706],[-122.391396,37.770332],[-122.39126,37.770332],[-122.39112,37.77044],[-122.39044,37.77044],[-122.39017,37.77022],[-122.38908,37.77022],[-122.38901,37.770275],[-122.38901,37.770386],[-122.3888,37.770546],[-122.3884,37.770546],[-122.38833,37.7706],[-122.38833,37.770817],[-122.387985,37.771088],[-122.38772,37.771088],[-122.38765,37.77114],[-122.38765,37.771465],[-122.38772,37.77152],[-122.387985,37.77152],[-122.388054,37.771576],[-122.387985,37.77163],[-122.38744,37.77163],[-122.38731,37.77152],[-122.3869,37.77152],[-122.386765,37.77141],[-122.38649,37.77141],[-122.386284,37.771576],[-122.38635,37.77163],[-122.38649,37.77164],[-122.38668,37.7719],[-122.38581,37.773453],[-122.38574,37.77352],[-122.38574,37.773735],[-122.38588,37.773846],[-122.38588,37.77406],[-122.38574,37.77417],[-122.38574,37.774277],[-122.38581,37.774345],[-122.384995,37.77529],[-122.38491,37.77536],[-122.38491,37.776115],[-122.384995,37.776184],[-122.387085,37.776546],[-122.38717,37.776615],[-122.39017,37.776615],[-122.39079,37.776115],[-122.39112,37.77575],[-122.391205,37.775684],[-122.391525,37.77532],[-122.39162,37.77525],[-122.39248,37.774776],[-122.39257,37.774708],[-122.39289,37.774345],[-122.392975,37.774277],[-122.393295,37.77391],[-122.39393,37.77341],[-122.39466,37.77305],[-122.39589,37.772076],[-122.39596,37.772007],[-122.39596,37.7719],[-122.395615,37.77163],[-122.39548,37.77163],[-122.39527,37.771465],[-122.39527,37.77136],[-122.3952,37.771305],[-122.3948,37.771305],[-122.39473,37.77136]]]]}},{"type":"Feature","properties":{"contour":23},"geometry":{"type":"MultiPolygon","coordinates":[[[[-122.41603,37.76648],[-122.415955,37.766422],[-122.415955,37.765835],[-122.41603,37.765778],[-122.416176,37.765778],[-122.41625,37.765835],[-122.41625,37.765953],[-122.41633,37.76601],[-122.41662,37.76601],[-122.416695,37.765953],[-122.416695,37.76572],[-122.41677,37.76566],[-122.416916,37.76566],[-122.41699,37.765602],[-122.41684,37.765484],[-122.41706,37.76531],[-122.41721,37.76531],[-122.41728,37.76525],[-122.41728,37.765015],[-122.41721,37.764957],[-122.41706,37.764957],[-122.41699,37.7649],[-122.41699,37.764782],[-122.416916,37.764725],[-122.41662,37.764725],[-122.41647,37.764606],[-122.41633,37.764606],[-122.416176,37.764725],[-122.415886,37.764725],[-122.41581,37.764664],[-122.41581,37.76455],[-122.41551,37.764313],[-122.41551,37.7642],[-122.41522,37.76396],[-122.41537,37.763844],[-122.41529,37.763786],[-122.415146,37.763786],[-122.41507,37.76373],[-122.41507,37.76361],[-122.415,37.763554],[-122.41478,37.76373],[-122.41478,37.76396],[-122.414925,37.76408],[-122.4147,37.764256],[-122.41456,37.764137],[-122.41434,37.764313],[-122.41434,37.765015],[-122.414185,37.765133],[-122.414185,37.76537],[-122.41434,37.765484],[-122.414185,37.765602],[-122.414185,37.765835],[-122.41434,37.765953],[-122.413895,37.766304],[-122.413895,37.76689],[-122.41382,37.76695],[-122.41367,37.76695],[-122.41352,37.76683],[-122.413376,37.76683],[-122.41301,37.767124],[-122.41308,37.767185],[-122.41323,37.767185],[-122.4133,37.767242],[-122.4133,37.76736],[-122.41301,37.767593],[-122.41301,37.76771],[-122.41286,37.767826],[-122.41286,37.768295],[-122.412636,37.76847],[-122.41249,37.76847],[-122.41227,37.768646],[-122.41227,37.769234],[-122.41219,37.76929],[-122.4119,37.76929],[-122.41183,37.769234],[-122.41183,37.769115],[-122.41175,37.76906],[-122.411606,37.76906],[-122.41153,37.768997],[-122.41153,37.768764],[-122.41146,37.768707],[-122.41131,37.768707],[-122.41124,37.768764],[-122.41124,37.768883],[-122.41116,37.76894],[-122.41102,37.76894],[-122.41094,37.768883],[-122.41094,37.76853],[-122.410866,37.76847],[-122.41072,37.76847],[-122.410576,37.76859],[-122.41042,37.76859],[-122.410355,37.768646],[-122.410355,37.768883],[-122.41042,37.76894],[-122.410576,37.76894],[-122.410645,37.768997],[-122.410645,37.769115],[-122.410576,37.769173],[-122.41028,37.769173],[-122.41013,37.76929],[-122.40939,37.76929],[-122.40917,37.769115],[-122.40917,37.768883],[-122.409096,37.76882],[-122.408806,37.76882],[-122.40865,37.768707],[-122.40851,37.768707],[-122.40843,37.768646],[-122.40843,37.768414],[-122.40829,37.768295],[-122.40829,37.768177],[-122.40814,37.768063],[-122.40814,37.767944],[-122.408066,37.767887],[-122.40792,37.767887],[-122.40777,37.76777],[-122.40762,37.767887],[-122.40747,37.767887],[-122.4074,37.767944],[-122.4074,37.768295],[-122.4077,37.76853],[-122.4077,37.768883],[-122.40762,37.76894],[-122.40747,37.76894],[-122.40718,37.768707],[-122.40703,37.76882],[-122.40688,37.76882],[-122.40681,37.768764],[-122.40703,37.76859],[-122.40718,37.76859],[-122.40725,37.76853],[-122.40725,37.768295],[-122.40718,37.768238],[-122.40703,37.768238],[-122.40688,37.76812],[-122.40674,37.76812],[-122.406586,37.768238],[-122.40644,37.768238],[-122.406364,37.768177],[-122.406364,37.767826],[-122.406296,37.76777],[-122.406,37.76777],[-122.40585,37.767887],[-122.405556,37.767887],[-122.40526,37.76812],[-122.40511,37.76812],[-122.40504,37.768063],[-122.40504,37.767944],[-122.40497,37.767887],[-122.40467,37.767887],[-122.404594,37.767944],[-122.404594,37.768063],[-122.40475,37.768177],[-122.40475,37.768295],[-122.404594,37.768414],[-122.404594,37.768646],[-122.404526,37.768707],[-122.40437,37.768707],[-122.40371,37.768177],[-122.40393,37.768],[-122.40408,37.76812],[-122.404305,37.767944],[-122.404305,37.767826],[-122.40415,37.76771],[-122.40415,37.767593],[-122.40401,37.767475],[-122.40415,37.76736],[-122.40408,37.7673],[-122.40393,37.7673],[-122.403786,37.767185],[-122.40364,37.767185],[-122.40349,37.7673],[-122.40334,37.7673],[-122.40327,37.767242],[-122.40327,37.767124],[-122.40298,37.76689],[-122.403046,37.76683],[-122.4032,37.76683],[-122.40342,37.766655],[-122.40342,37.766422],[-122.40334,37.766365],[-122.4032,37.766365],[-122.40312,37.766304],[-122.40327,37.76619],[-122.40298,37.765953],[-122.40298,37.765835],[-122.4029,37.765778],[-122.4026,37.765778],[-122.40246,37.765896],[-122.40231,37.765896],[-122.40187,37.765545],[-122.40172,37.765545],[-122.40157,37.765427],[-122.40121,37.76572],[-122.40121,37.766422],[-122.40143,37.766598],[-122.40157,37.766598],[-122.40172,37.76648],[-122.40187,37.76648],[-122.40209,37.766304],[-122.40209,37.76619],[-122.40216,37.76613],[-122.40224,37.76619],[-122.40224,37.76654],[-122.40231,37.766598],[-122.40246,37.766598],[-122.40268,37.766773],[-122.4026,37.76683],[-122.40231,37.76683],[-122.40216,37.76695],[-122.402016,37.76695],[-122.40172,37.767185],[-122.40157,37.767185],[-122.4015,37.767242],[-122.4015,37.76736],[-122.40135,37.767475],[-122.40165,37.76771],[-122.40165,37.767826],[-122.4015,37.767944],[-122.4015,37.768063],[-122.40135,37.768177],[-122.40165,37.768414],[-122.40165,37.76853],[-122.4015,37.768646],[-122.4015,37.768764],[-122.40143,37.76882],[-122.401276,37.76882],[-122.40113,37.768707],[-122.400986,37.768707],[-122.400764,37.76853],[-122.400764,37.768177],[-122.40069,37.76812],[-122.40054,37.76812],[-122.40039,37.768238],[-122.400246,37.768238],[-122.4001,37.76812],[-122.39995,37.76812],[-122.39988,37.768177],[-122.39988,37.768295],[-122.400024,37.768414],[-122.400024,37.768646],[-122.39995,37.768707],[-122.3998,37.768707],[-122.39966,37.76859],[-122.39936,37.76859],[-122.398994,37.768295],[-122.398994,37.768177],[-122.39884,37.768063],[-122.39884,37.767944],[-122.39877,37.767887],[-122.39833,37.767887],[-122.398254,37.767944],[-122.398254,37.768177],[-122.39803,37.768356],[-122.39796,37.768295],[-122.39796,37.768177],[-122.397736,37.768],[-122.39729,37.768],[-122.39693,37.768295],[-122.39693,37.768414],[-122.39707,37.76853],[-122.39707,37.768646],[-122.39729,37.76882],[-122.39759,37.76882],[-122.39767,37.768883],[-122.39767,37.768997],[-122.39737,37.769234],[-122.39737,37.769466],[-122.397224,37.769585],[-122.397224,37.769936],[-122.39737,37.770054],[-122.39737,37.770405],[-122.397514,37.770523],[-122.397514,37.770638],[-122.39759,37.7707],[-122.39818,37.7707],[-122.398254,37.770638],[-122.398254,37.770405],[-122.39862,37.77011],[-122.39884,37.770287],[-122.3987,37.770405],[-122.3987,37.770523],[-122.39892,37.7707],[-122.399216,37.770462],[-122.39966,37.770462],[-122.39973,37.770523],[-122.39973,37.770638],[-122.39988,37.770756],[-122.39988,37.770874],[-122.400024,37.77099],[-122.400024,37.771107],[-122.40017,37.771225],[-122.40017,37.771458],[-122.40032,37.771576],[-122.40032,37.771927],[-122.40017,37.772045],[-122.40017,37.77216],[-122.39973,37.772514],[-122.39973,37.772865],[-122.399506,37.77304],[-122.399216,37.77304],[-122.39906,37.773155],[-122.39892,37.773155],[-122.3987,37.77298],[-122.3987,37.772865],[-122.39855,37.772747],[-122.39855,37.77263],[-122.398254,37.772396],[-122.398254,37.772278],[-122.39833,37.77222],[-122.398476,37.772335],[-122.39862,37.772335],[-122.39884,37.77216],[-122.39884,37.771927],[-122.398994,37.77181],[-122.398994,37.771694],[-122.39884,37.771576],[-122.39884,37.771458],[-122.39877,37.7714],[-122.39862,37.7714],[-122.398476,37.771282],[-122.39833,37.7714],[-122.39818,37.7714],[-122.39803,37.771282],[-122.39796,37.771343],[-122.39796,37.771458],[-122.39789,37.77152],[-122.397736,37.7714],[-122.39759,37.7714],[-122.3975,37.771458],[-122.39715,37.771618],[-122.39706,37.771694],[-122.39685,37.772087],[-122.396706,37.772102],[-122.396614,37.77216],[-122.39626,37.772556],[-122.39617,37.77263],[-122.39523,37.773026],[-122.39514,37.773098],[-122.39479,37.773495],[-122.39426,37.77392],[-122.39346,37.774315],[-122.39337,37.774387],[-122.39302,37.77478],[-122.39292,37.774857],[-122.392136,37.77525],[-122.39204,37.775322],[-122.39169,37.77572],[-122.391594,37.77579],[-122.39125,37.776188],[-122.39071,37.77661],[-122.390366,37.777008],[-122.39027,37.77708],[-122.38904,37.777477],[-122.38894,37.77755],[-122.388145,37.777943],[-122.388054,37.77802],[-122.3877,37.77841],[-122.38761,37.778484],[-122.385345,37.781574],[-122.385254,37.781647],[-122.385254,37.781883],[-122.385345,37.781956],[-122.3849,37.782394],[-122.38481,37.782467],[-122.38481,37.782818],[-122.3849,37.782894],[-122.3877,37.783333],[-122.38761,37.783405],[-122.38564,37.785557],[-122.38557,37.78563],[-122.38557,37.786335],[-122.38571,37.78645],[-122.38571,37.786568],[-122.38579,37.786625],[-122.38593,37.786625],[-122.38623,37.786392],[-122.386375,37.786392],[-122.38653,37.786274],[-122.38667,37.786274],[-122.386894,37.7861],[-122.386894,37.78598],[-122.387115,37.785805],[-122.38748,37.7861],[-122.38748,37.786217],[-122.38704,37.786568],[-122.38704,37.786686],[-122.38631,37.78727],[-122.38631,37.787388],[-122.38645,37.787506],[-122.38645,37.78762],[-122.38653,37.78768],[-122.38667,37.787563],[-122.38697,37.787563],[-122.387115,37.78768],[-122.3877,37.78768],[-122.38778,37.78774],[-122.38778,37.787857],[-122.387924,37.78797],[-122.387924,37.788326],[-122.388145,37.7885],[-122.3883,37.7885],[-122.388596,37.788265],[-122.38874,37.788265],[-122.38882,37.788326],[-122.388664,37.78844],[-122.38874,37.7885],[-122.38904,37.7885],[-122.38911,37.78856],[-122.38896,37.788677],[-122.38896,37.78879],[-122.38882,37.78891],[-122.38896,37.78903],[-122.38896,37.789143],[-122.38926,37.78938],[-122.38896,37.78961],[-122.38896,37.78973],[-122.38911,37.78985],[-122.38911,37.79008],[-122.38896,37.7902],[-122.38911,37.790318],[-122.38911,37.790432],[-122.38896,37.79055],[-122.38894,37.79067],[-122.38894,37.79137],[-122.38904,37.791443],[-122.389824,37.791603],[-122.38992,37.791664],[-122.39021,37.79178],[-122.39051,37.79178],[-122.39073,37.791954],[-122.390434,37.79219],[-122.390434,37.792305],[-122.39051,37.79238],[-122.39071,37.792774],[-122.39125,37.7932],[-122.391594,37.793594],[-122.39169,37.793667],[-122.39204,37.794064],[-122.392136,37.79412],[-122.39248,37.794533],[-122.39258,37.794605],[-122.39292,37.794765],[-122.39302,37.794827],[-122.39331,37.79471],[-122.39346,37.794827],[-122.39361,37.794827],[-122.393684,37.794884],[-122.393684,37.795116],[-122.39353,37.795235],[-122.39353,37.795467],[-122.39361,37.79553],[-122.39375,37.79553],[-122.393906,37.79541],[-122.39405,37.79541],[-122.394196,37.79553],[-122.39427,37.795467],[-122.39427,37.795353],[-122.39435,37.79529],[-122.39449,37.79529],[-122.39457,37.795353],[-122.39457,37.795704],[-122.39442,37.795822],[-122.39442,37.796055],[-122.39427,37.796173],[-122.39435,37.79623],[-122.39479,37.79623],[-122.39501,37.796406],[-122.39501,37.796757],[-122.39508,37.796818],[-122.39538,37.796818],[-122.395454,37.796875],[-122.3953,37.796993],[-122.39538,37.79705],[-122.39552,37.79705],[-122.395676,37.796932],[-122.39582,37.796932],[-122.3959,37.796875],[-122.3959,37.796642],[-122.395966,37.79658],[-122.39604,37.796642],[-122.39604,37.796757],[-122.39678,37.797344],[-122.39678,37.797577],[-122.39656,37.797752],[-122.39641,37.797752],[-122.39634,37.797813],[-122.396484,37.797928],[-122.396484,37.798046],[-122.39656,37.798103],[-122.39685,37.798103],[-122.39693,37.798164],[-122.39693,37.79828],[-122.39685,37.79834],[-122.396706,37.79834],[-122.39663,37.798397],[-122.39663,37.79863],[-122.396614,37.798748],[-122.396614,37.798866],[-122.39663,37.798985],[-122.396706,37.79904],[-122.39685,37.798923],[-122.39693,37.798985],[-122.397,37.799057],[-122.39706,37.79945],[-122.39715,37.799526],[-122.39715,37.799965],[-122.39706,37.800037],[-122.39706,37.80027],[-122.39707,37.80039],[-122.39715,37.800446],[-122.39729,37.80033],[-122.397446,37.80033],[-122.39759,37.800446],[-122.397736,37.80046],[-122.398384,37.800858],[-122.398476,37.80093],[-122.39883,37.801327],[-122.39936,37.80175],[-122.39936,37.80219],[-122.39927,37.80226],[-122.39927,37.802498],[-122.399506,37.80269],[-122.39973,37.80285],[-122.39988,37.8032],[-122.39973,37.803318],[-122.39971,37.803432],[-122.399506,37.803596],[-122.39936,37.803608],[-122.39914,37.803783],[-122.39914,37.8039],[-122.39936,37.804077],[-122.399506,37.804092],[-122.3998,37.804092],[-122.4001,37.804077],[-122.40019,37.80402],[-122.40104,37.804253],[-122.40113,37.804314],[-122.40157,37.80443],[-122.40172,37.80443],[-122.401794,37.80449],[-122.40165,37.804604],[-122.40165,37.80472],[-122.40172,37.80478],[-122.40187,37.80478],[-122.40194,37.80484],[-122.40194,37.804955],[-122.402016,37.805016],[-122.40224,37.80484],[-122.40224,37.80472],[-122.40231,37.804665],[-122.40246,37.804665],[-122.4026,37.804546],[-122.402756,37.804546],[-122.4029,37.804665],[-122.403046,37.804665],[-122.40312,37.804604],[-122.40312,37.80449],[-122.40371,37.80402],[-122.40371,37.803783],[-122.40364,37.803726],[-122.40349,37.803726],[-122.40342,37.80367],[-122.40342,37.80355],[-122.40349,37.803493],[-122.40364,37.803608],[-122.40393,37.803608],[-122.404305,37.803318],[-122.404305,37.80308],[-122.40437,37.803024],[-122.404526,37.803024],[-122.404594,37.802967],[-122.404594,37.802612],[-122.40445,37.802498],[-122.40445,37.80238],[-122.404526,37.802322],[-122.404816,37.802322],[-122.40489,37.80226],[-122.40489,37.802147],[-122.40475,37.80203],[-122.40475,37.801792],[-122.404594,37.801678],[-122.404594,37.80156],[-122.40437,37.801384],[-122.40423,37.801384],[-122.40415,37.80144],[-122.40415,37.80156],[-122.40408,37.801617],[-122.40393,37.801617],[-122.40364,37.801853],[-122.40334,37.801853],[-122.40327,37.801792],[-122.40327,37.801678],[-122.40312,37.80156],[-122.40312,37.80074],[-122.40327,37.80062],[-122.40327,37.800507],[-122.40342,37.80039],[-122.40342,37.79992],[-122.40349,37.799862],[-122.40393,37.799862],[-122.40423,37.799625],[-122.40437,37.799625],[-122.40467,37.799393],[-122.404816,37.799393],[-122.40497,37.799274],[-122.40511,37.799274],[-122.40519,37.799217],[-122.40519,37.798985],[-122.40504,37.798866],[-122.40504,37.798748],[-122.40526,37.798573],[-122.405556,37.798573],[-122.40578,37.798397],[-122.40578,37.79828],[-122.406075,37.798046],[-122.406075,37.797813],[-122.40622,37.797695],[-122.40622,37.796642],[-122.40674,37.79623],[-122.407326,37.79623],[-122.4074,37.796288],[-122.40725,37.796406],[-122.407326,37.796463],[-122.40747,37.796463],[-122.40762,37.79658],[-122.40792,37.79658],[-122.40799,37.796642],[-122.40799,37.796757],[-122.40829,37.796993],[-122.40821,37.79705],[-122.408066,37.79705],[-122.40799,37.797108],[-122.40799,37.797226],[-122.407845,37.797344],[-122.407845,37.79746],[-122.40814,37.797695],[-122.40814,37.797928],[-122.40821,37.79799],[-122.40851,37.79799],[-122.40865,37.79787],[-122.40895,37.79787],[-122.409096,37.797752],[-122.40925,37.797752],[-122.40932,37.797695],[-122.40932,37.797344],[-122.409096,37.79717],[-122.40895,37.79717],[-122.408875,37.797108],[-122.408875,37.796993],[-122.40873,37.796875],[-122.40873,37.796524],[-122.40895,37.79635],[-122.409096,37.79635],[-122.40932,37.796173],[-122.40932,37.796055],[-122.40954,37.79588],[-122.40969,37.79588],[-122.40976,37.795822],[-122.40976,37.795704],[-122.40991,37.795586],[-122.40991,37.795467],[-122.40998,37.79541],[-122.41013,37.79541],[-122.4102,37.795353],[-122.41006,37.795235],[-122.41013,37.795177],[-122.41028,37.795177],[-122.410355,37.795116],[-122.410355,37.794884],[-122.41042,37.794827],[-122.41072,37.794827],[-122.4108,37.794765],[-122.4108,37.79465],[-122.41094,37.794533],[-122.41072,37.794357],[-122.41042,37.794357],[-122.410355,37.794296],[-122.410355,37.794064],[-122.41042,37.794006],[-122.410576,37.794006],[-122.41072,37.793888],[-122.41102,37.793888],[-122.41116,37.79377],[-122.41131,37.79377],[-122.411385,37.793713],[-122.411385,37.793594],[-122.41131,37.793537],[-122.41116,37.793537],[-122.41102,37.793655],[-122.41072,37.79342],[-122.410645,37.79348],[-122.4108,37.793594],[-122.41072,37.793655],[-122.410576,37.793655],[-122.41042,37.793537],[-122.41013,37.793537],[-122.41006,37.79348],[-122.41006,37.79336],[-122.40991,37.793243],[-122.41006,37.793125],[-122.41006,37.79301],[-122.4102,37.792892],[-122.4102,37.792423],[-122.4105,37.79219],[-122.4105,37.792072],[-122.410576,37.792015],[-122.41072,37.79213],[-122.41109,37.79184],[-122.41109,37.791603],[-122.41116,37.791546],[-122.41131,37.791546],[-122.411385,37.79149],[-122.411385,37.791252],[-122.41153,37.791134],[-122.41153,37.79102],[-122.41168,37.7909],[-122.41153,37.790783],[-122.41153,37.79067],[-122.41124,37.790432],[-122.41124,37.790318],[-122.41109,37.7902],[-122.41109,37.789963],[-122.41131,37.789787],[-122.41146,37.789787],[-122.411606,37.789906],[-122.41175,37.789906],[-122.41183,37.789963],[-122.41175,37.790024],[-122.411606,37.790024],[-122.41153,37.79008],[-122.41153,37.7902],[-122.411606,37.790257],[-122.4119,37.790257],[-122.41205,37.790375],[-122.41219,37.790375],[-122.412415,37.7902],[-122.412415,37.79008],[-122.412636,37.789906],[-122.41279,37.789906],[-122.41286,37.78985],[-122.41286,37.78856],[-122.41301,37.78844],[-122.41301,37.788326],[-122.41308,37.788265],[-122.41352,37.788265],[-122.41367,37.788147],[-122.41382,37.788147],[-122.41396,37.788033],[-122.41426,37.788033],[-122.41434,37.78797],[-122.41434,37.78762],[-122.414185,37.787506],[-122.414185,37.78727],[-122.41456,37.786976],[-122.4147,37.787094],[-122.415,37.787094],[-122.41522,37.78692],[-122.41507,37.7868],[-122.41507,37.786686],[-122.415146,37.786625],[-122.41529,37.786625],[-122.41551,37.78645],[-122.41522,37.786217],[-122.41522,37.785866],[-122.41544,37.78569],[-122.41559,37.78569],[-122.415665,37.785748],[-122.415665,37.78598],[-122.41573,37.78604],[-122.415886,37.78604],[-122.415955,37.78598],[-122.415955,37.785866],[-122.4164,37.785515],[-122.41625,37.785397],[-122.41625,37.78528],[-122.416176,37.78522],[-122.415886,37.78522],[-122.41581,37.785164],[-122.41581,37.785046],[-122.41573,37.784985],[-122.41559,37.785103],[-122.41529,37.785103],[-122.41522,37.785046],[-122.41522,37.784927],[-122.41507,37.78481],[-122.41507,37.78446],[-122.415,37.7844],[-122.41456,37.7844],[-122.41434,37.784225],[-122.41434,37.784107],[-122.414925,37.783638],[-122.414925,37.783287],[-122.41485,37.78323],[-122.414406,37.78323],[-122.41434,37.783173],[-122.41448,37.783054],[-122.41434,37.782936],[-122.414406,37.78288],[-122.41456,37.78288],[-122.41463,37.782818],[-122.41463,37.782703],[-122.41456,37.782642],[-122.414406,37.782642],[-122.41434,37.782585],[-122.41434,37.782234],[-122.414406,37.782177],[-122.41456,37.78229],[-122.41485,37.78229],[-122.41507,37.782116],[-122.41507,37.781883],[-122.415146,37.781822],[-122.41529,37.781822],[-122.41544,37.78194],[-122.415665,37.781765],[-122.415665,37.781647],[-122.41581,37.781532],[-122.41559,37.781357],[-122.41529,37.781357],[-122.41522,37.781296],[-122.41529,37.78124],[-122.41544,37.78124],[-122.41559,37.78112],[-122.41573,37.78112],[-122.415886,37.78124],[-122.41611,37.781063],[-122.41611,37.780945],[-122.416176,37.780888],[-122.41633,37.780888],[-122.41655,37.780712],[-122.41655,37.780594],[-122.41633,37.78042],[-122.416176,37.78042],[-122.41611,37.78036],[-122.41625,37.780243],[-122.41625,37.780125],[-122.41633,37.780067],[-122.41647,37.780067],[-122.41662,37.77995],[-122.41677,37.77995],[-122.41684,37.779892],[-122.41684,37.779655],[-122.41714,37.779423],[-122.41662,37.779015],[-122.41647,37.779015],[-122.4164,37.778954],[-122.41647,37.778896],[-122.416916,37.778896],[-122.41699,37.77884],[-122.416916,37.778778],[-122.41677,37.778778],[-122.416695,37.77872],[-122.416695,37.778603],[-122.41684,37.778484],[-122.41677,37.778427],[-122.416176,37.778427],[-122.41611,37.77837],[-122.41611,37.77825],[-122.41603,37.778194],[-122.415886,37.778194],[-122.415665,37.77802],[-122.415665,37.777668],[-122.41573,37.777607],[-122.415955,37.777782],[-122.415955,37.7779],[-122.416176,37.778076],[-122.4164,37.7779],[-122.4164,37.777782],[-122.41625,37.777668],[-122.41625,37.77743],[-122.4164,37.777313],[-122.4164,37.7772],[-122.41633,37.777138],[-122.416176,37.777138],[-122.41611,37.77708],[-122.41655,37.77673],[-122.41655,37.77661],[-122.41611,37.77626],[-122.41611,37.776142],[-122.415955,37.776028],[-122.415955,37.77579],[-122.41625,37.77556],[-122.41625,37.77544],[-122.416695,37.77509],[-122.416695,37.77497],[-122.41677,37.774914],[-122.4175,37.774914],[-122.41758,37.774857],[-122.41758,37.77462],[-122.417725,37.774506],[-122.417725,37.774387],[-122.41788,37.77427],[-122.41788,37.77415],[-122.41802,37.774036],[-122.41788,37.77392],[-122.41788,37.7738],[-122.417725,37.773685],[-122.41802,37.77345],[-122.417946,37.77339],[-122.4178,37.77351],[-122.417656,37.77351],[-122.41758,37.773567],[-122.41758,37.773685],[-122.4175,37.773743],[-122.41736,37.773743],[-122.41728,37.773685],[-122.41728,37.773567],[-122.4175,37.77339],[-122.417656,37.77339],[-122.417725,37.77333],[-122.417725,37.773216],[-122.41788,37.773098],[-122.41788,37.772747],[-122.417725,37.77263],[-122.417725,37.772396],[-122.41758,37.772278],[-122.41758,37.77216],[-122.417435,37.772045],[-122.417435,37.771927],[-122.41758,37.77181],[-122.41758,37.771576],[-122.417725,37.771458],[-122.41758,37.771343],[-122.41758,37.770874],[-122.417725,37.770756],[-122.41758,37.770638],[-122.41758,37.770523],[-122.41736,37.770348],[-122.41721,37.770462],[-122.41706,37.770462],[-122.416916,37.77058],[-122.41677,37.77058],[-122.416695,37.770638],[-122.416695,37.770756],[-122.41655,37.770874],[-122.41655,37.77099],[-122.416176,37.771282],[-122.41559,37.771282],[-122.41551,37.771225],[-122.41551,37.770756],[-122.41559,37.7707],[-122.41573,37.7707],[-122.415886,37.77058],[-122.41603,37.77058],[-122.41625,37.770405],[-122.41625,37.769936],[-122.41647,37.76976],[-122.41662,37.76976],[-122.41677,37.76988],[-122.41706,37.76988],[-122.41714,37.769936],[-122.41714,37.770054],[-122.41721,37.77011],[-122.41736,37.769993],[-122.4175,37.77011],[-122.417656,37.77011],[-122.41802,37.769817],[-122.41802,37.769352],[-122.4181,37.76929],[-122.41854,37.76929],[-122.41861,37.769234],[-122.41861,37.768997],[-122.41876,37.768883],[-122.41876,37.76853],[-122.41883,37.76847],[-122.41898,37.76847],[-122.41913,37.76859],[-122.41935,37.768414],[-122.41935,37.768177],[-122.41927,37.76812],[-122.41898,37.76812],[-122.41876,37.767944],[-122.41876,37.767826],[-122.418686,37.76777],[-122.41839,37.767536],[-122.41824,37.76765],[-122.416916,37.76765],[-122.41684,37.767593],[-122.41699,37.767475],[-122.41699,37.76654],[-122.416916,37.76648],[-122.41603,37.76648]]],[[[-122.3911,37.77575],[-122.39119,37.775677],[-122.39154,37.77528],[-122.39163,37.775208],[-122.392426,37.77481],[-122.39252,37.77474],[-122.39287,37.77434],[-122.39296,37.77427],[-122.39331,37.773872],[-122.393845,37.77345],[-122.39464,37.773056],[-122.39473,37.77298],[-122.39508,37.772587],[-122.39517,37.772514],[-122.395966,37.772118],[-122.39604,37.772045],[-122.3959,37.77181],[-122.39582,37.77175],[-122.395676,37.77175],[-122.39508,37.771282],[-122.394936,37.771282],[-122.39449,37.771633],[-122.39442,37.771576],[-122.39442,37.771343],[-122.394196,37.771164],[-122.39405,37.771164],[-122.393906,37.77105],[-122.39375,37.77105],[-122.39346,37.771282],[-122.39302,37.771282],[-122.39287,37.7714],[-122.39258,37.7714],[-122.3925,37.771343],[-122.3925,37.771225],[-122.39236,37.771107],[-122.39236,37.77099],[-122.39198,37.7707],[-122.39184,37.7707],[-122.391396,37.770348],[-122.39095,37.770348],[-122.39081,37.770462],[-122.390366,37.770462],[-122.39007,37.77023],[-122.38948,37.77023],[-122.389404,37.77017],[-122.38948,37.77011],[-122.38977,37.77011],[-122.38985,37.770054],[-122.38985,37.769466],[-122.390144,37.769234],[-122.390144,37.769115],[-122.39029,37.768997],[-122.39029,37.76853],[-122.390434,37.768414],[-122.39021,37.768238],[-122.38992,37.768238],[-122.38977,37.768356],[-122.389626,37.768356],[-122.38933,37.76812],[-122.38918,37.76812],[-122.38911,37.768177],[-122.38911,37.768295],[-122.38837,37.768883],[-122.38837,37.769115],[-122.388596,37.76929],[-122.38874,37.76929],[-122.38896,37.769466],[-122.38896,37.769585],[-122.388885,37.76964],[-122.38874,37.76964],[-122.388664,37.769703],[-122.388664,37.769817],[-122.38874,37.76988],[-122.388885,37.76988],[-122.38896,37.769936],[-122.38896,37.770405],[-122.38874,37.77058],[-122.3883,37.77058],[-122.38822,37.770638],[-122.38822,37.770874],[-122.388,37.77105],[-122.387856,37.77105],[-122.387634,37.771225],[-122.387634,37.771458],[-122.3877,37.77152],[-122.388,37.77152],[-122.38808,37.771576],[-122.388,37.771633],[-122.38756,37.771633],[-122.38741,37.77152],[-122.38697,37.77152],[-122.38682,37.7714],[-122.38653,37.7714],[-122.38631,37.771576],[-122.386375,37.77165],[-122.38675,37.77181],[-122.38673,37.771927],[-122.38579,37.773495],[-122.38571,37.773567],[-122.385864,37.77415],[-122.38571,37.77427],[-122.38579,37.77434],[-122.3849,37.77525],[-122.38481,37.775322],[-122.38481,37.776142],[-122.3849,37.77622],[-122.38717,37.776493],[-122.38726,37.77657],[-122.39021,37.77657],[-122.39075,37.776142],[-122.3911,37.77575]]]]}},{"type":"Feature","properties":{"contour":24},"geometry":{"type":"MultiPolygon","coordinates":[[[[-122.42421,37.784557],[-122.424065,37.784676],[-122.42377,37.784676],[-122.42362,37.784557],[-122.42362,37.78432],[-122.42318,37.78397],[-122.422585,37.78397],[-122.42244,37.783855],[-122.42244,37.78362],[-122.422295,37.783504],[-122.422,37.783504],[-122.42185,37.783386],[-122.42185,37.78315],[-122.42171,37.783035],[-122.42141,37.783035],[-122.42111,37.7828],[-122.42097,37.782917],[-122.42097,37.78315],[-122.42082,37.783268],[-122.420525,37.783268],[-122.42038,37.783386],[-122.42038,37.78432],[-122.41994,37.784676],[-122.41964,37.78444],[-122.4192,37.78479],[-122.4192,37.78526],[-122.41964,37.78561],[-122.41994,37.785378],[-122.42023,37.785378],[-122.42038,37.785496],[-122.42038,37.78573],[-122.42067,37.78596],[-122.42067,37.786198],[-122.42082,37.786312],[-122.42141,37.786312],[-122.42171,37.78655],[-122.42185,37.78643],[-122.42185,37.786198],[-122.422,37.78608],[-122.422585,37.78608],[-122.42274,37.78596],[-122.42274,37.78526],[-122.42288,37.78514],[-122.42347,37.78514],[-122.42362,37.78526],[-122.42362,37.785496],[-122.424065,37.785847],[-122.42495,37.785847],[-122.425095,37.78573],[-122.425095,37.785496],[-122.42539,37.78526],[-122.42539,37.785027],[-122.424355,37.784206],[-122.42421,37.78432],[-122.42421,37.784557]]],[[[-122.41905,37.764294],[-122.418755,37.764294],[-122.41861,37.764412],[-122.41861,37.764645],[-122.41846,37.764763],[-122.41787,37.764763],[-122.41728,37.764294],[-122.41669,37.764763],[-122.416245,37.764412],[-122.41654,37.764175],[-122.41654,37.76371],[-122.4164,37.76359],[-122.4158,37.76359],[-122.41566,37.763474],[-122.41566,37.76324],[-122.4161,37.76289],[-122.4164,37.76289],[-122.41654,37.76277],[-122.41654,37.761833],[-122.41669,37.76172],[-122.41684,37.761833],[-122.41684,37.762302],[-122.416985,37.76242],[-122.41743,37.76207],[-122.41669,37.761482],[-122.4164,37.761482],[-122.4161,37.76125],[-122.4158,37.76125],[-122.41566,37.76113],[-122.41566,37.7609],[-122.41492,37.76031],[-122.41463,37.76031],[-122.414185,37.760662],[-122.414474,37.7609],[-122.41433,37.761013],[-122.41374,37.761013],[-122.41359,37.76113],[-122.41359,37.761368],[-122.41374,37.761482],[-122.41403,37.761482],[-122.414185,37.7616],[-122.414185,37.761833],[-122.41403,37.76195],[-122.413445,37.76195],[-122.41315,37.76172],[-122.41286,37.76195],[-122.41256,37.76195],[-122.412415,37.76207],[-122.412415,37.762302],[-122.41286,37.762653],[-122.413445,37.762653],[-122.414474,37.763474],[-122.414474,37.76371],[-122.41433,37.763824],[-122.41403,37.76359],[-122.41389,37.76371],[-122.41389,37.763943],[-122.41403,37.76406],[-122.41433,37.76406],[-122.414474,37.764175],[-122.414185,37.764412],[-122.414185,37.765347],[-122.41403,37.765465],[-122.41359,37.765114],[-122.41359,37.764645],[-122.413445,37.76453],[-122.41315,37.76453],[-122.41212,37.765347],[-122.41212,37.765816],[-122.41226,37.765934],[-122.41256,37.765934],[-122.413,37.766285],[-122.413,37.766518],[-122.412704,37.766754],[-122.412704,37.767223],[-122.412415,37.767456],[-122.412415,37.767693],[-122.41212,37.767925],[-122.41212,37.768158],[-122.41226,37.768276],[-122.41256,37.768276],[-122.412704,37.768394],[-122.41256,37.76851],[-122.411674,37.76851],[-122.41138,37.768745],[-122.41109,37.768745],[-122.410934,37.768627],[-122.410934,37.768158],[-122.41079,37.768044],[-122.41049,37.768044],[-122.41035,37.768158],[-122.41035,37.768864],[-122.410645,37.769096],[-122.41049,37.769215],[-122.40932,37.769215],[-122.40917,37.769096],[-122.40917,37.768864],[-122.40902,37.768745],[-122.40873,37.768745],[-122.40829,37.768394],[-122.40829,37.768158],[-122.407845,37.767807],[-122.40755,37.767807],[-122.4074,37.767925],[-122.4074,37.768158],[-122.40725,37.768276],[-122.40666,37.768276],[-122.406075,37.767807],[-122.40489,37.767807],[-122.40475,37.767693],[-122.40475,37.767456],[-122.40504,37.767223],[-122.404594,37.766872],[-122.404305,37.766872],[-122.40415,37.766754],[-122.40415,37.766052],[-122.40342,37.765465],[-122.40224,37.765465],[-122.40209,37.765347],[-122.40209,37.764412],[-122.40165,37.76406],[-122.401054,37.76406],[-122.40091,37.764175],[-122.40121,37.764412],[-122.401054,37.76453],[-122.400764,37.76453],[-122.40032,37.76488],[-122.40047,37.764996],[-122.401054,37.764996],[-122.4015,37.765347],[-122.4015,37.765583],[-122.40135,37.7657],[-122.40047,37.7657],[-122.400024,37.766052],[-122.40032,37.766285],[-122.40032,37.766518],[-122.40047,37.766636],[-122.400764,37.766636],[-122.40091,37.766754],[-122.40091,37.766987],[-122.40061,37.767223],[-122.40061,37.767693],[-122.400764,37.767807],[-122.40135,37.767807],[-122.4015,37.767925],[-122.4015,37.768394],[-122.401054,37.768745],[-122.40091,37.768627],[-122.40091,37.768394],[-122.400764,37.768276],[-122.40047,37.768276],[-122.40017,37.768044],[-122.39988,37.768044],[-122.39973,37.768158],[-122.400024,37.768394],[-122.400024,37.768627],[-122.39988,37.768745],[-122.39958,37.76851],[-122.399284,37.76851],[-122.39884,37.768158],[-122.39884,37.767925],[-122.3987,37.767807],[-122.3984,37.767807],[-122.398254,37.767925],[-122.398254,37.768158],[-122.39811,37.768276],[-122.39781,37.768044],[-122.397224,37.768044],[-122.39707,37.768158],[-122.39707,37.768627],[-122.397224,37.768745],[-122.397514,37.768745],[-122.39767,37.768864],[-122.39767,37.769096],[-122.39737,37.76933],[-122.39737,37.7705],[-122.397514,37.77062],[-122.398994,37.77062],[-122.399284,37.770386],[-122.39958,37.770386],[-122.39973,37.7705],[-122.39973,37.770737],[-122.400024,37.77097],[-122.400024,37.771206],[-122.40032,37.77144],[-122.40032,37.77214],[-122.39973,37.77261],[-122.39973,37.772846],[-122.39958,37.77296],[-122.399284,37.77296],[-122.398994,37.773197],[-122.39855,37.772846],[-122.39855,37.77261],[-122.398254,37.772377],[-122.398254,37.77214],[-122.3984,37.772026],[-122.3987,37.77226],[-122.39884,37.77214],[-122.39884,37.77144],[-122.3987,37.77132],[-122.39781,37.77132],[-122.397514,37.771557],[-122.397224,37.771526],[-122.39704,37.77167],[-122.39663,37.772026],[-122.39645,37.77214],[-122.3931,37.774807],[-122.39221,37.775276],[-122.39202,37.77542],[-122.39133,37.77621],[-122.39073,37.77668],[-122.38896,37.77738],[-122.38808,37.77785],[-122.38789,37.777996],[-122.3876,37.778465],[-122.38542,37.7816],[-122.38524,37.781746],[-122.38524,37.78198],[-122.38542,37.782127],[-122.38513,37.782303],[-122.38495,37.782448],[-122.38495,37.782684],[-122.38513,37.78283],[-122.3876,37.783386],[-122.38572,37.785583],[-122.385574,37.78573],[-122.385574,37.78643],[-122.38572,37.78655],[-122.38602,37.78655],[-122.38631,37.786312],[-122.386604,37.786312],[-122.3869,37.78608],[-122.38719,37.78608],[-122.387344,37.786198],[-122.38705,37.78643],[-122.38705,37.786667],[-122.38646,37.787132],[-122.38646,37.7876],[-122.386604,37.78772],[-122.38719,37.78772],[-122.38749,37.787952],[-122.38779,37.787952],[-122.38793,37.78807],[-122.38793,37.788303],[-122.38808,37.78842],[-122.388374,37.78842],[-122.38852,37.78854],[-122.388374,37.78866],[-122.38808,37.78866],[-122.38793,37.788773],[-122.38808,37.78889],[-122.388374,37.78889],[-122.38852,37.78901],[-122.38823,37.78924],[-122.38823,37.789474],[-122.388374,37.789623],[-122.38849,37.790413],[-122.38878,37.79135],[-122.38896,37.791496],[-122.38966,37.79182],[-122.39025,37.792286],[-122.39055,37.792755],[-122.39262,37.794395],[-122.39291,37.794865],[-122.3935,37.795334],[-122.39379,37.7958],[-122.39439,37.79627],[-122.39468,37.796738],[-122.394714,37.79744],[-122.39487,37.797558],[-122.39575,37.797558],[-122.3959,37.797676],[-122.3959,37.79791],[-122.3956,37.798145],[-122.39575,37.79826],[-122.39616,37.79861],[-122.39704,37.799316],[-122.39663,37.80034],[-122.396484,37.800488],[-122.39693,37.80084],[-122.397224,37.800865],[-122.39741,37.80072],[-122.39822,37.80072],[-122.39881,37.80119],[-122.3991,37.80166],[-122.399284,37.802216],[-122.3984,37.80268],[-122.39822,37.80283],[-122.39822,37.803062],[-122.3984,37.80318],[-122.398994,37.803207],[-122.39918,37.803062],[-122.399284,37.80362],[-122.39884,37.804],[-122.39884,37.804234],[-122.39855,37.80447],[-122.3987,37.804585],[-122.398994,37.804615],[-122.39988,37.804146],[-122.40006,37.804],[-122.401054,37.804558],[-122.40091,37.804703],[-122.40121,37.805172],[-122.40135,37.805286],[-122.40165,37.805054],[-122.40194,37.805286],[-122.40224,37.805286],[-122.402534,37.805523],[-122.40312,37.805523],[-122.40342,37.805286],[-122.40371,37.805286],[-122.40415,37.804935],[-122.40415,37.804234],[-122.40386,37.804],[-122.40386,37.803764],[-122.404305,37.803413],[-122.40489,37.803413],[-122.40504,37.8033],[-122.40504,37.80283],[-122.40563,37.80236],[-122.40548,37.802242],[-122.40489,37.802242],[-122.40475,37.802124],[-122.40475,37.80189],[-122.40489,37.801773],[-122.40519,37.801773],[-122.405334,37.80166],[-122.405334,37.801422],[-122.40504,37.80119],[-122.40504,37.800953],[-122.40475,37.80072],[-122.40475,37.80025],[-122.40504,37.80002],[-122.40504,37.79978],[-122.40489,37.799667],[-122.404594,37.799667],[-122.40445,37.79955],[-122.404594,37.79943],[-122.40548,37.79943],[-122.40592,37.79908],[-122.40592,37.798847],[-122.406075,37.79873],[-122.406364,37.79873],[-122.40652,37.79861],[-122.40652,37.798378],[-122.40666,37.79826],[-122.40696,37.79826],[-122.407104,37.798145],[-122.407104,37.79791],[-122.40725,37.79779],[-122.40755,37.798027],[-122.408134,37.798027],[-122.40829,37.798145],[-122.40829,37.798378],[-122.40858,37.79861],[-122.40858,37.798847],[-122.40829,37.79908],[-122.40829,37.799316],[-122.40873,37.799667],[-122.40961,37.799667],[-122.40976,37.79955],[-122.40976,37.799316],[-122.40961,37.7992],[-122.40932,37.7992],[-122.40917,37.79908],[-122.40917,37.798145],[-122.40961,37.79779],[-122.409904,37.79779],[-122.41035,37.79744],[-122.4102,37.797325],[-122.40961,37.797325],[-122.40946,37.797207],[-122.40946,37.796505],[-122.409904,37.796154],[-122.4102,37.796154],[-122.41035,37.796036],[-122.41035,37.7958],[-122.410645,37.795567],[-122.410645,37.795097],[-122.41109,37.794746],[-122.411674,37.794746],[-122.41182,37.79463],[-122.41153,37.794395],[-122.41153,37.793694],[-122.411674,37.793575],[-122.41197,37.793575],[-122.41212,37.793457],[-122.411674,37.793106],[-122.41138,37.793106],[-122.41123,37.79299],[-122.41123,37.792755],[-122.41153,37.792522],[-122.41123,37.792286],[-122.41182,37.79182],[-122.41153,37.791584],[-122.41153,37.79135],[-122.411674,37.791233],[-122.41226,37.791233],[-122.413,37.79065],[-122.412704,37.790413],[-122.412704,37.78924],[-122.41286,37.789124],[-122.413,37.78924],[-122.413,37.789474],[-122.41315,37.789593],[-122.41374,37.789593],[-122.41389,37.789474],[-122.41389,37.78924],[-122.41403,37.789124],[-122.41433,37.789124],[-122.414474,37.78901],[-122.414474,37.788303],[-122.414185,37.78807],[-122.41433,37.787952],[-122.41463,37.787952],[-122.41492,37.78772],[-122.415215,37.78772],[-122.41536,37.7876],[-122.41536,37.78737],[-122.41654,37.78643],[-122.41654,37.78596],[-122.41669,37.785847],[-122.416985,37.785847],[-122.41713,37.78573],[-122.41713,37.78526],[-122.41669,37.78491],[-122.4161,37.78491],[-122.41566,37.784557],[-122.41566,37.78409],[-122.4158,37.78397],[-122.4164,37.78397],[-122.41684,37.78362],[-122.41684,37.78315],[-122.41669,37.783035],[-122.4161,37.783035],[-122.415955,37.782917],[-122.415955,37.782684],[-122.4158,37.782566],[-122.41566,37.782684],[-122.41566,37.78315],[-122.41551,37.783268],[-122.415215,37.783268],[-122.41507,37.78315],[-122.41507,37.782917],[-122.41536,37.782684],[-122.415215,37.782566],[-122.41492,37.782566],[-122.41477,37.782448],[-122.415215,37.782097],[-122.4161,37.782097],[-122.416245,37.78198],[-122.416245,37.781746],[-122.415955,37.781513],[-122.416245,37.781277],[-122.416245,37.781044],[-122.4164,37.780926],[-122.416985,37.780926],[-122.41743,37.780575],[-122.41743,37.780106],[-122.417725,37.779873],[-122.417725,37.779636],[-122.418015,37.779404],[-122.418015,37.77917],[-122.41787,37.779053],[-122.41757,37.779053],[-122.41743,37.778934],[-122.41757,37.778816],[-122.41787,37.778816],[-122.418015,37.7787],[-122.41787,37.778584],[-122.41757,37.778584],[-122.41684,37.777996],[-122.41713,37.777763],[-122.41713,37.777294],[-122.41684,37.77706],[-122.41684,37.776592],[-122.416985,37.776474],[-122.41728,37.776474],[-122.41757,37.77671],[-122.41787,37.77671],[-122.41817,37.776474],[-122.41846,37.776474],[-122.41861,37.776592],[-122.41861,37.776825],[-122.418755,37.776943],[-122.41964,37.776943],[-122.419785,37.776825],[-122.419785,37.776592],[-122.42008,37.77636],[-122.42008,37.77589],[-122.420525,37.77554],[-122.42082,37.775772],[-122.42111,37.775772],[-122.421265,37.775654],[-122.421265,37.774952],[-122.42097,37.77472],[-122.421265,37.774483],[-122.421265,37.774017],[-122.42082,37.773663],[-122.420525,37.773663],[-122.42023,37.77343],[-122.41964,37.77343],[-122.41934,37.773197],[-122.41905,37.773197],[-122.41861,37.772846],[-122.4189,37.77261],[-122.4189,37.772377],[-122.41861,37.77214],[-122.41861,37.77167],[-122.41846,37.771557],[-122.41817,37.771557],[-122.418015,37.77144],[-122.418015,37.770267],[-122.41817,37.77015],[-122.418755,37.77015],[-122.4189,37.770035],[-122.4189,37.7698],[-122.41861,37.769566],[-122.41861,37.768864],[-122.418755,37.768745],[-122.41994,37.768745],[-122.42008,37.768627],[-122.42008,37.768158],[-122.41994,37.768044],[-122.41964,37.768044],[-122.419495,37.767925],[-122.419495,37.767456],[-122.41934,37.767338],[-122.41905,37.767338],[-122.4189,37.767456],[-122.4189,37.767693],[-122.418755,37.767807],[-122.41831,37.767456],[-122.41831,37.766754],[-122.41787,37.766403],[-122.41728,37.766403],[-122.41713,37.766285],[-122.41713,37.766052],[-122.41728,37.765934],[-122.41757,37.765934],[-122.417725,37.765816],[-122.417725,37.765583],[-122.41787,37.765465],[-122.41934,37.765465],[-122.419495,37.765583],[-122.419495,37.766285],[-122.41964,37.766403],[-122.41994,37.766403],[-122.42008,37.766285],[-122.42008,37.765816],[-122.42082,37.765232],[-122.42141,37.765232],[-122.421555,37.765114],[-122.42141,37.764996],[-122.42111,37.764996],[-122.42097,37.76488],[-122.42097,37.764645],[-122.42023,37.76406],[-122.41934,37.76406],[-122.41905,37.764294]]],[[[-122.39354,37.756214],[-122.39339,37.756096],[-122.3925,37.756096],[-122.39236,37.755978],[-122.39236,37.755745],[-122.39206,37.75551],[-122.39206,37.755043],[-122.391914,37.754925],[-122.39147,37.755276],[-122.39147,37.75551],[-122.39133,37.755627],[-122.39073,37.755627],[-122.39,37.756214],[-122.39,37.756447],[-122.3897,37.75668],[-122.3897,37.756916],[-122.389404,37.75715],[-122.389404,37.757385],[-122.38882,37.75785],[-122.38882,37.758087],[-122.38896,37.758205],[-122.38926,37.758205],[-122.389404,37.75832],[-122.389404,37.758556],[-122.38956,37.75867],[-122.38985,37.75867],[-122.390144,37.758907],[-122.39044,37.758907],[-122.39073,37.75914],[-122.39103,37.75914],[-122.39133,37.759377],[-122.39221,37.759377],[-122.3928,37.758907],[-122.393684,37.758907],[-122.39383,37.75879],[-122.39383,37.758556],[-122.39398,37.75844],[-122.39427,37.75844],[-122.394424,37.75832],[-122.394424,37.758087],[-122.39457,37.75797],[-122.39487,37.75797],[-122.39531,37.757618],[-122.39487,37.757267],[-122.394714,37.75715],[-122.394714,37.756916],[-122.39457,37.756798],[-122.393684,37.756798],[-122.39354,37.75668],[-122.39354,37.756214]]],[[[-122.394424,37.77144],[-122.394424,37.771206],[-122.39427,37.771088],[-122.393684,37.771088],[-122.39339,37.77132],[-122.3925,37.77132],[-122.39236,37.771206],[-122.39236,37.77097],[-122.391914,37.77062],[-122.39162,37.77062],[-122.39133,37.770386],[-122.39044,37.770386],[-122.39029,37.770267],[-122.39029,37.770035],[-122.39044,37.769917],[-122.39073,37.769917],[-122.390884,37.7698],[-122.390884,37.76933],[-122.39103,37.769215],[-122.39133,37.769215],[-122.39147,37.769096],[-122.39147,37.768394],[-122.39133,37.768276],[-122.39044,37.768276],[-122.39029,37.768158],[-122.39029,37.767693],[-122.390144,37.767574],[-122.38956,37.767574],[-122.38926,37.767338],[-122.38896,37.767338],[-122.38852,37.767693],[-122.38852,37.767925],[-122.388374,37.768044],[-122.38808,37.768044],[-122.38779,37.767807],[-122.387634,37.767925],[-122.387634,37.768394],[-122.387344,37.768627],[-122.387344,37.769096],[-122.38705,37.76933],[-122.38719,37.769447],[-122.38779,37.769447],[-122.38793,37.769566],[-122.38793,37.770035],[-122.38808,37.77015],[-122.388374,37.769917],[-122.38867,37.769917],[-122.389114,37.770267],[-122.38867,37.77062],[-122.388374,37.77062],[-122.38823,37.770737],[-122.38823,37.77097],[-122.38808,37.771088],[-122.38779,37.771088],[-122.387634,37.771206],[-122.387634,37.77144],[-122.38749,37.771557],[-122.3869,37.771557],[-122.386604,37.77132],[-122.38646,37.77144],[-122.386604,37.771584],[-122.38602,37.7734],[-122.385864,37.77355],[-122.385864,37.77425],[-122.38602,37.774395],[-122.38513,37.775276],[-122.38495,37.77542],[-122.38495,37.776123],[-122.38513,37.77627],[-122.38701,37.776592],[-122.38719,37.776737],[-122.390144,37.776737],[-122.39033,37.776592],[-122.39103,37.775803],[-122.39162,37.775333],[-122.3925,37.774864],[-122.392685,37.77472],[-122.39339,37.77393],[-122.39534,37.772377],[-122.39575,37.772053],[-122.3959,37.771908],[-122.39516,37.77132],[-122.39487,37.77132],[-122.39457,37.771557],[-122.394424,37.77144]]]]}},{"type":"Feature","properties":{"contour":25},"geometry":{"type":"MultiPolygon","coordinates":[[[[-122.394066,37.75641],[-122.393906,37.756283],[-122.393585,37.756283],[-122.393425,37.756157],[-122.393425,37.755905],[-122.393745,37.75565],[-122.39263,37.75477],[-122.39232,37.75502],[-122.39168,37.75502],[-122.391365,37.755272],[-122.391205,37.755146],[-122.391205,37.754642],[-122.391045,37.754517],[-122.39057,37.754894],[-122.39057,37.755398],[-122.39025,37.75565],[-122.39025,37.755905],[-122.38993,37.756157],[-122.38993,37.75666],[-122.38946,37.75704],[-122.388824,37.75704],[-122.388664,37.757164],[-122.388664,37.757416],[-122.38803,37.757923],[-122.388504,37.7583],[-122.388824,37.7583],[-122.38946,37.758804],[-122.38978,37.758804],[-122.39009,37.759056],[-122.390724,37.759056],[-122.391045,37.759308],[-122.39263,37.759308],[-122.39295,37.759056],[-122.393265,37.759056],[-122.393585,37.758804],[-122.393906,37.758804],[-122.39422,37.758553],[-122.39454,37.758553],[-122.39486,37.758804],[-122.39517,37.758804],[-122.39565,37.758427],[-122.39565,37.757416],[-122.39549,37.75729],[-122.39517,37.75729],[-122.39501,37.757164],[-122.39501,37.756912],[-122.39486,37.756786],[-122.39422,37.756786],[-122.394066,37.75666],[-122.394066,37.75641]]],[[[-122.42408,37.78378],[-122.42344,37.784283],[-122.42329,37.784157],[-122.42329,37.783653],[-122.42249,37.783024],[-122.42217,37.783024],[-122.42185,37.782772],[-122.42154,37.782772],[-122.4209,37.782265],[-122.420586,37.782265],[-122.420425,37.78239],[-122.420425,37.782646],[-122.420105,37.782898],[-122.420105,37.78315],[-122.420425,37.7834],[-122.420425,37.784157],[-122.419945,37.78454],[-122.41979,37.78441],[-122.41979,37.784157],[-122.420105,37.783905],[-122.419945,37.78378],[-122.41931,37.78378],[-122.41915,37.783905],[-122.41915,37.78441],[-122.41884,37.784664],[-122.41884,37.78542],[-122.419,37.785545],[-122.41931,37.785545],[-122.41947,37.78567],[-122.41947,37.786175],[-122.41963,37.7863],[-122.419945,37.7863],[-122.420265,37.786556],[-122.420586,37.786556],[-122.42154,37.78731],[-122.42217,37.78731],[-122.42233,37.787186],[-122.42233,37.786934],[-122.422646,37.786682],[-122.422646,37.786175],[-122.422806,37.78605],[-122.42313,37.7863],[-122.42329,37.786175],[-122.42329,37.785923],[-122.42344,37.785797],[-122.42376,37.785797],[-122.42423,37.786175],[-122.42423,37.78643],[-122.42471,37.786808],[-122.425186,37.78643],[-122.425186,37.786175],[-122.42551,37.785923],[-122.42551,37.78567],[-122.42614,37.785168],[-122.42646,37.784916],[-122.4263,37.78479],[-122.42598,37.78479],[-122.42567,37.78504],[-122.42551,37.784916],[-122.42551,37.78441],[-122.42471,37.78378],[-122.42408,37.78378]]],[[[-122.41963,37.763092],[-122.41931,37.763092],[-122.41884,37.763474],[-122.419,37.7636],[-122.41931,37.7636],[-122.41947,37.763725],[-122.41947,37.763977],[-122.419,37.764355],[-122.41836,37.764355],[-122.418045,37.764103],[-122.417725,37.764103],[-122.41661,37.763218],[-122.41661,37.762966],[-122.41677,37.76284],[-122.41709,37.76284],[-122.417885,37.76221],[-122.417885,37.761707],[-122.41709,37.761074],[-122.41677,37.761326],[-122.41646,37.761326],[-122.41598,37.76095],[-122.41598,37.760696],[-122.4163,37.760445],[-122.41614,37.76032],[-122.415184,37.76032],[-122.41502,37.760193],[-122.41502,37.759434],[-122.415184,37.759308],[-122.41582,37.759308],[-122.41614,37.759056],[-122.41646,37.759056],[-122.41661,37.75893],[-122.41661,37.75868],[-122.41582,37.75805],[-122.41423,37.75805],[-122.41391,37.7583],[-122.41328,37.7583],[-122.41312,37.758427],[-122.41312,37.759434],[-122.41328,37.759563],[-122.41423,37.759563],[-122.41439,37.75969],[-122.41407,37.75994],[-122.41407,37.760193],[-122.41391,37.76032],[-122.4136,37.76032],[-122.41344,37.760445],[-122.41344,37.7612],[-122.41312,37.76145],[-122.41312,37.761707],[-122.412964,37.761833],[-122.4128,37.761707],[-122.4128,37.7612],[-122.41264,37.761074],[-122.41248,37.7612],[-122.41248,37.76145],[-122.41217,37.761707],[-122.41217,37.76221],[-122.41248,37.762463],[-122.41248,37.762966],[-122.41264,37.763092],[-122.412964,37.763092],[-122.41312,37.763218],[-122.41312,37.763474],[-122.4128,37.763725],[-122.4128,37.764732],[-122.41264,37.76486],[-122.41201,37.76486],[-122.41137,37.765366],[-122.41106,37.765366],[-122.410736,37.76511],[-122.41042,37.76511],[-122.40994,37.76549],[-122.40994,37.765995],[-122.4101,37.76612],[-122.410736,37.76612],[-122.4109,37.765995],[-122.4109,37.765743],[-122.41106,37.765617],[-122.41137,37.76587],[-122.41201,37.76587],[-122.41217,37.765995],[-122.41217,37.76675],[-122.41248,37.767002],[-122.41248,37.76776],[-122.41201,37.76814],[-122.41185,37.768013],[-122.41185,37.76776],[-122.41169,37.767635],[-122.41153,37.76776],[-122.41153,37.768013],[-122.41137,37.76814],[-122.41106,37.76814],[-122.4109,37.768013],[-122.4109,37.76776],[-122.410736,37.767635],[-122.41042,37.767635],[-122.41026,37.76776],[-122.41026,37.768013],[-122.4101,37.76814],[-122.40978,37.76814],[-122.40962,37.768265],[-122.40962,37.768517],[-122.40915,37.768894],[-122.40883,37.768894],[-122.408356,37.768517],[-122.408356,37.768265],[-122.40788,37.767887],[-122.40756,37.767887],[-122.40724,37.76814],[-122.40661,37.76814],[-122.40629,37.767887],[-122.405655,37.767887],[-122.40518,37.76751],[-122.40518,37.76675],[-122.40486,37.7665],[-122.40486,37.765743],[-122.4047,37.765617],[-122.40439,37.765617],[-122.40407,37.76587],[-122.403435,37.765366],[-122.403114,37.765366],[-122.402954,37.765236],[-122.402954,37.764984],[-122.403114,37.76486],[-122.403435,37.76486],[-122.40359,37.764732],[-122.403435,37.764606],[-122.402794,37.764606],[-122.40264,37.76448],[-122.40264,37.763218],[-122.40248,37.763092],[-122.40216,37.763344],[-122.402,37.763218],[-122.402,37.762714],[-122.40169,37.762463],[-122.40169,37.76196],[-122.40121,37.76158],[-122.40105,37.761707],[-122.40105,37.76196],[-122.400894,37.762085],[-122.40057,37.762085],[-122.40041,37.76221],[-122.40041,37.762463],[-122.400734,37.762714],[-122.400734,37.762966],[-122.40057,37.763092],[-122.40025,37.763092],[-122.4001,37.763218],[-122.4001,37.76448],[-122.39946,37.764984],[-122.39962,37.76511],[-122.39994,37.76511],[-122.4001,37.765236],[-122.4001,37.76549],[-122.39994,37.765617],[-122.39962,37.765617],[-122.39946,37.765743],[-122.39946,37.7665],[-122.39978,37.76675],[-122.39978,37.767258],[-122.4001,37.76751],[-122.39978,37.76776],[-122.39994,37.767887],[-122.40025,37.767635],[-122.400734,37.768013],[-122.40025,37.76839],[-122.39994,37.76814],[-122.39978,37.768265],[-122.4001,37.768517],[-122.39994,37.768642],[-122.39962,37.768642],[-122.39867,37.767887],[-122.39835,37.767887],[-122.39819,37.768013],[-122.39819,37.768517],[-122.39803,37.768642],[-122.39787,37.768517],[-122.39787,37.768013],[-122.39771,37.767887],[-122.3974,37.767887],[-122.39692,37.768265],[-122.39692,37.768517],[-122.39755,37.76902],[-122.39755,37.769276],[-122.39724,37.769527],[-122.39724,37.770283],[-122.39771,37.77066],[-122.39803,37.77066],[-122.39835,37.77041],[-122.39867,37.77041],[-122.39899,37.77066],[-122.3993,37.77041],[-122.39962,37.77041],[-122.39978,37.770535],[-122.39978,37.770786],[-122.4001,37.771038],[-122.4001,37.771545],[-122.40041,37.771797],[-122.4001,37.77205],[-122.4001,37.7723],[-122.39978,37.772552],[-122.39978,37.772804],[-122.39962,37.77293],[-122.39867,37.77293],[-122.398506,37.772804],[-122.398506,37.772552],[-122.39883,37.7723],[-122.39883,37.77205],[-122.39915,37.771797],[-122.39867,37.77142],[-122.39835,37.77142],[-122.39803,37.771168],[-122.39771,37.77142],[-122.397514,37.771545],[-122.39708,37.77164],[-122.39692,37.771797],[-122.39676,37.772175],[-122.39656,37.7723],[-122.396126,37.772396],[-122.393585,37.774414],[-122.39232,37.77517],[-122.39148,37.775833],[-122.390724,37.776684],[-122.38914,37.777443],[-122.38818,37.777946],[-122.387985,37.778103],[-122.38767,37.778606],[-122.38564,37.78148],[-122.385445,37.781635],[-122.385445,37.781887],[-122.38501,37.782486],[-122.38481,37.782646],[-122.38501,37.782803],[-122.38767,37.7834],[-122.38596,37.785515],[-122.38564,37.785545],[-122.38549,37.78567],[-122.38549,37.786175],[-122.38596,37.786556],[-122.386284,37.786556],[-122.38692,37.78605],[-122.38723,37.78605],[-122.38739,37.786175],[-122.38739,37.78643],[-122.38644,37.787186],[-122.38644,37.787437],[-122.3866,37.787563],[-122.38692,37.787563],[-122.38755,37.788067],[-122.38787,37.788067],[-122.38803,37.788193],[-122.38803,37.78845],[-122.38771,37.7887],[-122.38771,37.789455],[-122.38787,37.78961],[-122.388306,37.790466],[-122.38894,37.79122],[-122.38914,37.791378],[-122.38989,37.791725],[-122.390526,37.792736],[-122.39212,37.793995],[-122.39243,37.794502],[-122.39307,37.795006],[-122.39371,37.79576],[-122.39434,37.79627],[-122.39434,37.797024],[-122.39422,37.79737],[-122.394066,37.797527],[-122.39422,37.797688],[-122.39466,37.79778],[-122.39517,37.79816],[-122.39549,37.79819],[-122.39656,37.79904],[-122.39708,37.799892],[-122.39688,37.800053],[-122.39676,37.8004],[-122.39661,37.800556],[-122.39708,37.800964],[-122.3974,37.800964],[-122.3976,37.800808],[-122.39847,37.800808],[-122.39879,37.80131],[-122.3993,37.802162],[-122.39847,37.802826],[-122.39835,37.803173],[-122.39819,37.80333],[-122.39879,37.803837],[-122.39883,37.80434],[-122.39899,37.804497],[-122.39994,37.803993],[-122.40014,37.803837],[-122.400696,37.804592],[-122.400696,37.805347],[-122.40105,37.805855],[-122.40121,37.80598],[-122.40153,37.80598],[-122.40185,37.806232],[-122.40216,37.806232],[-122.402794,37.80573],[-122.403114,37.80573],[-122.403435,37.80598],[-122.40375,37.80598],[-122.40391,37.806107],[-122.40391,37.80661],[-122.40407,37.806736],[-122.40439,37.806767],[-122.4045,37.80686],[-122.40502,37.80724],[-122.40522,37.807114],[-122.40546,37.807114],[-122.40609,37.808628],[-122.40629,37.808754],[-122.40681,37.808376],[-122.40788,37.80803],[-122.408516,37.808],[-122.408676,37.807873],[-122.408676,37.80762],[-122.40883,37.807495],[-122.40947,37.807495],[-122.40978,37.807747],[-122.4101,37.807495],[-122.41042,37.807495],[-122.410576,37.80762],[-122.410576,37.808125],[-122.410736,37.80825],[-122.41106,37.808],[-122.41137,37.808],[-122.41153,37.807873],[-122.4109,37.807365],[-122.4109,37.80661],[-122.410576,37.80636],[-122.4109,37.806107],[-122.41042,37.80573],[-122.40915,37.80573],[-122.408676,37.806107],[-122.408676,37.80661],[-122.40899,37.80686],[-122.408516,37.80724],[-122.408356,37.807114],[-122.408356,37.80661],[-122.40772,37.806107],[-122.40788,37.80598],[-122.408195,37.80598],[-122.408356,37.805855],[-122.408356,37.805603],[-122.40788,37.80522],[-122.40756,37.80522],[-122.4074,37.805096],[-122.4074,37.804844],[-122.40724,37.804718],[-122.40661,37.804718],[-122.40645,37.804844],[-122.40645,37.805096],[-122.40629,37.80522],[-122.405655,37.80522],[-122.405495,37.805096],[-122.405495,37.803078],[-122.406136,37.802574],[-122.405975,37.80245],[-122.405334,37.80245],[-122.40518,37.802322],[-122.40518,37.80207],[-122.405334,37.801945],[-122.405655,37.801945],[-122.405815,37.80182],[-122.405815,37.800304],[-122.406136,37.800053],[-122.406136,37.799545],[-122.40629,37.79942],[-122.40661,37.79942],[-122.40724,37.798916],[-122.40788,37.798916],[-122.408035,37.79904],[-122.408035,37.799294],[-122.40772,37.799545],[-122.40772,37.799797],[-122.408195,37.80018],[-122.408516,37.799927],[-122.40883,37.799927],[-122.40899,37.800053],[-122.40899,37.800304],[-122.40915,37.80043],[-122.40947,37.80018],[-122.40962,37.800304],[-122.40962,37.800556],[-122.40978,37.800682],[-122.410736,37.800682],[-122.41122,37.800304],[-122.410736,37.799927],[-122.41042,37.799927],[-122.41026,37.799797],[-122.41026,37.799294],[-122.40994,37.79904],[-122.40994,37.79879],[-122.41026,37.79854],[-122.41026,37.798286],[-122.4101,37.79816],[-122.40978,37.79816],[-122.40962,37.798035],[-122.40978,37.79791],[-122.41042,37.79791],[-122.41122,37.797276],[-122.41122,37.797024],[-122.41106,37.796898],[-122.410736,37.796898],[-122.410576,37.796772],[-122.4109,37.79652],[-122.410576,37.79627],[-122.41137,37.795635],[-122.41169,37.795635],[-122.41185,37.79551],[-122.41185,37.795006],[-122.41201,37.79488],[-122.41232,37.79488],[-122.412964,37.794376],[-122.41328,37.794376],[-122.41344,37.79425],[-122.41328,37.794125],[-122.41232,37.794125],[-122.41217,37.793995],[-122.41232,37.79387],[-122.41328,37.79387],[-122.41344,37.793743],[-122.41344,37.792988],[-122.41328,37.792862],[-122.41264,37.792862],[-122.41248,37.792736],[-122.4128,37.792484],[-122.41248,37.792233],[-122.41248,37.791977],[-122.41312,37.791473],[-122.412964,37.791348],[-122.41264,37.791348],[-122.41248,37.79122],[-122.412964,37.790844],[-122.4136,37.790844],[-122.41376,37.790718],[-122.41344,37.790466],[-122.41344,37.79021],[-122.41328,37.790085],[-122.41312,37.79021],[-122.41312,37.790466],[-122.412964,37.790592],[-122.4128,37.790466],[-122.4128,37.78996],[-122.412964,37.789833],[-122.4136,37.789833],[-122.41391,37.790085],[-122.41471,37.789455],[-122.41439,37.789204],[-122.41439,37.788193],[-122.41455,37.788067],[-122.41471,37.788193],[-122.41471,37.7887],[-122.41486,37.788826],[-122.415184,37.788826],[-122.415344,37.7887],[-122.415344,37.78794],[-122.415504,37.787815],[-122.41582,37.787815],[-122.4163,37.787437],[-122.4163,37.787186],[-122.41598,37.786934],[-122.41614,37.786808],[-122.41646,37.786808],[-122.41725,37.786175],[-122.41725,37.785923],[-122.41693,37.78567],[-122.417404,37.785294],[-122.417725,37.785545],[-122.418045,37.785545],[-122.418205,37.78542],[-122.418205,37.784916],[-122.418045,37.78479],[-122.417725,37.78504],[-122.417404,37.78504],[-122.41709,37.785294],[-122.41661,37.784916],[-122.41661,37.78441],[-122.4163,37.784157],[-122.41709,37.783527],[-122.41725,37.783653],[-122.41725,37.783905],[-122.417404,37.78403],[-122.417725,37.78403],[-122.417885,37.783905],[-122.417885,37.783653],[-122.418045,37.783527],[-122.41836,37.783527],[-122.41852,37.7834],[-122.417725,37.782772],[-122.417404,37.783024],[-122.41677,37.783024],[-122.41661,37.782898],[-122.41661,37.78239],[-122.4163,37.78214],[-122.4163,37.781635],[-122.41598,37.781384],[-122.41614,37.781258],[-122.41646,37.781258],[-122.41661,37.781384],[-122.41661,37.781635],[-122.41677,37.78176],[-122.417404,37.78176],[-122.417564,37.781635],[-122.417564,37.78113],[-122.417725,37.781006],[-122.418045,37.781006],[-122.418205,37.78088],[-122.418205,37.780624],[-122.417885,37.780373],[-122.418045,37.780247],[-122.41836,37.780247],[-122.41852,37.78012],[-122.41852,37.779617],[-122.41884,37.779366],[-122.41884,37.778862],[-122.41852,37.778606],[-122.41852,37.778355],[-122.41836,37.77823],[-122.417725,37.77823],[-122.417564,37.778103],[-122.417564,37.77785],[-122.417725,37.777725],[-122.41836,37.777725],[-122.41852,37.7776],[-122.418045,37.77722],[-122.417725,37.77722],[-122.417564,37.777096],[-122.417725,37.77697],[-122.41868,37.77697],[-122.41884,37.777096],[-122.41884,37.777348],[-122.419,37.777473],[-122.41931,37.777473],[-122.41947,37.7776],[-122.41947,37.77785],[-122.41963,37.777977],[-122.420425,37.777348],[-122.420425,37.777096],[-122.420265,37.77697],[-122.419945,37.77697],[-122.41979,37.776844],[-122.41979,37.77659],[-122.420105,37.776337],[-122.420105,37.776085],[-122.420265,37.77596],[-122.4209,37.776463],[-122.42122,37.776463],[-122.42138,37.776337],[-122.42138,37.776085],[-122.42201,37.77558],[-122.42201,37.77457],[-122.42169,37.77432],[-122.42169,37.77331],[-122.42154,37.773186],[-122.42122,37.773186],[-122.4209,37.77293],[-122.420265,37.773438],[-122.41963,37.773438],[-122.41947,37.77331],[-122.41947,37.77205],[-122.41979,37.771797],[-122.41963,37.77167],[-122.419,37.77167],[-122.41868,37.771923],[-122.41852,37.771797],[-122.41852,37.771294],[-122.418205,37.771038],[-122.418205,37.770786],[-122.41868,37.77041],[-122.419,37.77041],[-122.41931,37.770157],[-122.41963,37.770157],[-122.41979,37.77003],[-122.41947,37.76978],[-122.41947,37.769527],[-122.41931,37.7694],[-122.41868,37.7694],[-122.41852,37.769276],[-122.41852,37.76902],[-122.41868,37.768894],[-122.41931,37.768894],[-122.419945,37.7694],[-122.420746,37.76877],[-122.420746,37.768517],[-122.42106,37.768265],[-122.42106,37.768013],[-122.4209,37.767887],[-122.420586,37.767887],[-122.420105,37.76751],[-122.420105,37.767002],[-122.42106,37.766247],[-122.42106,37.765743],[-122.42122,37.765617],[-122.42154,37.76587],[-122.42169,37.765743],[-122.42169,37.76549],[-122.42185,37.765366],[-122.42217,37.765366],[-122.42233,37.765236],[-122.42233,37.764984],[-122.42185,37.764606],[-122.42169,37.76448],[-122.42169,37.76423],[-122.42154,37.764103],[-122.420265,37.764103],[-122.420105,37.763977],[-122.420105,37.763474],[-122.41963,37.763092]]],[[[-122.393265,37.77142],[-122.39263,37.77142],[-122.39247,37.771294],[-122.39247,37.771038],[-122.392,37.77066],[-122.39168,37.77066],[-122.391205,37.770283],[-122.391525,37.77003],[-122.391525,37.769276],[-122.39168,37.76915],[-122.392,37.76915],[-122.39216,37.76902],[-122.39216,37.768265],[-122.392,37.76814],[-122.39168,37.76814],[-122.391205,37.76776],[-122.392,37.767128],[-122.39295,37.767128],[-122.393265,37.767384],[-122.393425,37.767258],[-122.393425,37.766247],[-122.39295,37.76587],[-122.39232,37.76587],[-122.392,37.76612],[-122.39168,37.76612],[-122.391365,37.766373],[-122.391045,37.766373],[-122.390884,37.766247],[-122.390884,37.765995],[-122.391205,37.765743],[-122.391045,37.765617],[-122.390724,37.765617],[-122.39025,37.765995],[-122.39025,37.7665],[-122.39009,37.766624],[-122.38914,37.766624],[-122.38898,37.7665],[-122.38898,37.766247],[-122.388824,37.76612],[-122.388664,37.766247],[-122.388664,37.7665],[-122.38818,37.766876],[-122.38787,37.766876],[-122.38771,37.767002],[-122.38771,37.76751],[-122.38787,37.767635],[-122.38818,37.767384],[-122.388504,37.767384],[-122.3893,37.768013],[-122.38914,37.76814],[-122.388824,37.76814],[-122.388504,37.767887],[-122.38755,37.767887],[-122.38739,37.768013],[-122.38739,37.768265],[-122.38755,37.76839],[-122.38818,37.76839],[-122.38834,37.768517],[-122.38834,37.76877],[-122.38818,37.768894],[-122.38787,37.768894],[-122.38755,37.768642],[-122.38723,37.768642],[-122.38692,37.76839],[-122.3866,37.768642],[-122.386284,37.76839],[-122.38612,37.768517],[-122.38612,37.76877],[-122.3858,37.76902],[-122.386284,37.7694],[-122.3866,37.7694],[-122.38692,37.76915],[-122.38708,37.769276],[-122.38708,37.76978],[-122.38739,37.77003],[-122.38739,37.770283],[-122.38755,37.77041],[-122.38818,37.77041],[-122.388504,37.770157],[-122.388824,37.770157],[-122.38898,37.770283],[-122.38898,37.770535],[-122.388824,37.77066],[-122.388504,37.77066],[-122.38771,37.771294],[-122.38803,37.771545],[-122.38787,37.77167],[-122.38723,37.77167],[-122.38692,37.77142],[-122.3866,37.77142],[-122.38644,37.771545],[-122.3866,37.7717],[-122.38596,37.773403],[-122.3858,37.773563],[-122.3858,37.77432],[-122.38596,37.77448],[-122.38501,37.77517],[-122.38481,37.77533],[-122.38481,37.776085],[-122.38501,37.77624],[-122.38703,37.77659],[-122.38723,37.77675],[-122.39009,37.77675],[-122.39029,37.77659],[-122.391045,37.775738],[-122.39232,37.77473],[-122.39295,37.77448],[-122.39315,37.77432],[-122.39454,37.772964],[-122.39517,37.772457],[-122.39581,37.772205],[-122.395966,37.77205],[-122.395966,37.771797],[-122.39581,37.77167],[-122.39549,37.77167],[-122.39517,37.77142],[-122.39454,37.77142],[-122.39422,37.771168],[-122.393585,37.771168],[-122.393265,37.77142]]]]}},{"type":"Feature","properties":{"contour":26},"geometry":{"type":"MultiPolygon","coordinates":[[[[-122.39365,37.755062],[-122.39315,37.755062],[-122.3929,37.754864],[-122.3929,37.754467],[-122.39265,37.75427],[-122.39215,37.754665],[-122.3919,37.754467],[-122.3919,37.753674],[-122.391655,37.753475],[-122.39115,37.753475],[-122.3904,37.75407],[-122.3904,37.754467],[-122.39015,37.754665],[-122.389656,37.754665],[-122.389404,37.754864],[-122.389404,37.75526],[-122.38991,37.755657],[-122.389656,37.755856],[-122.38866,37.755856],[-122.388405,37.756054],[-122.388405,37.756847],[-122.38691,37.758034],[-122.38716,37.758232],[-122.38766,37.758232],[-122.38791,37.75843],[-122.38791,37.758827],[-122.388405,37.759224],[-122.38791,37.75962],[-122.38791,37.760017],[-122.38741,37.760414],[-122.38741,37.76081],[-122.38816,37.761406],[-122.38916,37.761406],[-122.38991,37.76081],[-122.38991,37.760017],[-122.39015,37.75982],[-122.3904,37.760017],[-122.3904,37.760414],[-122.3909,37.76081],[-122.3909,37.761208],[-122.39115,37.761406],[-122.391655,37.761406],[-122.39215,37.76101],[-122.39365,37.76101],[-122.3939,37.76081],[-122.3939,37.760414],[-122.394394,37.760017],[-122.3939,37.75962],[-122.3939,37.759224],[-122.39415,37.759026],[-122.394646,37.759026],[-122.39514,37.759422],[-122.39639,37.75843],[-122.39639,37.758034],[-122.394646,37.75665],[-122.39415,37.75665],[-122.3939,37.75645],[-122.3939,37.75526],[-122.39365,37.755062]]],[[[-122.42209,37.782417],[-122.42184,37.78222],[-122.42184,37.781822],[-122.42159,37.781624],[-122.4201,37.781624],[-122.419846,37.781822],[-122.419846,37.782616],[-122.41959,37.782814],[-122.4191,37.782417],[-122.418846,37.782616],[-122.418846,37.78301],[-122.418594,37.783207],[-122.4181,37.783207],[-122.41785,37.78301],[-122.41785,37.782616],[-122.41835,37.78222],[-122.41835,37.781822],[-122.41785,37.781425],[-122.41785,37.78103],[-122.4181,37.78083],[-122.418594,37.78083],[-122.4191,37.780434],[-122.41934,37.780632],[-122.41934,37.78103],[-122.41959,37.781227],[-122.42059,37.781227],[-122.420845,37.78103],[-122.420845,37.780632],[-122.42184,37.77984],[-122.42159,37.77964],[-122.42059,37.77964],[-122.419846,37.779045],[-122.419846,37.77865],[-122.42034,37.77825],[-122.42034,37.77786],[-122.42234,37.77627],[-122.42234,37.775875],[-122.42334,37.77508],[-122.42284,37.774685],[-122.42284,37.77429],[-122.42334,37.77389],[-122.42284,37.773495],[-122.42284,37.773098],[-122.42209,37.772507],[-122.42059,37.772507],[-122.419846,37.77191],[-122.419846,37.77112],[-122.41959,37.77092],[-122.4191,37.771317],[-122.41835,37.77072],[-122.4191,37.770126],[-122.41959,37.770523],[-122.4201,37.770523],[-122.42034,37.770325],[-122.42034,37.76953],[-122.42234,37.767944],[-122.42209,37.76775],[-122.42159,37.76775],[-122.420845,37.767155],[-122.42134,37.766758],[-122.42134,37.765965],[-122.42159,37.765766],[-122.42209,37.765766],[-122.42334,37.764774],[-122.42309,37.764576],[-122.42259,37.764576],[-122.42209,37.76418],[-122.42159,37.76418],[-122.42134,37.76398],[-122.42134,37.763584],[-122.42059,37.76299],[-122.4201,37.76299],[-122.419846,37.76279],[-122.419846,37.762398],[-122.41959,37.7622],[-122.41934,37.762398],[-122.41934,37.76279],[-122.418594,37.763386],[-122.4181,37.763386],[-122.41735,37.76279],[-122.4176,37.762596],[-122.4181,37.762596],[-122.418846,37.762],[-122.418846,37.761604],[-122.4181,37.76101],[-122.4176,37.76101],[-122.41735,37.76081],[-122.41735,37.760414],[-122.4171,37.760216],[-122.4166,37.760612],[-122.41635,37.760414],[-122.41635,37.760017],[-122.41685,37.75962],[-122.41685,37.759224],[-122.41735,37.758827],[-122.41735,37.75843],[-122.4171,37.758232],[-122.4156,37.758232],[-122.41535,37.758034],[-122.41535,37.757244],[-122.414856,37.756847],[-122.41511,37.75665],[-122.4156,37.75665],[-122.415855,37.75645],[-122.415855,37.75526],[-122.4156,37.755062],[-122.41511,37.755062],[-122.414604,37.754665],[-122.413605,37.75546],[-122.41311,37.75546],[-122.41286,37.755657],[-122.41286,37.756054],[-122.41386,37.756847],[-122.41386,37.757244],[-122.413605,37.757442],[-122.41311,37.757442],[-122.41286,37.75764],[-122.41311,37.757835],[-122.413605,37.757835],[-122.41386,37.758034],[-122.41311,37.75863],[-122.41211,37.75863],[-122.41186,37.758827],[-122.41236,37.759224],[-122.41236,37.75962],[-122.41261,37.75982],[-122.41311,37.75982],[-122.41336,37.760017],[-122.41211,37.76101],[-122.41161,37.76101],[-122.41136,37.761208],[-122.41136,37.762],[-122.41186,37.762398],[-122.41186,37.764378],[-122.41111,37.764973],[-122.410614,37.764973],[-122.41036,37.764774],[-122.41036,37.764378],[-122.41011,37.76418],[-122.40987,37.764378],[-122.40987,37.76517],[-122.409615,37.76537],[-122.40912,37.76537],[-122.40887,37.765568],[-122.40887,37.765965],[-122.40987,37.766758],[-122.40987,37.76755],[-122.40936,37.767944],[-122.40936,37.768738],[-122.40912,37.768936],[-122.40887,37.768738],[-122.40887,37.76834],[-122.408615,37.768143],[-122.40812,37.768143],[-122.40787,37.767944],[-122.40837,37.76755],[-122.40837,37.765568],[-122.40812,37.76537],[-122.406624,37.76537],[-122.40637,37.765568],[-122.40637,37.765965],[-122.40687,37.76636],[-122.40687,37.766758],[-122.406624,37.766956],[-122.40612,37.766956],[-122.405876,37.766758],[-122.405876,37.765965],[-122.404625,37.764973],[-122.40413,37.764973],[-122.40388,37.764774],[-122.40388,37.763187],[-122.403625,37.76299],[-122.402626,37.76299],[-122.40238,37.76279],[-122.40288,37.762398],[-122.40288,37.761604],[-122.40238,37.761208],[-122.40238,37.76081],[-122.40138,37.760017],[-122.40138,37.759224],[-122.40113,37.759026],[-122.400635,37.759026],[-122.40038,37.759224],[-122.40038,37.75962],[-122.40089,37.760017],[-122.40089,37.760414],[-122.400635,37.760612],[-122.40013,37.760612],[-122.39989,37.76081],[-122.39989,37.761208],[-122.40038,37.761604],[-122.40013,37.761803],[-122.399635,37.761803],[-122.39938,37.762],[-122.39989,37.762398],[-122.39989,37.76279],[-122.39938,37.763187],[-122.39938,37.763584],[-122.39989,37.76398],[-122.39989,37.764378],[-122.39938,37.764774],[-122.39938,37.76517],[-122.398384,37.765965],[-122.398384,37.76636],[-122.39889,37.766758],[-122.39889,37.76755],[-122.39814,37.768143],[-122.39714,37.768143],[-122.39689,37.76834],[-122.39739,37.768738],[-122.39739,37.770325],[-122.39764,37.770523],[-122.399635,37.770523],[-122.39989,37.77072],[-122.39989,37.77112],[-122.40038,37.771515],[-122.40038,37.77191],[-122.39989,37.77231],[-122.39989,37.772705],[-122.399635,37.7729],[-122.39914,37.7729],[-122.39889,37.772705],[-122.39889,37.771515],[-122.398636,37.771317],[-122.39764,37.771317],[-122.39733,37.771515],[-122.39365,37.774437],[-122.39215,37.77523],[-122.39215,37.774933],[-122.395645,37.77216],[-122.39589,37.77191],[-122.39514,37.771317],[-122.394646,37.771713],[-122.394394,37.771515],[-122.394394,37.77112],[-122.39415,37.77092],[-122.39365,37.77092],[-122.39315,37.771317],[-122.39265,37.771317],[-122.3919,37.77072],[-122.3919,37.76953],[-122.39265,37.768936],[-122.39315,37.768936],[-122.393394,37.768738],[-122.393394,37.76834],[-122.39315,37.768143],[-122.39265,37.768143],[-122.3924,37.767944],[-122.3924,37.76755],[-122.39265,37.767353],[-122.39315,37.767353],[-122.39365,37.76775],[-122.3939,37.76755],[-122.3939,37.767155],[-122.394394,37.766758],[-122.394394,37.76636],[-122.39415,37.766163],[-122.39315,37.766163],[-122.3929,37.765965],[-122.3929,37.765568],[-122.39265,37.76537],[-122.39115,37.76537],[-122.3909,37.76517],[-122.3909,37.764774],[-122.390656,37.764576],[-122.38991,37.76517],[-122.3904,37.765568],[-122.389656,37.766163],[-122.38916,37.765766],[-122.38866,37.765766],[-122.38791,37.76636],[-122.38791,37.766758],[-122.38766,37.766956],[-122.386665,37.766956],[-122.38641,37.767155],[-122.38691,37.76755],[-122.386665,37.76775],[-122.38616,37.76775],[-122.38591,37.767944],[-122.38591,37.768738],[-122.385666,37.768936],[-122.38535,37.769135],[-122.385414,37.76953],[-122.386665,37.770523],[-122.38716,37.770126],[-122.38741,37.770325],[-122.38741,37.77112],[-122.38791,37.771515],[-122.38766,37.771713],[-122.38716,37.771713],[-122.386665,37.771317],[-122.38641,37.771515],[-122.386665,37.771763],[-122.38616,37.773247],[-122.38591,37.773495],[-122.38591,37.77429],[-122.38616,37.774536],[-122.38516,37.77523],[-122.38485,37.77548],[-122.38485,37.775875],[-122.38516,37.776123],[-122.38716,37.77652],[-122.39015,37.77652],[-122.38916,37.77761],[-122.38816,37.778004],[-122.387344,37.77865],[-122.385666,37.781574],[-122.38535,37.781822],[-122.38516,37.782368],[-122.38485,37.782616],[-122.38516,37.782864],[-122.387344,37.783405],[-122.38616,37.785538],[-122.385666,37.785587],[-122.385414,37.785786],[-122.385414,37.786182],[-122.385666,37.78638],[-122.386665,37.78638],[-122.38691,37.78658],[-122.38691,37.786976],[-122.38641,37.787373],[-122.386665,37.78757],[-122.38716,37.78757],[-122.38741,37.78777],[-122.38741,37.78856],[-122.38691,37.788956],[-122.38716,37.789204],[-122.38834,37.790146],[-122.38885,37.791336],[-122.39134,37.793316],[-122.39184,37.79411],[-122.39365,37.797035],[-122.39333,37.797283],[-122.393394,37.79768],[-122.39365,37.79788],[-122.39415,37.79788],[-122.394455,37.79768],[-122.394646,37.79822],[-122.394394,37.79847],[-122.394646,37.798668],[-122.39496,37.79847],[-122.39633,37.800453],[-122.39583,37.801247],[-122.39614,37.801495],[-122.39714,37.801098],[-122.39832,37.80085],[-122.398636,37.802586],[-122.39783,37.803226],[-122.39814,37.803474],[-122.39889,37.804417],[-122.39914,37.804615],[-122.399445,37.804417],[-122.40013,37.804268],[-122.40032,37.804813],[-122.40032,37.805607],[-122.40038,37.8064],[-122.400635,37.8066],[-122.40213,37.8066],[-122.40238,37.8064],[-122.40238,37.806004],[-122.402626,37.805805],[-122.403625,37.805805],[-122.40388,37.806004],[-122.40388,37.8064],[-122.40413,37.80665],[-122.40581,37.808777],[-122.406624,37.809372],[-122.40694,37.809174],[-122.408615,37.808628],[-122.40912,37.80858],[-122.41011,37.80818],[-122.410614,37.80858],[-122.41161,37.80858],[-122.41186,37.80838],[-122.41136,37.807987],[-122.41161,37.80779],[-122.41211,37.80779],[-122.41236,37.80759],[-122.41236,37.807194],[-122.41261,37.806995],[-122.41311,37.806995],[-122.41336,37.806797],[-122.41311,37.8066],[-122.41261,37.8066],[-122.41236,37.8064],[-122.41236,37.804417],[-122.41211,37.80422],[-122.41161,37.804615],[-122.41111,37.804615],[-122.410866,37.804813],[-122.41136,37.80521],[-122.41111,37.80541],[-122.410614,37.80541],[-122.41011,37.80501],[-122.407616,37.80501],[-122.40712,37.804615],[-122.406624,37.804615],[-122.40637,37.804417],[-122.40637,37.80402],[-122.405876,37.803623],[-122.405876,37.803226],[-122.40687,37.802437],[-122.40637,37.80204],[-122.40637,37.800453],[-122.406624,37.800255],[-122.40812,37.800255],[-122.40912,37.80105],[-122.41011,37.80105],[-122.410614,37.801445],[-122.41111,37.801445],[-122.41186,37.80085],[-122.41186,37.800453],[-122.41211,37.800255],[-122.41261,37.80065],[-122.41286,37.800453],[-122.41286,37.79966],[-122.41261,37.79946],[-122.41211,37.79946],[-122.41161,37.79986],[-122.41111,37.79986],[-122.410866,37.79966],[-122.410866,37.799263],[-122.41136,37.798866],[-122.41136,37.798077],[-122.41186,37.79768],[-122.41161,37.79748],[-122.41111,37.79748],[-122.410866,37.797283],[-122.41111,37.797085],[-122.41211,37.797085],[-122.41236,37.796886],[-122.41186,37.79649],[-122.41186,37.796093],[-122.41286,37.7953],[-122.41286,37.794903],[-122.413605,37.794308],[-122.414604,37.794308],[-122.414856,37.79411],[-122.414856,37.79213],[-122.414604,37.79193],[-122.41411,37.79193],[-122.41386,37.79213],[-122.41386,37.792923],[-122.413605,37.793118],[-122.41336,37.792923],[-122.41336,37.791733],[-122.41435,37.79094],[-122.41435,37.78975],[-122.414604,37.78955],[-122.4156,37.78955],[-122.415855,37.789352],[-122.41535,37.788956],[-122.415855,37.78856],[-122.415855,37.788162],[-122.4166,37.78757],[-122.4171,37.78757],[-122.41735,37.787373],[-122.41685,37.786976],[-122.41685,37.78658],[-122.4171,37.78638],[-122.4181,37.78638],[-122.41835,37.786182],[-122.41835,37.785786],[-122.418594,37.785587],[-122.41934,37.786182],[-122.418846,37.78658],[-122.4191,37.786777],[-122.41959,37.786777],[-122.4201,37.787174],[-122.42059,37.787174],[-122.42209,37.78836],[-122.42234,37.788162],[-122.42234,37.78777],[-122.42284,37.787373],[-122.42284,37.786976],[-122.42309,37.786777],[-122.42458,37.786777],[-122.42509,37.787174],[-122.42633,37.786182],[-122.42633,37.785786],[-122.42708,37.78519],[-122.42733,37.78539],[-122.42733,37.785786],[-122.42808,37.78638],[-122.42833,37.786182],[-122.42833,37.784992],[-122.42857,37.784794],[-122.42908,37.78519],[-122.42957,37.78519],[-122.43032,37.784595],[-122.42957,37.784],[-122.42908,37.784],[-122.42857,37.783604],[-122.42758,37.783604],[-122.42733,37.783802],[-122.42733,37.7842],[-122.42708,37.784397],[-122.42658,37.784397],[-122.42558,37.783604],[-122.42509,37.783604],[-122.42458,37.783207],[-122.42309,37.783207],[-122.42284,37.78301],[-122.42284,37.782616],[-122.42259,37.782417],[-122.42209,37.782417]]]]}},{"type":"Feature","properties":{"contour":27},"geometry":{"type":"MultiPolygon","coordinates":[[[[-122.42736,37.767193],[-122.4271,37.767395],[-122.42608,37.767395],[-122.42583,37.767597],[-122.42634,37.768],[-122.42634,37.76922],[-122.42659,37.76942],[-122.42761,37.76942],[-122.42812,37.76983],[-122.428635,37.76983],[-122.42889,37.77003],[-122.42889,37.770435],[-122.429146,37.770638],[-122.42966,37.770233],[-122.43016,37.770233],[-122.43042,37.77003],[-122.43042,37.769627],[-122.43093,37.76922],[-122.43042,37.768814],[-122.43067,37.768612],[-122.43118,37.768612],[-122.43195,37.768],[-122.43195,37.765163],[-122.431694,37.76496],[-122.43067,37.76496],[-122.43016,37.76537],[-122.42761,37.76537],[-122.42736,37.76557],[-122.42736,37.767193]]],[[[-122.407455,37.730297],[-122.406944,37.729893],[-122.406944,37.72949],[-122.40669,37.729282],[-122.40618,37.729282],[-122.40567,37.728878],[-122.40516,37.729282],[-122.4049,37.72908],[-122.4049,37.728676],[-122.40439,37.72827],[-122.40439,37.727863],[-122.4049,37.72746],[-122.403885,37.72665],[-122.40439,37.726242],[-122.40414,37.72604],[-122.403625,37.726444],[-122.40337,37.726242],[-122.40337,37.725838],[-122.403114,37.725636],[-122.40235,37.726242],[-122.40235,37.727055],[-122.40286,37.72746],[-122.40286,37.728676],[-122.403885,37.72949],[-122.403885,37.731514],[-122.40337,37.73192],[-122.403885,37.732327],[-122.403885,37.733135],[-122.40337,37.73354],[-122.40414,37.73415],[-122.40567,37.73415],[-122.40618,37.734554],[-122.407455,37.73354],[-122.407455,37.733135],[-122.40873,37.73212],[-122.40924,37.73212],[-122.410515,37.73111],[-122.41026,37.730907],[-122.40873,37.730907],[-122.40822,37.73131],[-122.40771,37.73131],[-122.407455,37.73111],[-122.407455,37.730297]]],[[[-122.39368,37.753815],[-122.39342,37.75361],[-122.39291,37.75361],[-122.392654,37.753815],[-122.392654,37.754623],[-122.3924,37.754826],[-122.39214,37.754623],[-122.39214,37.753815],[-122.39138,37.753204],[-122.39087,37.753204],[-122.39061,37.753407],[-122.39061,37.753815],[-122.39011,37.75422],[-122.39011,37.754623],[-122.38985,37.754826],[-122.388824,37.754826],[-122.38857,37.755028],[-122.38857,37.75584],[-122.38806,37.756245],[-122.38806,37.757057],[-122.38781,37.75726],[-122.38679,37.75726],[-122.38653,37.75746],[-122.38653,37.758274],[-122.3873,37.75888],[-122.38781,37.75888],[-122.38806,37.759083],[-122.38806,37.759895],[-122.3873,37.7605],[-122.38679,37.7605],[-122.38653,37.760704],[-122.38679,37.760906],[-122.3873,37.760906],[-122.38806,37.761517],[-122.38755,37.76192],[-122.38781,37.762123],[-122.389336,37.762123],[-122.389595,37.76192],[-122.389084,37.761517],[-122.389084,37.761112],[-122.389336,37.760906],[-122.38985,37.760906],[-122.39138,37.762123],[-122.39189,37.76172],[-122.3924,37.76172],[-122.392654,37.761517],[-122.39214,37.761112],[-122.3924,37.760906],[-122.39291,37.760906],[-122.393166,37.761112],[-122.393166,37.761517],[-122.39342,37.76172],[-122.39368,37.761517],[-122.39368,37.761112],[-122.39393,37.760906],[-122.39444,37.760906],[-122.3947,37.760704],[-122.3947,37.7603],[-122.39495,37.760098],[-122.39546,37.760098],[-122.39571,37.759895],[-122.3952,37.759487],[-122.39546,37.759285],[-122.39597,37.759285],[-122.396736,37.75868],[-122.396736,37.758274],[-122.396225,37.757866],[-122.396736,37.75746],[-122.396484,37.75726],[-122.39546,37.75726],[-122.3947,37.756653],[-122.3947,37.756245],[-122.39419,37.75584],[-122.39419,37.754623],[-122.39368,37.75422],[-122.39368,37.753815]]],[[[-122.42761,37.782803],[-122.42685,37.78341],[-122.42685,37.783813],[-122.42659,37.78402],[-122.42608,37.78402],[-122.42583,37.783813],[-122.42634,37.78341],[-122.42608,37.783207],[-122.42557,37.78361],[-122.425316,37.78341],[-122.425316,37.783005],[-122.42404,37.78199],[-122.42378,37.782192],[-122.42378,37.7826],[-122.42353,37.782803],[-122.42277,37.782192],[-122.42277,37.781788],[-122.42251,37.781586],[-122.422,37.781586],[-122.421745,37.781384],[-122.421745,37.780975],[-122.421234,37.78057],[-122.421234,37.780167],[-122.421486,37.779964],[-122.422,37.78037],[-122.42277,37.779762],[-122.42251,37.77956],[-122.422,37.77956],[-122.421234,37.77895],[-122.421234,37.77814],[-122.421745,37.777733],[-122.421745,37.776924],[-122.42251,37.776314],[-122.42302,37.776314],[-122.42327,37.77611],[-122.42327,37.775303],[-122.42353,37.775097],[-122.42404,37.775097],[-122.42429,37.774895],[-122.42404,37.774693],[-122.42353,37.774693],[-122.42327,37.77449],[-122.42327,37.773678],[-122.42277,37.773273],[-122.42302,37.77307],[-122.42353,37.77307],[-122.42378,37.77287],[-122.42251,37.771854],[-122.421486,37.771854],[-122.42072,37.771248],[-122.42072,37.770435],[-122.420975,37.770233],[-122.421486,37.770233],[-122.421745,37.77003],[-122.421234,37.769627],[-122.421745,37.76922],[-122.421745,37.768814],[-122.422,37.768612],[-122.42302,37.768612],[-122.42327,37.76841],[-122.422,37.767395],[-122.421486,37.767395],[-122.421234,37.767193],[-122.421486,37.76699],[-122.422,37.76699],[-122.42277,37.76638],[-122.42277,37.765976],[-122.42302,37.765774],[-122.42353,37.765774],[-122.42378,37.76557],[-122.42378,37.765163],[-122.42429,37.76476],[-122.42404,37.764557],[-122.42353,37.76496],[-122.42277,37.764355],[-122.42327,37.76395],[-122.42302,37.763744],[-122.42251,37.763744],[-122.421486,37.762936],[-122.420975,37.762936],[-122.42072,37.762733],[-122.42072,37.762325],[-122.42047,37.762123],[-122.41996,37.762123],[-122.4197,37.76192],[-122.4197,37.761517],[-122.41945,37.761314],[-122.41894,37.761314],[-122.41843,37.760906],[-122.417915,37.761314],[-122.41766,37.761112],[-122.41766,37.759895],[-122.417404,37.759693],[-122.41689,37.759693],[-122.41664,37.759487],[-122.41689,37.759285],[-122.417915,37.759285],[-122.41868,37.75868],[-122.417915,37.758068],[-122.417404,37.758068],[-122.41689,37.757664],[-122.41638,37.757664],[-122.41613,37.75746],[-122.41613,37.756245],[-122.41638,37.756042],[-122.41689,37.756042],[-122.41715,37.75584],[-122.41715,37.755436],[-122.41689,37.755234],[-122.41638,37.755234],[-122.41588,37.754826],[-122.414856,37.754826],[-122.4146,37.754623],[-122.4146,37.753002],[-122.414856,37.7528],[-122.41537,37.7528],[-122.41562,37.752598],[-122.41537,37.752396],[-122.414856,37.752396],[-122.41383,37.751583],[-122.41256,37.752598],[-122.41358,37.753407],[-122.41358,37.75422],[-122.414085,37.754623],[-122.414085,37.755028],[-122.41383,37.755234],[-122.4123,37.755234],[-122.41154,37.75584],[-122.4123,37.756447],[-122.41281,37.756447],[-122.41307,37.756653],[-122.41307,37.75746],[-122.41281,37.757664],[-122.4123,37.757664],[-122.410515,37.759083],[-122.410774,37.759285],[-122.411285,37.759285],[-122.41205,37.759895],[-122.41205,37.760704],[-122.411285,37.761314],[-122.410774,37.761314],[-122.410515,37.761517],[-122.410515,37.763138],[-122.411026,37.763542],[-122.41026,37.764153],[-122.40975,37.764153],[-122.40924,37.764557],[-122.40873,37.764557],[-122.40822,37.76496],[-122.40771,37.764557],[-122.40669,37.764557],[-122.40643,37.76476],[-122.40643,37.76557],[-122.40618,37.765774],[-122.40567,37.76537],[-122.40516,37.76537],[-122.4049,37.765163],[-122.4049,37.764355],[-122.40465,37.764153],[-122.40414,37.764153],[-122.403885,37.76395],[-122.40414,37.763744],[-122.40465,37.763744],[-122.4049,37.763542],[-122.4049,37.763138],[-122.40465,37.762936],[-122.403625,37.762936],[-122.40337,37.762733],[-122.403885,37.762325],[-122.403885,37.76192],[-122.403625,37.76172],[-122.403114,37.76172],[-122.40286,37.761517],[-122.40286,37.761112],[-122.40235,37.760704],[-122.40235,37.759083],[-122.40209,37.75888],[-122.40159,37.75888],[-122.40133,37.75868],[-122.40133,37.757057],[-122.40108,37.756855],[-122.400566,37.756855],[-122.40031,37.757057],[-122.40031,37.75868],[-122.399796,37.759083],[-122.399796,37.7603],[-122.39929,37.760704],[-122.39929,37.76192],[-122.39903,37.762123],[-122.39852,37.762123],[-122.39827,37.762325],[-122.39852,37.76253],[-122.39903,37.76253],[-122.39929,37.762733],[-122.39929,37.763138],[-122.39903,37.76334],[-122.39852,37.762936],[-122.39827,37.763138],[-122.39827,37.76395],[-122.39878,37.764355],[-122.39776,37.765163],[-122.39827,37.76557],[-122.39827,37.765976],[-122.39801,37.76618],[-122.3975,37.76618],[-122.396996,37.765774],[-122.396484,37.765774],[-122.39571,37.76638],[-122.396484,37.76699],[-122.396996,37.76699],[-122.3975,37.766582],[-122.39776,37.76679],[-122.39776,37.767193],[-122.39801,37.767395],[-122.39852,37.767395],[-122.39878,37.767597],[-122.39801,37.768208],[-122.3975,37.7678],[-122.396736,37.76841],[-122.39725,37.768814],[-122.39725,37.770435],[-122.3975,37.770638],[-122.39954,37.770638],[-122.40031,37.771248],[-122.40031,37.772057],[-122.399796,37.772465],[-122.399796,37.77287],[-122.39954,37.77307],[-122.39903,37.77307],[-122.39827,37.772465],[-122.39878,37.772057],[-122.39878,37.771652],[-122.39852,37.77145],[-122.3975,37.77145],[-122.39719,37.771652],[-122.39546,37.77302],[-122.39444,37.77312],[-122.39597,37.772312],[-122.39629,37.772057],[-122.39546,37.77145],[-122.39495,37.77145],[-122.39444,37.771854],[-122.39419,37.771652],[-122.39419,37.771248],[-122.39393,37.771046],[-122.39342,37.771046],[-122.39291,37.77145],[-122.39163,37.770435],[-122.3924,37.76983],[-122.39291,37.770233],[-122.393166,37.77003],[-122.393166,37.76922],[-122.39368,37.768814],[-122.39368,37.76841],[-122.39419,37.768],[-122.39419,37.767597],[-122.3952,37.76679],[-122.3952,37.76638],[-122.39495,37.76618],[-122.39342,37.76618],[-122.393166,37.765976],[-122.39368,37.76557],[-122.39342,37.76537],[-122.39291,37.76537],[-122.392654,37.765163],[-122.392654,37.764355],[-122.3924,37.764153],[-122.39036,37.764153],[-122.39011,37.764355],[-122.39011,37.76476],[-122.389336,37.76537],[-122.388824,37.76496],[-122.38755,37.765976],[-122.38755,37.76679],[-122.3873,37.76699],[-122.38679,37.766582],[-122.38628,37.766582],[-122.38602,37.76679],[-122.38602,37.767193],[-122.385765,37.767395],[-122.385445,37.767597],[-122.385445,37.76841],[-122.385765,37.769016],[-122.385445,37.76922],[-122.385254,37.769775],[-122.385,37.77003],[-122.38653,37.772057],[-122.38647,37.772465],[-122.38628,37.773426],[-122.38602,37.773678],[-122.38602,37.774086],[-122.38628,37.774338],[-122.385254,37.775047],[-122.38493,37.775303],[-122.38493,37.77611],[-122.385254,37.776367],[-122.3873,37.77677],[-122.38985,37.77677],[-122.3924,37.774742],[-122.3924,37.775047],[-122.389336,37.77748],[-122.38831,37.777885],[-122.38749,37.778545],[-122.385765,37.781536],[-122.385445,37.781788],[-122.385254,37.782345],[-122.38493,37.7826],[-122.385254,37.782852],[-122.38749,37.78341],[-122.385765,37.785587],[-122.38551,37.785843],[-122.38551,37.78665],[-122.385765,37.786858],[-122.38628,37.786858],[-122.38653,37.78706],[-122.38602,37.787464],[-122.38653,37.78787],[-122.38653,37.788277],[-122.38679,37.78853],[-122.38628,37.789238],[-122.38602,37.78949],[-122.38628,37.789745],[-122.38679,37.789745],[-122.38851,37.790302],[-122.389015,37.791115],[-122.39004,37.792328],[-122.393105,37.795166],[-122.39342,37.797348],[-122.393105,37.7976],[-122.393105,37.798004],[-122.39393,37.798664],[-122.39444,37.798664],[-122.39597,37.800995],[-122.39571,37.80125],[-122.39597,37.801502],[-122.396484,37.801502],[-122.3982,37.800842],[-122.39852,37.802616],[-122.3977,37.803276],[-122.3982,37.80409],[-122.39852,37.80434],[-122.39903,37.80434],[-122.400055,37.803936],[-122.40076,37.80652],[-122.40159,37.80718],[-122.40235,37.80652],[-122.40235,37.80571],[-122.4026,37.805508],[-122.403114,37.805508],[-122.403885,37.806114],[-122.403885,37.80652],[-122.40286,37.80733],[-122.403114,37.807583],[-122.404076,37.808346],[-122.40382,37.808548],[-122.40414,37.80875],[-122.40459,37.80875],[-122.40586,37.809765],[-122.40618,37.809967],[-122.40669,37.809967],[-122.406944,37.809765],[-122.407005,37.809357],[-122.40892,37.809357],[-122.40924,37.80956],[-122.40949,37.809357],[-122.40949,37.808952],[-122.40975,37.80875],[-122.41026,37.809155],[-122.410774,37.809204],[-122.411285,37.809204],[-122.41179,37.809155],[-122.41256,37.808548],[-122.41256,37.80814],[-122.41307,37.807735],[-122.41307,37.80733],[-122.414085,37.80652],[-122.41383,37.806316],[-122.41332,37.806316],[-122.41281,37.80672],[-122.41205,37.806114],[-122.41307,37.8053],[-122.41307,37.804493],[-122.41205,37.80368],[-122.41205,37.803276],[-122.41256,37.80287],[-122.4123,37.80267],[-122.41179,37.80267],[-122.41154,37.802467],[-122.41154,37.80206],[-122.41383,37.800236],[-122.414345,37.800236],[-122.4146,37.800034],[-122.4146,37.79922],[-122.414345,37.79902],[-122.41281,37.79902],[-122.4123,37.798615],[-122.41179,37.798615],[-122.41154,37.798412],[-122.41154,37.798004],[-122.41256,37.797195],[-122.41256,37.79679],[-122.41205,37.796383],[-122.41281,37.795776],[-122.41332,37.795776],[-122.41383,37.795372],[-122.414856,37.795372],[-122.41511,37.795166],[-122.41511,37.79476],[-122.41537,37.79456],[-122.41588,37.79456],[-122.41638,37.794155],[-122.41689,37.794155],[-122.41715,37.793953],[-122.41715,37.793545],[-122.417404,37.793343],[-122.417915,37.793343],[-122.41843,37.79294],[-122.41996,37.79294],[-122.42021,37.792736],[-122.41945,37.792126],[-122.41894,37.792534],[-122.41843,37.792534],[-122.418175,37.792328],[-122.418175,37.791924],[-122.417915,37.79172],[-122.417404,37.792126],[-122.41689,37.792126],[-122.41588,37.791317],[-122.41562,37.79152],[-122.41562,37.791924],[-122.41537,37.792126],[-122.414856,37.792126],[-122.4146,37.791924],[-122.4146,37.791115],[-122.41562,37.790302],[-122.41511,37.789898],[-122.41537,37.789696],[-122.41588,37.789696],[-122.41613,37.78949],[-122.41613,37.78868],[-122.41638,37.78848],[-122.41689,37.78848],[-122.41715,37.788277],[-122.41715,37.78787],[-122.41843,37.786858],[-122.41894,37.786858],[-122.41996,37.787666],[-122.42047,37.787262],[-122.42072,37.787464],[-122.42072,37.78787],[-122.422,37.788883],[-122.42226,37.78868],[-122.42226,37.788277],[-122.42302,37.787666],[-122.42353,37.787666],[-122.42378,37.787464],[-122.42378,37.78706],[-122.42404,37.786858],[-122.42429,37.78706],[-122.42429,37.787464],[-122.42455,37.787666],[-122.42557,37.787666],[-122.42583,37.787464],[-122.42583,37.78665],[-122.42659,37.786045],[-122.4271,37.786045],[-122.42812,37.786858],[-122.428635,37.786858],[-122.43042,37.78544],[-122.43042,37.78503],[-122.43067,37.78483],[-122.431694,37.78483],[-122.432205,37.785233],[-122.43297,37.784626],[-122.43297,37.78422],[-122.43348,37.783813],[-122.43323,37.78361],[-122.432205,37.78361],[-122.431694,37.78402],[-122.43016,37.78402],[-122.429146,37.783207],[-122.428635,37.783207],[-122.42812,37.782803],[-122.42761,37.782803]]]]}},{"type":"Feature","properties":{"contour":28},"geometry":{"type":"MultiPolygon","coordinates":[[[[-122.40912,37.730118],[-122.40859,37.730534],[-122.40807,37.730118],[-122.407555,37.730534],[-122.407295,37.730324],[-122.407295,37.72991],[-122.407814,37.729496],[-122.407814,37.72908],[-122.407555,37.728874],[-122.40703,37.72929],[-122.40651,37.728874],[-122.40599,37.728874],[-122.405205,37.728252],[-122.405205,37.727837],[-122.404686,37.727425],[-122.404945,37.727215],[-122.405464,37.727215],[-122.40572,37.72701],[-122.405464,37.726803],[-122.404945,37.726803],[-122.404686,37.726597],[-122.404686,37.725765],[-122.40442,37.72556],[-122.40338,37.72556],[-122.402596,37.724937],[-122.402596,37.723694],[-122.40182,37.723072],[-122.40103,37.723694],[-122.40155,37.72411],[-122.40155,37.72452],[-122.40208,37.724937],[-122.40208,37.725353],[-122.402336,37.72556],[-122.402855,37.72556],[-122.40312,37.725765],[-122.402855,37.725975],[-122.402336,37.725975],[-122.40208,37.72618],[-122.40208,37.726597],[-122.402596,37.72701],[-122.40155,37.727837],[-122.40155,37.728252],[-122.402336,37.728874],[-122.402596,37.72867],[-122.402596,37.728252],[-122.402855,37.728046],[-122.40312,37.728252],[-122.40312,37.72908],[-122.40364,37.729496],[-122.40364,37.730324],[-122.40416,37.73074],[-122.40416,37.731155],[-122.40364,37.731567],[-122.40364,37.73281],[-122.40338,37.73302],[-122.402855,37.73302],[-122.40155,37.734055],[-122.40155,37.734882],[-122.40129,37.735092],[-122.40077,37.735092],[-122.40051,37.7353],[-122.40077,37.735504],[-122.40129,37.735504],[-122.40182,37.735092],[-122.402336,37.735092],[-122.402855,37.734676],[-122.405464,37.734676],[-122.40599,37.735092],[-122.40703,37.735092],[-122.407295,37.734882],[-122.407295,37.734055],[-122.407814,37.73364],[-122.407814,37.733227],[-122.40859,37.732605],[-122.40964,37.732605],[-122.4099,37.7324],[-122.4099,37.731983],[-122.410164,37.731777],[-122.4112,37.731777],[-122.41147,37.731567],[-122.41147,37.731155],[-122.4112,37.730946],[-122.41094,37.73074],[-122.41094,37.730324],[-122.41068,37.730118],[-122.410164,37.730534],[-122.40964,37.730534],[-122.40912,37.730118]]],[[[-122.39451,37.760788],[-122.395035,37.760372],[-122.39607,37.760372],[-122.39634,37.760166],[-122.39634,37.75975],[-122.39581,37.759335],[-122.39686,37.758507],[-122.39686,37.75768],[-122.39738,37.757263],[-122.39712,37.757057],[-122.395035,37.757057],[-122.394775,37.75685],[-122.394775,37.756435],[-122.39425,37.75602],[-122.39425,37.75519],[-122.394775,37.754776],[-122.394775,37.754364],[-122.39399,37.753742],[-122.39347,37.753742],[-122.3932,37.753532],[-122.3932,37.75312],[-122.392944,37.75291],[-122.3919,37.753742],[-122.39164,37.753532],[-122.39164,37.752293],[-122.39138,37.752083],[-122.39086,37.7525],[-122.390335,37.7525],[-122.390076,37.752705],[-122.390076,37.75312],[-122.38956,37.753532],[-122.38956,37.754776],[-122.3893,37.754986],[-122.38877,37.754986],[-122.38825,37.75457],[-122.38747,37.75519],[-122.38799,37.755608],[-122.38799,37.756435],[-122.387726,37.75664],[-122.38669,37.75664],[-122.38643,37.75685],[-122.38643,37.758507],[-122.38669,37.758717],[-122.38721,37.758717],[-122.38747,37.758923],[-122.38721,37.75913],[-122.38669,37.75913],[-122.38643,37.759335],[-122.38643,37.75975],[-122.38538,37.76058],[-122.38564,37.760788],[-122.38721,37.760788],[-122.38747,37.760994],[-122.38747,37.76141],[-122.38695,37.76182],[-122.38695,37.762238],[-122.38721,37.762444],[-122.38877,37.762444],[-122.3893,37.76203],[-122.38982,37.762444],[-122.390335,37.76203],[-122.39399,37.76203],[-122.394775,37.76141],[-122.39451,37.7612],[-122.39399,37.7612],[-122.39373,37.760994],[-122.39399,37.760788],[-122.39451,37.760788]]],[[[-122.43677,37.7612],[-122.43651,37.760994],[-122.43651,37.76058],[-122.43624,37.760372],[-122.43572,37.760372],[-122.4352,37.759956],[-122.43468,37.759956],[-122.43337,37.760994],[-122.43337,37.76141],[-122.43285,37.76182],[-122.43285,37.762238],[-122.432594,37.762444],[-122.43207,37.762444],[-122.43181,37.762653],[-122.43207,37.76286],[-122.432594,37.76286],[-122.43285,37.763065],[-122.43285,37.763897],[-122.43207,37.76452],[-122.43155,37.76452],[-122.43103,37.764103],[-122.430504,37.764103],[-122.430244,37.76431],[-122.430244,37.764725],[-122.43076,37.76514],[-122.430504,37.765347],[-122.42946,37.765347],[-122.4292,37.76514],[-122.429726,37.764725],[-122.429726,37.76431],[-122.42946,37.764103],[-122.427895,37.764103],[-122.427635,37.76431],[-122.42816,37.764725],[-122.42816,37.76514],[-122.427895,37.765347],[-122.427376,37.765347],[-122.42712,37.765553],[-122.42712,37.76597],[-122.42686,37.766174],[-122.42633,37.766174],[-122.42607,37.76638],[-122.42607,37.767212],[-122.42581,37.767418],[-122.425285,37.767418],[-122.425026,37.767624],[-122.425026,37.76804],[-122.425285,37.768246],[-122.42581,37.768246],[-122.42607,37.768456],[-122.42607,37.7697],[-122.42633,37.769905],[-122.427376,37.769905],[-122.427895,37.76949],[-122.42816,37.7697],[-122.42816,37.770943],[-122.42842,37.77115],[-122.42894,37.770733],[-122.42946,37.770733],[-122.429985,37.77115],[-122.430504,37.770733],[-122.43103,37.770733],[-122.43129,37.770527],[-122.43129,37.77011],[-122.43181,37.7697],[-122.43181,37.769283],[-122.43129,37.768867],[-122.43129,37.768456],[-122.43155,37.768246],[-122.432594,37.768246],[-122.43285,37.768456],[-122.43285,37.768867],[-122.432335,37.769283],[-122.43285,37.7697],[-122.43285,37.77011],[-122.43311,37.77032],[-122.43363,37.77032],[-122.43494,37.769283],[-122.43416,37.76866],[-122.43363,37.76866],[-122.43285,37.76804],[-122.43285,37.767212],[-122.432335,37.766796],[-122.432335,37.76514],[-122.432594,37.76493],[-122.43468,37.76493],[-122.4352,37.765347],[-122.43572,37.765347],[-122.43598,37.76514],[-122.43598,37.764725],[-122.43703,37.763897],[-122.43651,37.76348],[-122.43677,37.763275],[-122.43729,37.763275],[-122.43859,37.762238],[-122.43859,37.76182],[-122.43833,37.761616],[-122.437805,37.761616],[-122.43729,37.7612],[-122.43677,37.7612]]],[[[-122.41903,37.760788],[-122.41877,37.76058],[-122.41877,37.760166],[-122.41824,37.75975],[-122.41824,37.759335],[-122.41851,37.75913],[-122.41903,37.75913],[-122.41929,37.758923],[-122.41929,37.758507],[-122.41903,37.7583],[-122.41851,37.7583],[-122.41616,37.756435],[-122.41694,37.755814],[-122.417465,37.755814],[-122.417725,37.755608],[-122.417725,37.75519],[-122.417465,37.754986],[-122.415375,37.754986],[-122.415115,37.754776],[-122.41564,37.754364],[-122.41564,37.75395],[-122.415375,37.753742],[-122.414856,37.753742],[-122.4146,37.753532],[-122.4146,37.75312],[-122.414856,37.75291],[-122.4159,37.75291],[-122.41616,37.75312],[-122.41616,37.753532],[-122.41642,37.753742],[-122.41694,37.753326],[-122.417206,37.753532],[-122.417206,37.754364],[-122.417465,37.75457],[-122.417984,37.754154],[-122.41903,37.754986],[-122.41929,37.754776],[-122.41929,37.754364],[-122.41955,37.754154],[-122.420074,37.754154],[-122.420334,37.75395],[-122.420334,37.753532],[-122.4219,37.752293],[-122.4219,37.751877],[-122.42164,37.75167],[-122.42111,37.75167],[-122.42059,37.751255],[-122.420074,37.751255],[-122.419815,37.75105],[-122.419815,37.750633],[-122.41955,37.750427],[-122.41903,37.750427],[-122.41877,37.750217],[-122.41877,37.749805],[-122.41824,37.74939],[-122.41824,37.748974],[-122.417984,37.748768],[-122.417725,37.748974],[-122.417725,37.750217],[-122.417465,37.750427],[-122.41694,37.750427],[-122.41668,37.750633],[-122.41668,37.75105],[-122.41642,37.751255],[-122.415375,37.751255],[-122.415115,37.75105],[-122.415115,37.750633],[-122.41434,37.75001],[-122.41381,37.75001],[-122.41329,37.750427],[-122.412766,37.750427],[-122.41199,37.75105],[-122.412506,37.75146],[-122.412506,37.752293],[-122.41225,37.7525],[-122.41173,37.7525],[-122.41147,37.752705],[-122.41173,37.75291],[-122.41225,37.75291],[-122.41303,37.753532],[-122.412506,37.75395],[-122.412506,37.754776],[-122.41225,37.754986],[-122.41173,37.754986],[-122.41094,37.755608],[-122.41094,37.75602],[-122.4112,37.75623],[-122.41173,37.75623],[-122.41199,37.756435],[-122.41199,37.758095],[-122.41173,37.7583],[-122.41068,37.7583],[-122.41042,37.758507],[-122.41042,37.758923],[-122.4099,37.759335],[-122.41094,37.760166],[-122.41094,37.76058],[-122.40938,37.76182],[-122.4099,37.762238],[-122.4099,37.762653],[-122.40938,37.763065],[-122.41042,37.763897],[-122.410164,37.764103],[-122.40964,37.764103],[-122.40912,37.763687],[-122.40807,37.763687],[-122.407814,37.76348],[-122.407814,37.762653],[-122.407555,37.762444],[-122.40703,37.762444],[-122.40625,37.763065],[-122.40625,37.763897],[-122.40599,37.764103],[-122.405464,37.764103],[-122.405205,37.763897],[-122.405205,37.763065],[-122.404686,37.762653],[-122.404686,37.76182],[-122.40442,37.761616],[-122.4039,37.761616],[-122.40364,37.76141],[-122.40364,37.759335],[-122.402596,37.758507],[-122.402596,37.758095],[-122.40208,37.75768],[-122.402596,37.757263],[-122.40182,37.75664],[-122.40129,37.75664],[-122.40077,37.75623],[-122.39947,37.757263],[-122.39947,37.758923],[-122.39921,37.75913],[-122.39868,37.75913],[-122.39842,37.759335],[-122.39895,37.75975],[-122.39895,37.76058],[-122.39842,37.760994],[-122.39842,37.76182],[-122.39738,37.762653],[-122.3979,37.763065],[-122.39738,37.76348],[-122.39738,37.76431],[-122.39634,37.76514],[-122.39634,37.765553],[-122.39607,37.76576],[-122.39451,37.76576],[-122.39399,37.766174],[-122.39373,37.76597],[-122.39373,37.765553],[-122.3932,37.76514],[-122.3932,37.764725],[-122.392685,37.76431],[-122.392685,37.763897],[-122.392426,37.763687],[-122.38982,37.763687],[-122.3893,37.764103],[-122.38877,37.764103],[-122.38799,37.764725],[-122.38799,37.76514],[-122.387726,37.765347],[-122.38721,37.765347],[-122.38643,37.76597],[-122.38643,37.76638],[-122.38616,37.76659],[-122.38584,37.766796],[-122.385315,37.767212],[-122.384796,37.768867],[-122.3846,37.76985],[-122.38434,37.77011],[-122.38616,37.773582],[-122.3859,37.77384],[-122.3859,37.774258],[-122.38616,37.774517],[-122.385124,37.77524],[-122.384796,37.7755],[-122.384796,37.775913],[-122.385124,37.776173],[-122.38721,37.77659],[-122.38982,37.77659],[-122.392426,37.77493],[-122.392426,37.77524],[-122.3893,37.777313],[-122.38825,37.77773],[-122.387405,37.7784],[-122.38564,37.781456],[-122.385315,37.781715],[-122.385124,37.782288],[-122.384796,37.782547],[-122.385124,37.782806],[-122.387405,37.783375],[-122.38616,37.785603],[-122.38564,37.785652],[-122.38538,37.785862],[-122.38538,37.786274],[-122.3859,37.78669],[-122.3859,37.787933],[-122.38616,37.788193],[-122.38564,37.789333],[-122.38538,37.789593],[-122.38564,37.78985],[-122.38669,37.78985],[-122.38844,37.79042],[-122.38897,37.79125],[-122.390015,37.792076],[-122.39262,37.794563],[-122.39314,37.795395],[-122.39347,37.797207],[-122.39314,37.797466],[-122.39314,37.79788],[-122.39399,37.798553],[-122.39451,37.798553],[-122.39627,37.79871],[-122.39575,37.801197],[-122.39607,37.801456],[-122.39712,37.80104],[-122.39868,37.802593],[-122.397835,37.80327],[-122.39836,37.804096],[-122.39868,37.804356],[-122.39921,37.804356],[-122.400444,37.804512],[-122.400444,37.806168],[-122.40182,37.80726],[-122.402336,37.806843],[-122.402596,37.806583],[-122.402855,37.80596],[-122.40338,37.80596],[-122.40364,37.806168],[-122.40364,37.806583],[-122.4039,37.806843],[-122.4041,37.807827],[-122.40357,37.808655],[-122.4039,37.808914],[-122.40442,37.808914],[-122.40475,37.808655],[-122.40527,37.807827],[-122.40618,37.809486],[-122.40651,37.809742],[-122.40684,37.809486],[-122.40931,37.80907],[-122.409836,37.809486],[-122.410164,37.809692],[-122.410484,37.809486],[-122.41225,37.80933],[-122.41303,37.808655],[-122.41303,37.808243],[-122.414856,37.80679],[-122.4159,37.80679],[-122.41616,37.807],[-122.41616,37.80741],[-122.41642,37.80762],[-122.41694,37.807205],[-122.417465,37.80762],[-122.417984,37.80762],[-122.41929,37.806583],[-122.41929,37.806168],[-122.41955,37.80596],[-122.42059,37.80679],[-122.42085,37.806583],[-122.42085,37.806168],[-122.42138,37.805756],[-122.420074,37.804718],[-122.419815,37.804924],[-122.419815,37.80534],[-122.41955,37.805546],[-122.41851,37.805546],[-122.41824,37.80534],[-122.41824,37.804924],[-122.417984,37.804718],[-122.41642,37.804718],[-122.41616,37.804924],[-122.41616,37.80534],[-122.4159,37.805546],[-122.415375,37.805546],[-122.414856,37.80596],[-122.41434,37.80596],[-122.41407,37.805756],[-122.41407,37.804096],[-122.41381,37.80389],[-122.41329,37.80389],[-122.412506,37.80327],[-122.412766,37.803062],[-122.41329,37.803062],[-122.41355,37.802853],[-122.41303,37.80244],[-122.41303,37.80161],[-122.41381,37.800987],[-122.41434,37.800987],[-122.415375,37.80016],[-122.4159,37.80016],[-122.41642,37.799744],[-122.417465,37.799744],[-122.417725,37.799538],[-122.417725,37.79912],[-122.417465,37.798916],[-122.41694,37.79933],[-122.41642,37.79933],[-122.4159,37.798916],[-122.41434,37.798916],[-122.41381,37.7985],[-122.41329,37.798916],[-122.41303,37.79871],[-122.41303,37.797466],[-122.41329,37.79726],[-122.41381,37.79726],[-122.41407,37.79705],[-122.41355,37.79664],[-122.41407,37.796223],[-122.41355,37.795807],[-122.41434,37.795185],[-122.4146,37.795395],[-122.4146,37.795807],[-122.414856,37.796017],[-122.41564,37.795395],[-122.41564,37.79498],[-122.4159,37.794773],[-122.41642,37.795185],[-122.417206,37.794563],[-122.417206,37.79415],[-122.417465,37.79394],[-122.41851,37.79394],[-122.41877,37.793736],[-122.41877,37.79332],[-122.41903,37.793114],[-122.41955,37.79353],[-122.42059,37.792698],[-122.42111,37.792698],[-122.42138,37.792492],[-122.42138,37.792076],[-122.42111,37.79187],[-122.42059,37.792286],[-122.41903,37.792286],[-122.41877,37.792076],[-122.41877,37.791664],[-122.41851,37.791454],[-122.417465,37.791454],[-122.41694,37.79187],[-122.41642,37.79187],[-122.41616,37.791664],[-122.41616,37.79125],[-122.41564,37.790836],[-122.4159,37.790627],[-122.41642,37.790627],[-122.41668,37.79042],[-122.41668,37.790005],[-122.417725,37.789177],[-122.417725,37.78835],[-122.41903,37.78731],[-122.41955,37.78731],[-122.419815,37.787518],[-122.419815,37.78835],[-122.420074,37.788555],[-122.42111,37.788555],[-122.42138,37.78876],[-122.42138,37.789177],[-122.42164,37.789383],[-122.42216,37.789383],[-122.4232,37.788555],[-122.42372,37.788555],[-122.42425,37.78814],[-122.42477,37.788555],[-122.425285,37.78814],[-122.42581,37.78814],[-122.42607,37.787933],[-122.42607,37.787518],[-122.42633,37.78731],[-122.427895,37.78731],[-122.42842,37.787727],[-122.4292,37.787106],[-122.4292,37.78669],[-122.42946,37.786484],[-122.429985,37.786484],[-122.430244,37.786274],[-122.430244,37.785862],[-122.430504,37.785652],[-122.43155,37.785652],[-122.43207,37.78524],[-122.432594,37.78524],[-122.43311,37.785652],[-122.43337,37.785446],[-122.43337,37.78503],[-122.43442,37.784203],[-122.43442,37.78379],[-122.43416,37.78358],[-122.43363,37.78358],[-122.432594,37.782753],[-122.43207,37.78317],[-122.42946,37.78317],[-122.42894,37.782753],[-122.42842,37.782753],[-122.427376,37.781925],[-122.42633,37.782753],[-122.42581,37.782753],[-122.425285,37.782337],[-122.42477,37.782337],[-122.42451,37.78213],[-122.42451,37.781715],[-122.42425,37.78151],[-122.42372,37.781925],[-122.4232,37.781925],[-122.42294,37.781715],[-122.42294,37.78047],[-122.42346,37.78006],[-122.42346,37.779644],[-122.4232,37.779438],[-122.42216,37.779438],[-122.4219,37.77923],[-122.42242,37.778816],[-122.4219,37.7784],[-122.4219,37.777573],[-122.42216,37.777367],[-122.42268,37.777367],[-122.42346,37.776745],[-122.42346,37.77633],[-122.42372,37.776123],[-122.42425,37.776123],[-122.42451,37.775913],[-122.42451,37.7755],[-122.425026,37.775085],[-122.42451,37.77467],[-122.425026,37.774258],[-122.42399,37.773426],[-122.42451,37.773014],[-122.42425,37.772804],[-122.42372,37.772804],[-122.42346,37.7726],[-122.42346,37.772182],[-122.42399,37.77177],[-122.42399,37.771355],[-122.42372,37.77115],[-122.42216,37.77115],[-122.42164,37.771564],[-122.42085,37.770943],[-122.42111,37.770733],[-122.42164,37.770733],[-122.42242,37.77011],[-122.42242,37.7697],[-122.42346,37.768867],[-122.42346,37.767624],[-122.42294,37.767212],[-122.42294,37.766796],[-122.42346,37.76638],[-122.42294,37.76597],[-122.4232,37.76576],[-122.42372,37.76576],[-122.42425,37.765347],[-122.42477,37.765347],[-122.425026,37.76514],[-122.425026,37.764725],[-122.42425,37.764103],[-122.42372,37.764103],[-122.42294,37.76348],[-122.42294,37.763065],[-122.42216,37.762444],[-122.42164,37.762444],[-122.41955,37.760788],[-122.41903,37.760788]]]]}},{"type":"Feature","properties":{"contour":29},"geometry":{"type":"MultiPolygon","coordinates":[[[[-122.411835,37.730103],[-122.41077,37.730103],[-122.41023,37.72968],[-122.40864,37.72968],[-122.40837,37.72947],[-122.408905,37.729046],[-122.40864,37.728832],[-122.408104,37.729256],[-122.40784,37.729046],[-122.40784,37.728622],[-122.40757,37.72841],[-122.407036,37.72841],[-122.406235,37.727776],[-122.406235,37.72735],[-122.40677,37.726925],[-122.4065,37.726715],[-122.40597,37.726715],[-122.4057,37.7265],[-122.4057,37.72523],[-122.40543,37.72502],[-122.40491,37.725445],[-122.40437,37.725445],[-122.404106,37.72523],[-122.404106,37.724808],[-122.40357,37.724384],[-122.40357,37.723114],[-122.403305,37.722904],[-122.40277,37.723328],[-122.4017,37.72248],[-122.40144,37.72269],[-122.40144,37.723114],[-122.40118,37.723328],[-122.40064,37.723328],[-122.400375,37.723537],[-122.40064,37.72375],[-122.40118,37.72375],[-122.40144,37.72396],[-122.40144,37.724384],[-122.40197,37.724808],[-122.40197,37.725655],[-122.402504,37.726078],[-122.40144,37.726925],[-122.40197,37.72735],[-122.40091,37.7282],[-122.40091,37.728622],[-122.40118,37.728832],[-122.40277,37.728832],[-122.40357,37.72947],[-122.40357,37.729893],[-122.402504,37.73074],[-122.40277,37.73095],[-122.403305,37.73095],[-122.40357,37.731163],[-122.40357,37.732857],[-122.403305,37.733067],[-122.40277,37.733067],[-122.40224,37.73349],[-122.4017,37.73349],[-122.40144,37.733704],[-122.40144,37.734127],[-122.40118,37.734337],[-122.40064,37.734337],[-122.400375,37.73455],[-122.400375,37.735397],[-122.39984,37.73582],[-122.40011,37.73603],[-122.40064,37.735607],[-122.4017,37.735607],[-122.40224,37.735184],[-122.40277,37.735607],[-122.40543,37.735607],[-122.40597,37.735184],[-122.4065,37.735184],[-122.407036,37.735607],[-122.40757,37.735607],[-122.40784,37.735397],[-122.40757,37.735184],[-122.407036,37.735184],[-122.40677,37.734974],[-122.407036,37.73476],[-122.40757,37.73476],[-122.408905,37.733704],[-122.40864,37.73349],[-122.408104,37.73349],[-122.40784,37.73328],[-122.408104,37.733067],[-122.40917,37.733067],[-122.4097,37.73349],[-122.4105,37.732857],[-122.4105,37.732433],[-122.41077,37.73222],[-122.4113,37.73222],[-122.41157,37.73201],[-122.41157,37.731586],[-122.41237,37.73095],[-122.4129,37.73095],[-122.41423,37.729893],[-122.41423,37.72947],[-122.41396,37.729256],[-122.41343,37.729256],[-122.4129,37.728832],[-122.412636,37.729046],[-122.41316,37.72947],[-122.4129,37.72968],[-122.41237,37.72968],[-122.411835,37.730103]]],[[[-122.43768,37.76038],[-122.437416,37.76017],[-122.43688,37.760593],[-122.436615,37.76038],[-122.436615,37.759956],[-122.43635,37.759747],[-122.43582,37.759747],[-122.435555,37.759533],[-122.435555,37.75911],[-122.43529,37.7589],[-122.43475,37.7589],[-122.43449,37.75911],[-122.43449,37.759533],[-122.43475,37.759747],[-122.43529,37.759747],[-122.435555,37.759956],[-122.43529,37.76017],[-122.433685,37.76017],[-122.43182,37.76165],[-122.43182,37.762074],[-122.43129,37.762497],[-122.43129,37.763344],[-122.43049,37.76398],[-122.429955,37.76398],[-122.42889,37.763134],[-122.42836,37.763134],[-122.42809,37.763344],[-122.42809,37.763767],[-122.427025,37.764614],[-122.427025,37.765038],[-122.42676,37.76525],[-122.42622,37.76525],[-122.42596,37.76546],[-122.42596,37.765884],[-122.42569,37.766098],[-122.425156,37.766098],[-122.42489,37.766308],[-122.42489,37.767155],[-122.42462,37.76737],[-122.42356,37.76737],[-122.423294,37.767155],[-122.423294,37.76673],[-122.42356,37.76652],[-122.424095,37.76652],[-122.42436,37.766308],[-122.42436,37.765884],[-122.42542,37.765038],[-122.42489,37.764614],[-122.42489,37.763767],[-122.42462,37.763557],[-122.42356,37.763557],[-122.423294,37.763344],[-122.423294,37.76292],[-122.42249,37.762287],[-122.42196,37.762287],[-122.42169,37.762074],[-122.42169,37.761227],[-122.421425,37.761017],[-122.42089,37.761017],[-122.420364,37.760593],[-122.41983,37.760593],[-122.41956,37.76038],[-122.41956,37.759533],[-122.4201,37.75911],[-122.4201,37.758263],[-122.4193,37.757626],[-122.41876,37.757626],[-122.418495,37.757416],[-122.418495,37.756992],[-122.41796,37.75657],[-122.41796,37.756145],[-122.41823,37.75593],[-122.4193,37.75593],[-122.41956,37.755722],[-122.41956,37.754875],[-122.41983,37.75466],[-122.420364,37.75466],[-122.42169,37.753605],[-122.42116,37.75318],[-122.422226,37.752335],[-122.422226,37.751488],[-122.421425,37.75085],[-122.42089,37.75085],[-122.41903,37.74937],[-122.41903,37.748947],[-122.41823,37.74831],[-122.417694,37.74831],[-122.41689,37.748947],[-122.41689,37.749794],[-122.4161,37.750427],[-122.41503,37.750427],[-122.41423,37.749794],[-122.41423,37.748524],[-122.414764,37.7481],[-122.4145,37.747887],[-122.41343,37.747887],[-122.4129,37.747463],[-122.4121,37.7481],[-122.4121,37.748524],[-122.41237,37.748734],[-122.4129,37.748734],[-122.41316,37.748947],[-122.41316,37.749794],[-122.4129,37.750004],[-122.41237,37.750004],[-122.41103,37.751064],[-122.4113,37.751274],[-122.411835,37.751274],[-122.4121,37.751488],[-122.4121,37.75191],[-122.411835,37.75212],[-122.4113,37.75212],[-122.4105,37.752758],[-122.41077,37.752968],[-122.4113,37.752968],[-122.41157,37.75318],[-122.41157,37.753605],[-122.4121,37.75403],[-122.41157,37.75445],[-122.4121,37.754875],[-122.411835,37.755085],[-122.4113,37.755085],[-122.41077,37.75551],[-122.41023,37.75551],[-122.409966,37.755722],[-122.409966,37.756145],[-122.41023,37.756355],[-122.41077,37.756355],[-122.41103,37.75657],[-122.41103,37.758263],[-122.41077,37.758476],[-122.4097,37.758476],[-122.40943,37.758686],[-122.40943,37.759956],[-122.409966,37.76038],[-122.409966,37.760803],[-122.4097,37.761017],[-122.40917,37.761017],[-122.408905,37.761227],[-122.408905,37.762074],[-122.40864,37.762287],[-122.408104,37.762287],[-122.40757,37.761864],[-122.407036,37.761864],[-122.40677,37.762074],[-122.40677,37.762497],[-122.4065,37.76271],[-122.40597,37.76271],[-122.4057,37.762497],[-122.4057,37.76165],[-122.40543,37.76144],[-122.40491,37.76144],[-122.40464,37.761227],[-122.405174,37.760803],[-122.40464,37.76038],[-122.40464,37.759533],[-122.40384,37.7589],[-122.40277,37.7589],[-122.402504,37.758686],[-122.402504,37.757416],[-122.40304,37.756992],[-122.4017,37.75593],[-122.40118,37.756355],[-122.39904,37.756355],[-122.39877,37.75657],[-122.39904,37.75678],[-122.399574,37.75678],[-122.39984,37.756992],[-122.399574,37.757202],[-122.39904,37.757202],[-122.39877,37.757416],[-122.39877,37.75784],[-122.39931,37.758263],[-122.39877,37.758686],[-122.39877,37.75911],[-122.398506,37.759323],[-122.39797,37.759323],[-122.397446,37.759747],[-122.39691,37.759747],[-122.396645,37.759533],[-122.396645,37.758263],[-122.39691,37.75805],[-122.397446,37.75805],[-122.39824,37.757416],[-122.39824,37.756992],[-122.39797,37.75678],[-122.39691,37.75678],[-122.39638,37.756355],[-122.39531,37.757202],[-122.39504,37.756992],[-122.39504,37.756145],[-122.39451,37.755722],[-122.39451,37.75403],[-122.39424,37.753815],[-122.393715,37.753815],[-122.39345,37.753605],[-122.39345,37.752335],[-122.39318,37.75212],[-122.39265,37.75212],[-122.39211,37.751698],[-122.39051,37.751698],[-122.38918,37.752758],[-122.38918,37.75318],[-122.388916,37.75339],[-122.38838,37.75339],[-122.388115,37.753605],[-122.38865,37.75403],[-122.38838,37.75424],[-122.38785,37.75424],[-122.38651,37.7553],[-122.38651,37.756145],[-122.386246,37.756355],[-122.38572,37.756355],[-122.38545,37.75657],[-122.38545,37.756992],[-122.38572,37.757202],[-122.386246,37.757202],[-122.38651,37.757416],[-122.386246,37.757626],[-122.38465,37.757626],[-122.384384,37.75784],[-122.384384,37.758686],[-122.38465,37.7589],[-122.38492,37.758686],[-122.38492,37.758263],[-122.385185,37.75805],[-122.38599,37.758686],[-122.38599,37.759533],[-122.38545,37.759956],[-122.38545,37.76038],[-122.385185,37.760593],[-122.38465,37.760593],[-122.384384,37.760803],[-122.38465,37.761017],[-122.385185,37.761017],[-122.38545,37.761227],[-122.38545,37.76165],[-122.386246,37.762287],[-122.387314,37.762287],[-122.38758,37.762497],[-122.387314,37.76271],[-122.38678,37.76271],[-122.38651,37.76292],[-122.38678,37.763134],[-122.387314,37.763134],[-122.388115,37.763767],[-122.38785,37.76398],[-122.387314,37.76398],[-122.38705,37.76419],[-122.38705,37.764614],[-122.38599,37.76546],[-122.38592,37.765884],[-122.38538,37.76758],[-122.38485,37.76885],[-122.38465,37.769855],[-122.384384,37.77012],[-122.38465,37.770386],[-122.38592,37.77139],[-122.38465,37.773243],[-122.384384,37.773506],[-122.384384,37.77393],[-122.38465,37.774143],[-122.385185,37.774143],[-122.386246,37.774197],[-122.385185,37.77536],[-122.38485,37.775623],[-122.38485,37.776047],[-122.385185,37.776314],[-122.387314,37.776737],[-122.38998,37.776737],[-122.38945,37.777477],[-122.38838,37.7779],[-122.38751,37.778587],[-122.38572,37.78129],[-122.38538,37.78155],[-122.38538,37.781975],[-122.385185,37.78256],[-122.38485,37.78282],[-122.385185,37.78309],[-122.38751,37.78367],[-122.38572,37.785522],[-122.38545,37.785786],[-122.385185,37.786423],[-122.38465,37.786423],[-122.384315,37.786633],[-122.384315,37.787056],[-122.38465,37.787323],[-122.38599,37.787903],[-122.386246,37.78817],[-122.38572,37.789333],[-122.38545,37.7896],[-122.38572,37.789864],[-122.38678,37.789864],[-122.38858,37.790447],[-122.389114,37.791294],[-122.39178,37.793835],[-122.393715,37.79738],[-122.392845,37.79807],[-122.39318,37.798332],[-122.39424,37.798756],[-122.39584,37.800766],[-122.39551,37.801033],[-122.39584,37.801296],[-122.39638,37.801296],[-122.397446,37.800873],[-122.398506,37.80246],[-122.397644,37.80315],[-122.397644,37.803574],[-122.39818,37.80442],[-122.398506,37.804684],[-122.39904,37.804684],[-122.40011,37.80426],[-122.40031,37.804844],[-122.40031,37.807384],[-122.40064,37.807648],[-122.4017,37.807224],[-122.403305,37.806324],[-122.40357,37.806538],[-122.40384,37.8068],[-122.40404,37.807808],[-122.4035,37.808655],[-122.40384,37.808918],[-122.40437,37.808918],[-122.4047,37.808655],[-122.405235,37.807808],[-122.40617,37.8095],[-122.4065,37.809765],[-122.40684,37.8095],[-122.40884,37.80908],[-122.409904,37.809925],[-122.409966,37.81035],[-122.41023,37.81056],[-122.41077,37.810135],[-122.4111,37.809925],[-122.4129,37.80934],[-122.41343,37.80934],[-122.4137,37.80908],[-122.41396,37.80844],[-122.4145,37.80844],[-122.414764,37.80823],[-122.414764,37.807808],[-122.41503,37.807594],[-122.415565,37.807594],[-122.4161,37.808018],[-122.41663,37.808018],[-122.41716,37.80807],[-122.417366,37.80823],[-122.417694,37.80844],[-122.4193,37.807594],[-122.41983,37.80717],[-122.42089,37.80717],[-122.42116,37.80696],[-122.42116,37.806114],[-122.421425,37.8059],[-122.42196,37.8059],[-122.42276,37.805267],[-122.42249,37.805054],[-122.421425,37.805054],[-122.420364,37.804207],[-122.41983,37.80463],[-122.417694,37.80463],[-122.41716,37.804207],[-122.4161,37.804207],[-122.41583,37.80442],[-122.41583,37.804844],[-122.415565,37.805054],[-122.41503,37.805054],[-122.414764,37.804844],[-122.4153,37.80442],[-122.41503,37.804207],[-122.4145,37.804207],[-122.41423,37.803997],[-122.41423,37.80188],[-122.415565,37.80082],[-122.4161,37.801243],[-122.41716,37.800396],[-122.417694,37.800396],[-122.418495,37.799763],[-122.418495,37.79934],[-122.41876,37.799126],[-122.4193,37.79955],[-122.41956,37.79934],[-122.41956,37.798916],[-122.4193,37.798702],[-122.417694,37.798702],[-122.41716,37.79828],[-122.41663,37.798702],[-122.415565,37.797855],[-122.41503,37.79828],[-122.4145,37.79828],[-122.41423,37.79807],[-122.41423,37.797222],[-122.41503,37.796585],[-122.415565,37.796585],[-122.41583,37.796375],[-122.41583,37.79553],[-122.4161,37.795315],[-122.41663,37.79574],[-122.41689,37.79553],[-122.41689,37.795105],[-122.41716,37.79489],[-122.417694,37.79489],[-122.41823,37.795315],[-122.418495,37.795105],[-122.418495,37.79426],[-122.41876,37.794044],[-122.4193,37.794044],[-122.41983,37.794468],[-122.42089,37.79362],[-122.421425,37.79362],[-122.42169,37.79341],[-122.42169,37.79214],[-122.42089,37.791504],[-122.420364,37.791504],[-122.41983,37.79108],[-122.4193,37.79108],[-122.41876,37.791504],[-122.41823,37.791504],[-122.41796,37.791294],[-122.41796,37.79087],[-122.417694,37.790657],[-122.41716,37.790657],[-122.41689,37.790447],[-122.41743,37.790024],[-122.41743,37.789177],[-122.41823,37.78854],[-122.4193,37.78854],[-122.420364,37.789387],[-122.42089,37.788963],[-122.42116,37.789177],[-122.42116,37.7896],[-122.421425,37.78981],[-122.42196,37.78981],[-122.42249,37.790234],[-122.42303,37.790234],[-122.423294,37.790024],[-122.423294,37.789177],[-122.42356,37.788963],[-122.42462,37.788963],[-122.425156,37.789387],[-122.42569,37.789387],[-122.42596,37.789177],[-122.42596,37.788326],[-122.42622,37.788116],[-122.42676,37.788116],[-122.42729,37.787693],[-122.427826,37.787693],[-122.42836,37.788116],[-122.42889,37.788116],[-122.42969,37.78748],[-122.42969,37.787056],[-122.429955,37.786846],[-122.43049,37.786846],[-122.430756,37.786633],[-122.43022,37.78621],[-122.43022,37.785786],[-122.43049,37.785576],[-122.43156,37.786423],[-122.43209,37.786],[-122.43262,37.786],[-122.43315,37.786423],[-122.43342,37.78621],[-122.43342,37.785786],[-122.433685,37.785576],[-122.43422,37.785576],[-122.43449,37.785362],[-122.43449,37.78494],[-122.43502,37.784515],[-122.43502,37.784092],[-122.435555,37.78367],[-122.43529,37.78346],[-122.43475,37.78346],[-122.43422,37.783035],[-122.43315,37.783035],[-122.432884,37.78282],[-122.432884,37.7824],[-122.43262,37.78219],[-122.43209,37.78261],[-122.43156,37.78261],[-122.43102,37.78219],[-122.43049,37.78261],[-122.42942,37.78261],[-122.42889,37.78219],[-122.42836,37.78261],[-122.42809,37.7824],[-122.42809,37.781975],[-122.42729,37.78134],[-122.42676,37.781765],[-122.425156,37.781765],[-122.42489,37.78155],[-122.42489,37.781128],[-122.42462,37.78092],[-122.42356,37.78092],[-122.423294,37.780704],[-122.423294,37.78028],[-122.42356,37.78007],[-122.424095,37.78007],[-122.42436,37.779858],[-122.42356,37.779224],[-122.42303,37.779224],[-122.42276,37.77901],[-122.42276,37.778164],[-122.42383,37.777317],[-122.42383,37.776894],[-122.424095,37.776684],[-122.42462,37.776684],[-122.42489,37.77647],[-122.42489,37.776047],[-122.42542,37.775623],[-122.42542,37.7752],[-122.42649,37.774353],[-122.42622,37.774143],[-122.42569,37.774567],[-122.42542,37.774353],[-122.42542,37.77393],[-122.42596,37.773506],[-122.42569,37.773296],[-122.425156,37.773296],[-122.42489,37.773083],[-122.42489,37.772236],[-122.42436,37.771812],[-122.42436,37.770966],[-122.424095,37.770756],[-122.42356,37.77118],[-122.42276,37.770542],[-122.423294,37.77012],[-122.423294,37.768425],[-122.42356,37.768215],[-122.42462,37.768215],[-122.42489,37.768425],[-122.42489,37.769695],[-122.42569,37.770332],[-122.42622,37.770332],[-122.42676,37.770756],[-122.42729,37.770756],[-122.42836,37.771603],[-122.42889,37.771603],[-122.42942,37.77118],[-122.42969,37.77139],[-122.42969,37.773083],[-122.43102,37.774143],[-122.43156,37.774143],[-122.43182,37.77393],[-122.43129,37.773506],[-122.43129,37.770542],[-122.43156,37.770332],[-122.43262,37.770332],[-122.433685,37.77118],[-122.43449,37.770542],[-122.43449,37.77012],[-122.435555,37.76927],[-122.43422,37.768215],[-122.433685,37.768215],[-122.43342,37.768],[-122.43395,37.76758],[-122.43395,37.767155],[-122.43342,37.76673],[-122.43342,37.766308],[-122.433685,37.766098],[-122.43582,37.766098],[-122.43609,37.765884],[-122.43609,37.76546],[-122.43715,37.764614],[-122.43715,37.76419],[-122.43768,37.763767],[-122.43715,37.763344],[-122.437416,37.763134],[-122.43902,37.763134],[-122.439285,37.76292],[-122.439285,37.762497],[-122.43875,37.762074],[-122.439285,37.76165],[-122.438484,37.761017],[-122.43795,37.76144],[-122.43768,37.761227],[-122.43768,37.76038]]]]}},{"type":"Feature","properties":{"contour":30},"geometry":{"type":"MultiPolygon","coordinates":[[[[-122.41383,37.728622],[-122.41259,37.728622],[-122.411964,37.729115],[-122.41134,37.729115],[-122.41072,37.72961],[-122.40947,37.728622],[-122.408226,37.728622],[-122.40729,37.72788],[-122.40729,37.72639],[-122.40666,37.725895],[-122.40666,37.7254],[-122.40635,37.72515],[-122.405106,37.72515],[-122.40479,37.724903],[-122.40479,37.72342],[-122.40448,37.72317],[-122.40324,37.72317],[-122.40292,37.722923],[-122.40292,37.722427],[-122.40261,37.72218],[-122.401985,37.72218],[-122.40167,37.72193],[-122.40167,37.721436],[-122.4023,37.72094],[-122.401985,37.72069],[-122.40136,37.72069],[-122.40105,37.720444],[-122.40105,37.719948],[-122.40074,37.7197],[-122.400116,37.7197],[-122.3998,37.719948],[-122.40043,37.720444],[-122.40043,37.72193],[-122.40105,37.722427],[-122.3998,37.72342],[-122.3998,37.72391],[-122.400116,37.72416],[-122.40074,37.72416],[-122.40167,37.724903],[-122.40167,37.725895],[-122.40043,37.726887],[-122.40043,37.729362],[-122.40074,37.72961],[-122.401985,37.72961],[-122.4023,37.72986],[-122.4023,37.730354],[-122.40167,37.73085],[-122.40167,37.731346],[-122.401985,37.731594],[-122.40324,37.731594],[-122.40354,37.731842],[-122.40354,37.732834],[-122.40324,37.73308],[-122.40261,37.73308],[-122.401985,37.733578],[-122.40136,37.733578],[-122.39918,37.73531],[-122.39918,37.735806],[-122.398865,37.736053],[-122.39825,37.735558],[-122.397934,37.735806],[-122.397934,37.736797],[-122.39825,37.737045],[-122.398865,37.737045],[-122.400116,37.736053],[-122.40074,37.736053],[-122.40136,37.73655],[-122.401985,37.736053],[-122.40261,37.73655],[-122.40324,37.73655],[-122.40354,37.7363],[-122.40354,37.735806],[-122.403854,37.735558],[-122.405106,37.735558],[-122.40573,37.73506],[-122.40635,37.73506],[-122.40729,37.735806],[-122.40729,37.7363],[-122.4076,37.73655],[-122.408226,37.73655],[-122.40853,37.7363],[-122.40853,37.735806],[-122.40791,37.73531],[-122.40916,37.734318],[-122.40916,37.73333],[-122.40947,37.73308],[-122.41134,37.73308],[-122.41165,37.732834],[-122.41165,37.732338],[-122.41259,37.731594],[-122.41383,37.731594],[-122.41415,37.731346],[-122.41352,37.73085],[-122.41571,37.729115],[-122.416016,37.729362],[-122.416016,37.72986],[-122.41633,37.730106],[-122.41664,37.72986],[-122.41664,37.729362],[-122.41727,37.72887],[-122.41633,37.728127],[-122.41571,37.728127],[-122.4154,37.728374],[-122.4154,37.72887],[-122.415085,37.729115],[-122.41446,37.729115],[-122.41383,37.728622]]],[[[-122.43785,37.760086],[-122.43785,37.75959],[-122.43754,37.759342],[-122.43691,37.759342],[-122.43629,37.75885],[-122.43567,37.75885],[-122.435356,37.758602],[-122.435356,37.75761],[-122.43504,37.757362],[-122.43442,37.757362],[-122.434105,37.75761],[-122.434105,37.758602],[-122.43349,37.759098],[-122.43349,37.760086],[-122.43255,37.76083],[-122.43192,37.76083],[-122.43161,37.761078],[-122.43161,37.761574],[-122.4313,37.76182],[-122.43068,37.76182],[-122.43037,37.76207],[-122.43037,37.76306],[-122.43005,37.76331],[-122.42943,37.76331],[-122.429115,37.76306],[-122.429115,37.762566],[-122.4288,37.762318],[-122.428185,37.762318],[-122.42787,37.762566],[-122.42787,37.76306],[-122.427246,37.763557],[-122.427246,37.764053],[-122.42693,37.764297],[-122.42631,37.764297],[-122.42569,37.764793],[-122.425064,37.764793],[-122.42475,37.764545],[-122.42475,37.76306],[-122.42444,37.762814],[-122.42381,37.762814],[-122.4235,37.762566],[-122.4235,37.76207],[-122.42257,37.761326],[-122.4207,37.761326],[-122.42039,37.761078],[-122.4207,37.76083],[-122.42132,37.76083],[-122.42163,37.760582],[-122.421005,37.760086],[-122.421005,37.758106],[-122.4207,37.75786],[-122.41945,37.75786],[-122.419136,37.75761],[-122.419136,37.757114],[-122.41851,37.75662],[-122.41945,37.755875],[-122.420074,37.755875],[-122.42039,37.755627],[-122.42039,37.754635],[-122.42132,37.753895],[-122.42194,37.753895],[-122.42226,37.753647],[-122.42226,37.752655],[-122.42257,37.752407],[-122.423195,37.752407],[-122.4235,37.75216],[-122.4235,37.751663],[-122.423195,37.751415],[-122.42194,37.751415],[-122.42163,37.751167],[-122.42163,37.75067],[-122.4207,37.749928],[-122.420074,37.749928],[-122.41976,37.74968],[-122.41976,37.74869],[-122.418205,37.74745],[-122.416016,37.749184],[-122.41664,37.74968],[-122.41571,37.750423],[-122.415085,37.750423],[-122.41477,37.750175],[-122.41477,37.74968],[-122.4154,37.749184],[-122.4154,37.74869],[-122.416016,37.748196],[-122.415085,37.74745],[-122.41446,37.747948],[-122.41383,37.747948],[-122.41352,37.7477],[-122.41415,37.747204],[-122.413216,37.74646],[-122.4129,37.746708],[-122.4129,37.747204],[-122.41228,37.7477],[-122.41228,37.749184],[-122.411026,37.750175],[-122.411026,37.75067],[-122.41041,37.751167],[-122.411026,37.751663],[-122.411026,37.75216],[-122.41072,37.752407],[-122.410095,37.752407],[-122.40978,37.752655],[-122.40978,37.75315],[-122.410095,37.7534],[-122.41134,37.7534],[-122.41165,37.753647],[-122.411026,37.754143],[-122.41165,37.754635],[-122.41134,37.754883],[-122.41072,37.754883],[-122.410095,37.75538],[-122.40947,37.75538],[-122.40916,37.755627],[-122.40916,37.756123],[-122.41041,37.757114],[-122.41041,37.758106],[-122.410095,37.758354],[-122.408844,37.758354],[-122.40853,37.758602],[-122.40853,37.75959],[-122.408226,37.75984],[-122.4076,37.75984],[-122.406975,37.759342],[-122.40666,37.75959],[-122.40666,37.761574],[-122.40635,37.76182],[-122.40542,37.761078],[-122.40604,37.760582],[-122.40542,37.760086],[-122.40542,37.759098],[-122.405106,37.75885],[-122.40448,37.75885],[-122.40354,37.758106],[-122.40354,37.757114],[-122.40417,37.75662],[-122.403854,37.75637],[-122.40324,37.75637],[-122.4023,37.755627],[-122.40324,37.754883],[-122.403854,37.754883],[-122.40417,37.754635],[-122.40417,37.754143],[-122.403854,37.753895],[-122.40324,37.753895],[-122.40292,37.753647],[-122.40292,37.75315],[-122.40261,37.752903],[-122.40074,37.752903],[-122.40043,37.75315],[-122.40043,37.753647],[-122.400116,37.753895],[-122.39949,37.7534],[-122.39918,37.753647],[-122.39918,37.754143],[-122.39855,37.754635],[-122.39918,37.75513],[-122.39918,37.756123],[-122.39825,37.756866],[-122.39762,37.756866],[-122.396996,37.75637],[-122.39637,37.75637],[-122.39606,37.756123],[-122.39606,37.755627],[-122.39575,37.75538],[-122.39513,37.755875],[-122.39419,37.75513],[-122.39481,37.754635],[-122.39481,37.754143],[-122.3945,37.753895],[-122.393875,37.753895],[-122.39356,37.753647],[-122.39356,37.75315],[-122.39419,37.752655],[-122.39263,37.751415],[-122.392006,37.751415],[-122.39138,37.75092],[-122.39014,37.75092],[-122.389824,37.751167],[-122.389824,37.751663],[-122.38857,37.752655],[-122.38857,37.75315],[-122.38827,37.7534],[-122.38764,37.7534],[-122.3867,37.754143],[-122.3867,37.754635],[-122.38546,37.755627],[-122.38608,37.756123],[-122.38546,37.75662],[-122.38546,37.757114],[-122.38515,37.757362],[-122.38452,37.757362],[-122.383896,37.75786],[-122.38328,37.75786],[-122.382965,37.758106],[-122.383896,37.75885],[-122.38452,37.75885],[-122.38515,37.758354],[-122.38577,37.758354],[-122.38608,37.758602],[-122.38608,37.759098],[-122.38577,37.759342],[-122.38515,37.759342],[-122.384834,37.75959],[-122.384834,37.760086],[-122.38452,37.760334],[-122.383896,37.760334],[-122.38358,37.760582],[-122.383896,37.76083],[-122.38452,37.76083],[-122.384834,37.761078],[-122.384834,37.761574],[-122.38608,37.762566],[-122.38608,37.76306],[-122.38639,37.76337],[-122.38639,37.764793],[-122.386,37.76504],[-122.385376,37.76752],[-122.38476,37.768513],[-122.38452,37.769688],[-122.38421,37.769997],[-122.38452,37.77031],[-122.386,37.771484],[-122.38452,37.773155],[-122.38358,37.773964],[-122.383896,37.77421],[-122.38452,37.774273],[-122.38515,37.77514],[-122.38476,37.775448],[-122.38476,37.775944],[-122.38515,37.776253],[-122.38764,37.77675],[-122.38951,37.77762],[-122.38764,37.778114],[-122.38725,37.778423],[-122.38577,37.78158],[-122.385376,37.78189],[-122.38515,37.782574],[-122.38476,37.782883],[-122.38515,37.78319],[-122.3867,37.785854],[-122.38639,37.785545],[-122.38452,37.785545],[-122.38413,37.785854],[-122.38413,37.787342],[-122.38452,37.78765],[-122.38639,37.788147],[-122.38577,37.789013],[-122.38546,37.789326],[-122.38577,37.789635],[-122.3885,37.790314],[-122.38912,37.791306],[-122.39224,37.79428],[-122.393486,37.795765],[-122.39411,37.797253],[-122.39326,37.79744],[-122.39286,37.79775],[-122.393875,37.798553],[-122.3945,37.798553],[-122.39575,37.800907],[-122.395355,37.801216],[-122.39575,37.801525],[-122.39637,37.801525],[-122.398476,37.801216],[-122.399254,37.802704],[-122.398865,37.802395],[-122.39785,37.8032],[-122.398476,37.80419],[-122.398865,37.8045],[-122.400116,37.804005],[-122.400345,37.804684],[-122.400345,37.807163],[-122.40074,37.807472],[-122.40136,37.807472],[-122.40222,37.80766],[-122.40261,37.80797],[-122.40409,37.80766],[-122.403465,37.80865],[-122.403854,37.80896],[-122.40448,37.80896],[-122.40596,37.809643],[-122.40635,37.80995],[-122.40674,37.809643],[-122.40908,37.809147],[-122.409706,37.810135],[-122.40978,37.811127],[-122.410095,37.811375],[-122.41134,37.811375],[-122.41173,37.811127],[-122.41111,37.810135],[-122.411964,37.809456],[-122.413216,37.809456],[-122.41446,37.80896],[-122.415085,37.8089],[-122.41633,37.808403],[-122.41672,37.808155],[-122.41719,37.808155],[-122.41758,37.808403],[-122.418205,37.808464],[-122.41945,37.808403],[-122.420074,37.807907],[-122.4207,37.807907],[-122.42194,37.806915],[-122.42257,37.806915],[-122.423195,37.80642],[-122.42381,37.80642],[-122.42444,37.805923],[-122.425064,37.805923],[-122.42538,37.805676],[-122.42538,37.804684],[-122.426,37.80419],[-122.425064,37.803448],[-122.42475,37.803696],[-122.42475,37.804684],[-122.42444,37.80493],[-122.423195,37.803944],[-122.42288,37.80419],[-122.42288,37.80518],[-122.42257,37.805428],[-122.42226,37.80518],[-122.42226,37.804684],[-122.42194,37.80444],[-122.42132,37.80444],[-122.421005,37.80419],[-122.421005,37.803696],[-122.4207,37.803448],[-122.420074,37.803448],[-122.41976,37.803696],[-122.41976,37.80419],[-122.41945,37.80444],[-122.41882,37.80444],[-122.41851,37.80419],[-122.41851,37.803696],[-122.418205,37.803448],[-122.416954,37.803448],[-122.41633,37.80295],[-122.41571,37.803448],[-122.415085,37.803448],[-122.41477,37.8032],[-122.4154,37.802704],[-122.4154,37.802208],[-122.41571,37.80196],[-122.41633,37.80196],[-122.41664,37.801712],[-122.41664,37.80072],[-122.416954,37.800472],[-122.41758,37.80097],[-122.41882,37.799976],[-122.41945,37.800472],[-122.4207,37.799484],[-122.42132,37.799484],[-122.42194,37.79899],[-122.42257,37.79899],[-122.42288,37.79874],[-122.42257,37.798492],[-122.42194,37.798492],[-122.42132,37.797997],[-122.4207,37.798492],[-122.41945,37.798492],[-122.41882,37.797997],[-122.41758,37.797997],[-122.416954,37.7975],[-122.41633,37.7975],[-122.416016,37.797253],[-122.416016,37.796757],[-122.416954,37.796013],[-122.418205,37.796013],[-122.41851,37.79626],[-122.41851,37.796757],[-122.41882,37.797005],[-122.419136,37.796757],[-122.419136,37.79626],[-122.41851,37.795765],[-122.41851,37.79527],[-122.41882,37.79502],[-122.41945,37.79502],[-122.420074,37.79453],[-122.42132,37.79453],[-122.42163,37.79428],[-122.42163,37.793785],[-122.42257,37.79304],[-122.423195,37.793537],[-122.42538,37.7918],[-122.425064,37.791553],[-122.42381,37.791553],[-122.42288,37.79081],[-122.4235,37.790314],[-122.42288,37.789818],[-122.423195,37.78957],[-122.42631,37.78957],[-122.42662,37.789326],[-122.42662,37.78883],[-122.42756,37.788086],[-122.42787,37.788334],[-122.42787,37.78883],[-122.428185,37.789078],[-122.42943,37.789078],[-122.42974,37.78883],[-122.42974,37.788334],[-122.4313,37.787094],[-122.43192,37.78759],[-122.43255,37.787094],[-122.433174,37.787094],[-122.43349,37.786846],[-122.43349,37.78635],[-122.43442,37.785606],[-122.43504,37.785606],[-122.435356,37.78536],[-122.435356,37.784863],[-122.43598,37.78437],[-122.43598,37.78338],[-122.43504,37.782635],[-122.43442,37.782635],[-122.43379,37.78313],[-122.433174,37.78313],[-122.43286,37.782883],[-122.43286,37.78189],[-122.43255,37.781643],[-122.43192,37.78214],[-122.43005,37.78214],[-122.42974,37.78189],[-122.42974,37.781395],[-122.42943,37.781147],[-122.428185,37.781147],[-122.42787,37.7809],[-122.428185,37.78065],[-122.4288,37.78065],[-122.429115,37.780403],[-122.429115,37.779907],[-122.43005,37.779167],[-122.4313,37.779167],[-122.43192,37.77966],[-122.432236,37.77941],[-122.432236,37.77892],[-122.43255,37.77867],[-122.433174,37.77867],[-122.43349,37.778423],[-122.43192,37.777184],[-122.4313,37.777184],[-122.43099,37.77743],[-122.43099,37.777927],[-122.43005,37.77867],[-122.4288,37.77867],[-122.4285,37.778423],[-122.4285,37.777927],[-122.428185,37.77768],[-122.42756,37.77768],[-122.42631,37.776688],[-122.426,37.776936],[-122.426,37.77743],[-122.425064,37.778175],[-122.42444,37.778175],[-122.4235,37.77743],[-122.42381,37.777184],[-122.42444,37.777184],[-122.42475,37.776936],[-122.42475,37.77644],[-122.42569,37.775696],[-122.42631,37.775696],[-122.42662,37.775448],[-122.42662,37.773964],[-122.426,37.773468],[-122.426,37.772972],[-122.42631,37.772724],[-122.42693,37.772724],[-122.42756,37.77322],[-122.428185,37.772724],[-122.4288,37.77322],[-122.42943,37.772724],[-122.42974,37.772972],[-122.42974,37.774456],[-122.43099,37.775448],[-122.43099,37.775944],[-122.4313,37.77619],[-122.43161,37.775944],[-122.43161,37.772476],[-122.43192,37.77223],[-122.43255,37.77223],[-122.433174,37.771732],[-122.43379,37.771732],[-122.435356,37.770493],[-122.435356,37.769997],[-122.4366,37.76901],[-122.43598,37.768513],[-122.43598,37.76752],[-122.43567,37.767273],[-122.43442,37.767273],[-122.434105,37.767025],[-122.43442,37.766777],[-122.43567,37.766777],[-122.43785,37.76504],[-122.43785,37.763557],[-122.43816,37.76331],[-122.43878,37.76331],[-122.43941,37.763805],[-122.43972,37.763557],[-122.439095,37.76306],[-122.440346,37.76207],[-122.440346,37.761078],[-122.44003,37.76083],[-122.43941,37.76083],[-122.43878,37.760334],[-122.43816,37.760334],[-122.43785,37.760086]]]]}},{"type":"Feature","properties":{"contour":31},"geometry":{"type":"MultiPolygon","coordinates":[[[[-122.407875,37.725918],[-122.40863,37.725315],[-122.40863,37.72471],[-122.40825,37.724407],[-122.40749,37.725014],[-122.40521,37.725014],[-122.40483,37.72471],[-122.40483,37.724106],[-122.405594,37.723503],[-122.405594,37.7229],[-122.40521,37.7226],[-122.40446,37.7226],[-122.403694,37.721992],[-122.40294,37.721992],[-122.40256,37.72169],[-122.403694,37.720787],[-122.40446,37.72139],[-122.405594,37.720486],[-122.40521,37.720184],[-122.40294,37.720184],[-122.402176,37.720787],[-122.40142,37.720787],[-122.40104,37.720486],[-122.40104,37.719276],[-122.400276,37.718674],[-122.401794,37.717464],[-122.40142,37.717163],[-122.40066,37.717163],[-122.3999,37.71656],[-122.39876,37.717464],[-122.39952,37.71807],[-122.39952,37.71988],[-122.400276,37.720486],[-122.400276,37.722294],[-122.3999,37.7226],[-122.39914,37.7226],[-122.39876,37.7229],[-122.39876,37.724106],[-122.39914,37.724407],[-122.40066,37.724407],[-122.401794,37.725315],[-122.40142,37.725616],[-122.40066,37.725616],[-122.39952,37.72652],[-122.39952,37.727123],[-122.400276,37.72773],[-122.400276,37.730145],[-122.40066,37.730446],[-122.40142,37.72984],[-122.401794,37.730145],[-122.401794,37.730747],[-122.40104,37.73135],[-122.40104,37.731953],[-122.39876,37.733765],[-122.39876,37.735577],[-122.39762,37.73648],[-122.3961,37.73648],[-122.39572,37.736782],[-122.39572,37.73739],[-122.3961,37.73769],[-122.39762,37.73769],[-122.398384,37.737083],[-122.3999,37.737083],[-122.40066,37.73648],[-122.40142,37.73648],[-122.402176,37.737083],[-122.40294,37.737083],[-122.40446,37.735878],[-122.405975,37.735878],[-122.40636,37.73618],[-122.40636,37.736782],[-122.40673,37.737083],[-122.40825,37.737083],[-122.40939,37.73618],[-122.40939,37.734974],[-122.41015,37.734367],[-122.41015,37.733765],[-122.41053,37.733463],[-122.411285,37.733463],[-122.41243,37.73256],[-122.41243,37.731953],[-122.4128,37.73165],[-122.41357,37.732254],[-122.4147,37.73135],[-122.4147,37.730145],[-122.415085,37.72984],[-122.41585,37.72984],[-122.4166,37.730446],[-122.416985,37.730145],[-122.416985,37.728935],[-122.41774,37.728333],[-122.417366,37.72803],[-122.4166,37.72803],[-122.4128,37.72803],[-122.41205,37.728634],[-122.411285,37.728634],[-122.41053,37.72803],[-122.40901,37.72803],[-122.407875,37.727123],[-122.407875,37.725918]]],[[[-122.3999,37.7063],[-122.39952,37.7066],[-122.39952,37.707203],[-122.39914,37.707504],[-122.398384,37.707504],[-122.398,37.70781],[-122.39952,37.709015],[-122.39952,37.709618],[-122.39914,37.70992],[-122.398384,37.70992],[-122.398,37.71022],[-122.398,37.710827],[-122.39952,37.712032],[-122.39952,37.712635],[-122.40066,37.713543],[-122.40256,37.712032],[-122.401794,37.71143],[-122.40256,37.710827],[-122.40256,37.705997],[-122.402176,37.705696],[-122.40142,37.7063],[-122.3999,37.7063]]],[[[-122.435585,37.757008],[-122.4352,37.756702],[-122.4352,37.7561],[-122.43483,37.7558],[-122.43407,37.7558],[-122.433685,37.7561],[-122.433685,37.756702],[-122.43293,37.75731],[-122.43293,37.75791],[-122.433304,37.758213],[-122.43407,37.758213],[-122.43445,37.758514],[-122.43407,37.758816],[-122.433304,37.758816],[-122.43293,37.759117],[-122.43293,37.759724],[-122.43255,37.760025],[-122.431786,37.760025],[-122.43141,37.760326],[-122.43141,37.76093],[-122.42951,37.76244],[-122.42875,37.761833],[-122.42799,37.761833],[-122.42686,37.76274],[-122.42686,37.763344],[-122.426476,37.763645],[-122.42496,37.763645],[-122.424576,37.763344],[-122.424576,37.76214],[-122.424194,37.761833],[-122.42344,37.761833],[-122.422295,37.76093],[-122.422295,37.760326],[-122.42078,37.759117],[-122.42116,37.758816],[-122.42192,37.758816],[-122.422295,37.758514],[-122.42192,37.758213],[-122.42116,37.758213],[-122.42002,37.75731],[-122.42002,37.7561],[-122.4204,37.7558],[-122.42116,37.7558],[-122.422295,37.754894],[-122.422295,37.754288],[-122.42306,37.753685],[-122.42306,37.753082],[-122.424576,37.751873],[-122.42344,37.75097],[-122.422676,37.75097],[-122.42078,37.74946],[-122.42154,37.748856],[-122.42116,37.748554],[-122.4204,37.748554],[-122.42002,37.748253],[-122.42002,37.74765],[-122.41926,37.747044],[-122.41964,37.746742],[-122.4204,37.746742],[-122.42154,37.74584],[-122.42116,37.745537],[-122.41964,37.745537],[-122.418884,37.744934],[-122.41774,37.74584],[-122.41774,37.74765],[-122.417366,37.74795],[-122.41585,37.74795],[-122.41547,37.74765],[-122.41547,37.747044],[-122.41357,37.745537],[-122.413185,37.74584],[-122.413185,37.74644],[-122.41243,37.747044],[-122.41243,37.74765],[-122.41205,37.74795],[-122.411285,37.74795],[-122.41091,37.748253],[-122.41091,37.750065],[-122.40939,37.75127],[-122.40939,37.75248],[-122.40863,37.753082],[-122.40901,37.753384],[-122.40977,37.753384],[-122.41015,37.753685],[-122.41015,37.754894],[-122.40901,37.7558],[-122.40749,37.7558],[-122.40711,37.755497],[-122.40711,37.753685],[-122.407875,37.753082],[-122.40673,37.75218],[-122.405975,37.75218],[-122.40483,37.753082],[-122.405594,37.753685],[-122.40521,37.753986],[-122.403694,37.753986],[-122.40256,37.753082],[-122.40256,37.75127],[-122.40331,37.750668],[-122.40331,37.750065],[-122.40294,37.749763],[-122.402176,37.750366],[-122.3999,37.750366],[-122.39952,37.750668],[-122.39952,37.75127],[-122.400276,37.751873],[-122.400276,37.75248],[-122.3999,37.75278],[-122.39914,37.75278],[-122.39876,37.753082],[-122.39876,37.754288],[-122.398384,37.754593],[-122.39762,37.754593],[-122.39724,37.754894],[-122.39724,37.7561],[-122.396866,37.7564],[-122.3961,37.7564],[-122.39572,37.7561],[-122.396484,37.755497],[-122.396484,37.754894],[-122.3961,37.754593],[-122.39534,37.754593],[-122.3942,37.753685],[-122.39572,37.75248],[-122.39534,37.75218],[-122.39382,37.75218],[-122.39307,37.75157],[-122.3923,37.75157],[-122.39155,37.75097],[-122.38927,37.75097],[-122.38889,37.75127],[-122.38889,37.751873],[-122.38509,37.754894],[-122.38509,37.7561],[-122.38585,37.756702],[-122.38585,37.75731],[-122.385475,37.75761],[-122.383194,37.75761],[-122.38206,37.758514],[-122.38244,37.758816],[-122.383194,37.758816],[-122.383575,37.759117],[-122.383575,37.76153],[-122.38396,37.76191],[-122.38509,37.763344],[-122.385475,37.76372],[-122.38576,37.765156],[-122.38424,37.769985],[-122.38443,37.773003],[-122.38396,37.7727],[-122.38281,37.773605],[-122.383575,37.77421],[-122.38396,37.774586],[-122.385475,37.77504],[-122.385,37.775417],[-122.385,37.77602],[-122.385475,37.776398],[-122.38927,37.777454],[-122.38775,37.778057],[-122.387276,37.778435],[-122.38623,37.78168],[-122.385,37.78266],[-122.385475,37.78304],[-122.387276,37.783867],[-122.38471,37.7853],[-122.38424,37.78568],[-122.38424,37.78689],[-122.385,37.788094],[-122.385475,37.78847],[-122.385475,37.788925],[-122.385,37.789303],[-122.385475,37.78968],[-122.38804,37.79051],[-122.39183,37.794132],[-122.39307,37.797375],[-122.39259,37.797752],[-122.39307,37.79813],[-122.394585,37.798733],[-122.396385,37.79896],[-122.396385,37.80077],[-122.396866,37.801147],[-122.398384,37.801147],[-122.398384,37.802807],[-122.3979,37.803185],[-122.3979,37.804394],[-122.398384,37.80477],[-122.39914,37.80477],[-122.400185,37.804996],[-122.400185,37.80741],[-122.40066,37.80779],[-122.40246,37.80741],[-122.40294,37.80779],[-122.403984,37.80843],[-122.403984,37.808617],[-122.40446,37.808994],[-122.40465,37.80884],[-122.40626,37.809826],[-122.40673,37.810204],[-122.4072,37.809826],[-122.409294,37.809223],[-122.40977,37.8096],[-122.41357,37.8096],[-122.41537,37.809223],[-122.41585,37.809525],[-122.41622,37.809223],[-122.41622,37.808617],[-122.4166,37.808315],[-122.417366,37.808315],[-122.41812,37.80839],[-122.41964,37.80839],[-122.42116,37.808315],[-122.42163,37.808014],[-122.42344,37.80711],[-122.42571,37.806507],[-122.426094,37.806206],[-122.426094,37.80379],[-122.42534,37.803185],[-122.42534,37.80198],[-122.42496,37.801678],[-122.424194,37.801678],[-122.42381,37.80198],[-122.42381,37.80258],[-122.424576,37.803185],[-122.424576,37.80379],[-122.424194,37.804092],[-122.42344,37.803486],[-122.422676,37.804092],[-122.42192,37.803486],[-122.42116,37.803486],[-122.41964,37.80228],[-122.41926,37.80258],[-122.41926,37.803185],[-122.418884,37.803486],[-122.41812,37.802883],[-122.417366,37.803486],[-122.416985,37.803185],[-122.416985,37.80198],[-122.417366,37.801678],[-122.41812,37.801678],[-122.4185,37.801376],[-122.4185,37.80077],[-122.418884,37.80047],[-122.41964,37.80107],[-122.4204,37.80047],[-122.42116,37.80047],[-122.42154,37.800167],[-122.42154,37.799564],[-122.42192,37.799263],[-122.422676,37.799263],[-122.42344,37.798656],[-122.42496,37.798656],[-122.42534,37.798355],[-122.42496,37.798054],[-122.422676,37.798054],[-122.42192,37.79745],[-122.4204,37.79745],[-122.41964,37.798054],[-122.41926,37.797752],[-122.41926,37.796547],[-122.4185,37.79594],[-122.418884,37.79564],[-122.4204,37.79564],[-122.42078,37.795338],[-122.42078,37.794735],[-122.42116,37.794434],[-122.42344,37.794434],[-122.42381,37.794132],[-122.42306,37.793526],[-122.42344,37.793224],[-122.42496,37.793224],[-122.42534,37.792923],[-122.42534,37.79232],[-122.426094,37.791718],[-122.426094,37.789906],[-122.426476,37.789604],[-122.42875,37.789604],[-122.43103,37.787792],[-122.431786,37.787792],[-122.43255,37.788395],[-122.43407,37.788395],[-122.43445,37.788094],[-122.433685,37.78749],[-122.4352,37.78628],[-122.4352,37.78568],[-122.435585,37.785378],[-122.43787,37.785378],[-122.43862,37.784775],[-122.439384,37.784775],[-122.44014,37.785378],[-122.44128,37.784473],[-122.44128,37.78206],[-122.44014,37.78115],[-122.439384,37.78115],[-122.43862,37.781757],[-122.43787,37.781757],[-122.437485,37.78206],[-122.437485,37.783264],[-122.4371,37.783566],[-122.43635,37.783566],[-122.43407,37.781757],[-122.433685,37.78206],[-122.433685,37.783264],[-122.433304,37.783566],[-122.43293,37.783264],[-122.43293,37.781452],[-122.43255,37.78115],[-122.43027,37.78115],[-122.42989,37.78085],[-122.42989,37.779644],[-122.43027,37.779343],[-122.431786,37.78055],[-122.43293,37.779644],[-122.43293,37.779037],[-122.433304,37.778736],[-122.43407,37.778736],[-122.43445,37.778435],[-122.43445,37.777832],[-122.43407,37.77753],[-122.43255,37.77753],[-122.43217,37.77723],[-122.43217,37.774815],[-122.433685,37.773605],[-122.43293,37.773003],[-122.43293,37.7724],[-122.433304,37.7721],[-122.43407,37.7721],[-122.43445,37.771797],[-122.43445,37.77119],[-122.43483,37.77089],[-122.435585,37.77089],[-122.437485,37.769382],[-122.437485,37.768776],[-122.43672,37.768173],[-122.43672,37.76636],[-122.4371,37.76606],[-122.43787,37.76606],[-122.43824,37.76576],[-122.437485,37.765156],[-122.43824,37.764553],[-122.43824,37.763947],[-122.43862,37.763645],[-122.439384,37.763645],[-122.44128,37.76214],[-122.44128,37.76093],[-122.4409,37.760628],[-122.44014,37.760628],[-122.43862,37.75942],[-122.43787,37.75942],[-122.43672,37.758514],[-122.43672,37.75731],[-122.43635,37.757008],[-122.435585,37.757008]]],[[[-122.29284,37.802883],[-122.29246,37.803185],[-122.29246,37.804394],[-122.2917,37.804996],[-122.2917,37.806206],[-122.29322,37.80741],[-122.29322,37.808014],[-122.2936,37.808315],[-122.29436,37.807713],[-122.29512,37.808315],[-122.295876,37.807713],[-122.29739,37.807713],[-122.29929,37.806206],[-122.29929,37.8056],[-122.29816,37.804695],[-122.297775,37.804394],[-122.297775,37.803185],[-122.29739,37.802883],[-122.29512,37.802883],[-122.29436,37.80228],[-122.2936,37.802883],[-122.29284,37.802883]]]]}},{"type":"Feature","properties":{"contour":32},"geometry":{"type":"MultiPolygon","coordinates":[[[[-122.43075,37.731182],[-122.43075,37.731804],[-122.42996,37.732426],[-122.42996,37.73367],[-122.43075,37.73429],[-122.43075,37.734913],[-122.43114,37.73522],[-122.43349,37.73522],[-122.434265,37.735844],[-122.43505,37.73522],[-122.43583,37.73522],[-122.437004,37.73429],[-122.437004,37.731804],[-122.436615,37.73149],[-122.434265,37.73149],[-122.43349,37.732113],[-122.43309,37.731804],[-122.43309,37.731182],[-122.4327,37.73087],[-122.43114,37.73087],[-122.43075,37.731182]]],[[[-122.40885,37.72683],[-122.40885,37.725586],[-122.40964,37.724964],[-122.40924,37.724655],[-122.40611,37.724655],[-122.40572,37.724342],[-122.40572,37.722477],[-122.404945,37.721855],[-122.40572,37.721233],[-122.40572,37.71999],[-122.40455,37.71906],[-122.40377,37.71968],[-122.40221,37.71968],[-122.40182,37.719368],[-122.40182,37.717503],[-122.40103,37.71688],[-122.40103,37.71626],[-122.40025,37.715637],[-122.40025,37.71502],[-122.39986,37.714706],[-122.39869,37.715637],[-122.39869,37.71688],[-122.39947,37.717503],[-122.39947,37.721855],[-122.39908,37.722168],[-122.39829,37.722168],[-122.3979,37.722477],[-122.3979,37.72372],[-122.39947,37.724964],[-122.39947,37.725586],[-122.3979,37.72683],[-122.39947,37.728073],[-122.39947,37.728695],[-122.39869,37.729317],[-122.39947,37.72994],[-122.39947,37.73056],[-122.40025,37.731182],[-122.40025,37.731804],[-122.3979,37.73367],[-122.3979,37.734913],[-122.39673,37.735844],[-122.39595,37.735844],[-122.39517,37.73522],[-122.39439,37.73522],[-122.394,37.73553],[-122.394,37.736153],[-122.39321,37.736774],[-122.39361,37.737087],[-122.39439,37.737087],[-122.39517,37.73771],[-122.397514,37.73771],[-122.39829,37.737087],[-122.39908,37.737087],[-122.39986,37.73771],[-122.40025,37.737396],[-122.40025,37.736774],[-122.40064,37.736465],[-122.40103,37.736774],[-122.40103,37.737396],[-122.40142,37.73771],[-122.40221,37.737087],[-122.402985,37.737087],[-122.40455,37.735844],[-122.405334,37.735844],[-122.40572,37.736153],[-122.40572,37.736774],[-122.40651,37.737396],[-122.40611,37.73771],[-122.405334,37.73771],[-122.404945,37.738018],[-122.404945,37.739883],[-122.40572,37.740505],[-122.40572,37.741127],[-122.40416,37.74237],[-122.40416,37.744236],[-122.40455,37.74455],[-122.405334,37.74455],[-122.40572,37.744236],[-122.40572,37.743614],[-122.40651,37.742992],[-122.40651,37.74237],[-122.40729,37.74175],[-122.40729,37.741127],[-122.40768,37.740818],[-122.40846,37.740818],[-122.40924,37.740196],[-122.41003,37.740196],[-122.410416,37.739883],[-122.40885,37.73864],[-122.40885,37.737396],[-122.40807,37.736774],[-122.40846,37.736465],[-122.40924,37.736465],[-122.40964,37.736153],[-122.40964,37.734913],[-122.41237,37.732735],[-122.413155,37.732735],[-122.41472,37.73149],[-122.4155,37.73149],[-122.41785,37.729626],[-122.418625,37.729626],[-122.41941,37.730247],[-122.421364,37.728695],[-122.42019,37.72776],[-122.4198,37.728073],[-122.41941,37.728382],[-122.418625,37.728382],[-122.41706,37.72714],[-122.4155,37.72714],[-122.41472,37.72776],[-122.41003,37.72776],[-122.40885,37.72683]]],[[[-122.39908,37.706],[-122.3979,37.706936],[-122.3979,37.710045],[-122.397125,37.710667],[-122.39869,37.71191],[-122.39869,37.713154],[-122.39986,37.714085],[-122.40064,37.713463],[-122.40142,37.713463],[-122.40182,37.713776],[-122.40103,37.714397],[-122.40142,37.714706],[-122.402596,37.713776],[-122.402596,37.713154],[-122.40338,37.712532],[-122.40338,37.71129],[-122.402596,37.710667],[-122.402596,37.710045],[-122.40338,37.709423],[-122.402596,37.7088],[-122.402596,37.707558],[-122.40338,37.706936],[-122.40338,37.706314],[-122.402985,37.706],[-122.40221,37.70538],[-122.40064,37.70538],[-122.39986,37.706],[-122.39908,37.706]]],[[[-122.43857,37.780914],[-122.43817,37.781227],[-122.43739,37.781227],[-122.436615,37.78185],[-122.43505,37.78185],[-122.43309,37.780293],[-122.43544,37.778427],[-122.43309,37.77656],[-122.43309,37.77408],[-122.43349,37.773766],[-122.434265,37.773766],[-122.434654,37.773457],[-122.434654,37.772213],[-122.43505,37.7719],[-122.43583,37.7719],[-122.43622,37.77159],[-122.43622,37.77097],[-122.436615,37.770657],[-122.43739,37.770657],[-122.43778,37.770348],[-122.437004,37.769726],[-122.43739,37.769413],[-122.43817,37.769413],[-122.43857,37.769104],[-122.43778,37.768482],[-122.43778,37.76786],[-122.43857,37.76724],[-122.43778,37.766617],[-122.43857,37.765995],[-122.43778,37.765373],[-122.439735,37.76382],[-122.44052,37.76382],[-122.44091,37.763508],[-122.44091,37.762886],[-122.441696,37.762264],[-122.441696,37.7604],[-122.4413,37.76009],[-122.44052,37.76009],[-122.439735,37.759468],[-122.43896,37.759468],[-122.437004,37.75791],[-122.437004,37.75729],[-122.43622,37.756668],[-122.43622,37.756046],[-122.43583,37.755737],[-122.43505,37.755737],[-122.434654,37.755424],[-122.434654,37.754807],[-122.43544,37.754185],[-122.434654,37.753563],[-122.434654,37.75294],[-122.434265,37.75263],[-122.433876,37.75294],[-122.433876,37.753563],[-122.43309,37.754185],[-122.43309,37.754807],[-122.433876,37.755424],[-122.43309,37.756046],[-122.433876,37.756668],[-122.43231,37.75791],[-122.43231,37.759155],[-122.431526,37.759777],[-122.431526,37.7604],[-122.43114,37.76071],[-122.43036,37.76071],[-122.42957,37.761333],[-122.428795,37.76071],[-122.42801,37.76071],[-122.42762,37.76102],[-122.42762,37.762264],[-122.42723,37.762577],[-122.426445,37.762577],[-122.42488,37.76382],[-122.42449,37.763508],[-122.42449,37.76102],[-122.4241,37.76071],[-122.42254,37.76071],[-122.42214,37.7604],[-122.42214,37.75729],[-122.42175,37.75698],[-122.420975,37.75698],[-122.42058,37.756668],[-122.42214,37.755424],[-122.42214,37.754185],[-122.42254,37.753872],[-122.4241,37.753872],[-122.42449,37.753563],[-122.423706,37.75294],[-122.42527,37.751698],[-122.42488,37.751385],[-122.42332,37.751385],[-122.42293,37.751076],[-122.423706,37.750454],[-122.421364,37.74859],[-122.421364,37.74548],[-122.42019,37.74455],[-122.41785,37.74455],[-122.41667,37.74548],[-122.41667,37.746723],[-122.41628,37.747032],[-122.4155,37.74641],[-122.41472,37.74641],[-122.413155,37.74517],[-122.4112,37.746723],[-122.4112,37.747345],[-122.410416,37.747967],[-122.410416,37.749832],[-122.40924,37.750763],[-122.40846,37.750763],[-122.40807,37.751076],[-122.40885,37.751698],[-122.40846,37.752007],[-122.4069,37.752007],[-122.40611,37.751385],[-122.40572,37.751698],[-122.40572,37.75232],[-122.405334,37.75263],[-122.402985,37.75263],[-122.402596,37.75232],[-122.402596,37.751698],[-122.40338,37.751076],[-122.40338,37.749832],[-122.402985,37.74952],[-122.40221,37.75014],[-122.39986,37.75014],[-122.39908,37.750763],[-122.397514,37.750763],[-122.397125,37.751076],[-122.3979,37.751698],[-122.3979,37.754185],[-122.397514,37.754494],[-122.39673,37.754494],[-122.39595,37.753872],[-122.39517,37.753872],[-122.394775,37.753563],[-122.39517,37.75325],[-122.39595,37.75325],[-122.39634,37.75294],[-122.39634,37.75232],[-122.39595,37.752007],[-122.39361,37.752007],[-122.39282,37.751385],[-122.392044,37.751385],[-122.39165,37.751076],[-122.392044,37.750763],[-122.39282,37.750763],[-122.39321,37.750454],[-122.39321,37.749832],[-122.39282,37.74952],[-122.392044,37.75014],[-122.39126,37.75014],[-122.39008,37.74921],[-122.39008,37.74859],[-122.388916,37.747654],[-122.38813,37.747654],[-122.38735,37.747578],[-122.386566,37.747578],[-122.385,37.7482],[-122.384224,37.748276],[-122.38383,37.74859],[-122.38461,37.74921],[-122.38461,37.749832],[-122.386955,37.751698],[-122.386955,37.75232],[-122.38461,37.754185],[-122.38461,37.754807],[-122.38383,37.755424],[-122.38383,37.756046],[-122.38461,37.756668],[-122.38461,37.75729],[-122.384224,37.757603],[-122.381874,37.757603],[-122.381485,37.75791],[-122.381485,37.759155],[-122.38305,37.7604],[-122.38305,37.761642],[-122.38344,37.76203],[-122.3853,37.762886],[-122.38579,37.763275],[-122.38608,37.765373],[-122.3853,37.766617],[-122.3853,37.77097],[-122.38344,37.772446],[-122.38266,37.772446],[-122.381874,37.772522],[-122.381485,37.772835],[-122.38226,37.773457],[-122.38226,37.77408],[-122.38266,37.774387],[-122.38344,37.774464],[-122.385,37.774933],[-122.384514,37.775322],[-122.384514,37.77594],[-122.385,37.77633],[-122.38735,37.77695],[-122.38813,37.77804],[-122.38764,37.778427],[-122.38579,37.78177],[-122.385,37.78239],[-122.38461,37.78278],[-122.385,37.78317],[-122.385,37.7855],[-122.384514,37.78589],[-122.384514,37.787132],[-122.38579,37.78923],[-122.3853,37.78962],[-122.38579,37.79001],[-122.386566,37.79001],[-122.38999,37.792107],[-122.39311,37.795216],[-122.39311,37.7977],[-122.39439,37.79871],[-122.39624,37.798943],[-122.39624,37.800808],[-122.39673,37.801197],[-122.39829,37.802906],[-122.397804,37.803295],[-122.400154,37.807026],[-122.40064,37.807415],[-122.402985,37.807415],[-122.4038,37.808064],[-122.40328,37.80889],[-122.40377,37.80928],[-122.40455,37.80928],[-122.404945,37.808968],[-122.40611,37.809902],[-122.4069,37.809902],[-122.40739,37.809513],[-122.40924,37.80928],[-122.415794,37.809513],[-122.41628,37.809822],[-122.41667,37.809513],[-122.41667,37.80889],[-122.41736,37.80827],[-122.41785,37.80858],[-122.418625,37.80866],[-122.41941,37.80866],[-122.42049,37.80889],[-122.420975,37.8092],[-122.421364,37.80889],[-122.42146,37.80827],[-122.42332,37.807415],[-122.42518,37.807026],[-122.42567,37.807335],[-122.426056,37.807026],[-122.426056,37.805782],[-122.426834,37.80516],[-122.426834,37.80454],[-122.42762,37.803917],[-122.42723,37.803608],[-122.426445,37.803608],[-122.426056,37.803295],[-122.426834,37.802673],[-122.426834,37.80205],[-122.426445,37.801743],[-122.42567,37.801743],[-122.42488,37.80112],[-122.4241,37.80112],[-122.42175,37.802986],[-122.420975,37.802986],[-122.42019,37.802364],[-122.418625,37.802364],[-122.418236,37.80205],[-122.418625,37.801743],[-122.42019,37.801743],[-122.421364,37.800808],[-122.421364,37.800186],[-122.42175,37.799877],[-122.42254,37.799877],[-122.42332,37.799255],[-122.4241,37.799877],[-122.42488,37.799877],[-122.42527,37.799564],[-122.42527,37.798943],[-122.426056,37.79832],[-122.42567,37.79801],[-122.42488,37.79801],[-122.4241,37.79739],[-122.42175,37.79739],[-122.42058,37.796455],[-122.42058,37.795834],[-122.420975,37.795525],[-122.42175,37.795525],[-122.42254,37.794903],[-122.42332,37.794903],[-122.423706,37.794594],[-122.423706,37.793972],[-122.4241,37.79366],[-122.42488,37.79366],[-122.426056,37.79273],[-122.426056,37.792107],[-122.42723,37.791172],[-122.42801,37.791172],[-122.4284,37.790863],[-122.4284,37.79024],[-122.429184,37.78962],[-122.429184,37.788998],[-122.42957,37.788685],[-122.4327,37.788685],[-122.43309,37.788998],[-122.43309,37.78962],[-122.434265,37.79055],[-122.434654,37.79024],[-122.434654,37.788376],[-122.43544,37.787754],[-122.43544,37.78589],[-122.436615,37.784958],[-122.43739,37.78558],[-122.43817,37.78558],[-122.43857,37.785267],[-122.43857,37.784645],[-122.43896,37.784336],[-122.43935,37.784645],[-122.43935,37.78589],[-122.439735,37.786198],[-122.441696,37.784645],[-122.441696,37.784023],[-122.442085,37.783714],[-122.44286,37.783714],[-122.44404,37.78278],[-122.44365,37.78247],[-122.44286,37.78247],[-122.442085,37.78185],[-122.44052,37.78185],[-122.44013,37.781536],[-122.44013,37.780914],[-122.43896,37.779984],[-122.43857,37.780293],[-122.43857,37.780914]]],[[[-122.297424,37.801743],[-122.296646,37.802364],[-122.29508,37.802364],[-122.2943,37.801743],[-122.29352,37.802364],[-122.29273,37.802364],[-122.291565,37.803295],[-122.291565,37.803917],[-122.29117,37.80423],[-122.29039,37.803608],[-122.289604,37.803608],[-122.289215,37.803917],[-122.29039,37.80485],[-122.29117,37.80485],[-122.291565,37.80516],[-122.29078,37.805782],[-122.291565,37.806404],[-122.291565,37.807648],[-122.291954,37.807957],[-122.29273,37.807957],[-122.29313,37.80827],[-122.29313,37.80889],[-122.29352,37.8092],[-122.2943,37.8092],[-122.29508,37.80858],[-122.296646,37.80858],[-122.29899,37.806713],[-122.299774,37.806713],[-122.30055,37.806713],[-122.30094,37.806404],[-122.30016,37.805782],[-122.30016,37.80454],[-122.29781,37.802673],[-122.29781,37.80205],[-122.297424,37.801743]]]]}},{"type":"Feature","properties":{"contour":33},"geometry":{"type":"MultiPolygon","coordinates":[[[[-122.429756,37.73121],[-122.429756,37.73247],[-122.42896,37.7331],[-122.42896,37.734364],[-122.429756,37.734993],[-122.429756,37.735622],[-122.43015,37.73594],[-122.43095,37.73531],[-122.43174,37.73531],[-122.43253,37.73594],[-122.43333,37.73594],[-122.43411,37.73657],[-122.434906,37.73594],[-122.4357,37.73594],[-122.43848,37.73373],[-122.43808,37.733418],[-122.43729,37.733418],[-122.43689,37.7331],[-122.43768,37.73247],[-122.43768,37.73121],[-122.43729,37.730892],[-122.43649,37.730892],[-122.4357,37.731525],[-122.43411,37.731525],[-122.43253,37.730263],[-122.43095,37.730263],[-122.429756,37.73121]]],[[[-122.421425,37.72774],[-122.42063,37.72774],[-122.41984,37.727108],[-122.41746,37.727108],[-122.416664,37.72648],[-122.41508,37.72648],[-122.41428,37.727108],[-122.41349,37.727108],[-122.4119,37.72837],[-122.40992,37.726795],[-122.40992,37.72301],[-122.40952,37.722694],[-122.40873,37.722694],[-122.407936,37.723324],[-122.40635,37.723324],[-122.40595,37.72301],[-122.40595,37.72112],[-122.40635,37.720802],[-122.407936,37.720802],[-122.40873,37.720173],[-122.40952,37.720173],[-122.40992,37.719856],[-122.40992,37.718594],[-122.40952,37.71828],[-122.40873,37.71828],[-122.407936,37.71891],[-122.40476,37.71891],[-122.40397,37.71954],[-122.403175,37.71954],[-122.40278,37.719227],[-122.40278,37.717964],[-122.40357,37.717335],[-122.40357,37.7167],[-122.403175,37.71639],[-122.40238,37.71702],[-122.4012,37.716072],[-122.4012,37.71481],[-122.401596,37.714497],[-122.40238,37.714497],[-122.40278,37.71418],[-122.40278,37.71355],[-122.40357,37.712917],[-122.40357,37.712288],[-122.404366,37.71166],[-122.404366,37.710396],[-122.40397,37.71008],[-122.403175,37.71008],[-122.40278,37.709766],[-122.40278,37.70724],[-122.40357,37.70661],[-122.40278,37.705982],[-122.40278,37.70535],[-122.4008,37.703773],[-122.39961,37.70472],[-122.39961,37.70535],[-122.399216,37.705666],[-122.39842,37.705666],[-122.39723,37.70661],[-122.39723,37.70724],[-122.39644,37.707874],[-122.39723,37.708504],[-122.39723,37.709133],[-122.39644,37.709766],[-122.39644,37.710396],[-122.39723,37.711025],[-122.39723,37.71166],[-122.398026,37.712288],[-122.398026,37.712917],[-122.39961,37.71418],[-122.399216,37.714497],[-122.39842,37.714497],[-122.398026,37.71481],[-122.398026,37.715443],[-122.39882,37.716072],[-122.39882,37.717335],[-122.39961,37.717964],[-122.39961,37.719856],[-122.39882,37.720486],[-122.39882,37.72175],[-122.39842,37.722065],[-122.39763,37.722065],[-122.39723,37.722378],[-122.39723,37.72301],[-122.39882,37.72427],[-122.39882,37.725533],[-122.398026,37.726162],[-122.398026,37.728687],[-122.39882,37.729317],[-122.39882,37.73247],[-122.39842,37.732784],[-122.39763,37.732784],[-122.39723,37.7331],[-122.39723,37.734993],[-122.396835,37.73531],[-122.39366,37.73531],[-122.393265,37.734993],[-122.39406,37.734364],[-122.39366,37.734047],[-122.39287,37.734047],[-122.39247,37.734364],[-122.39247,37.734993],[-122.39168,37.735622],[-122.392075,37.73594],[-122.39287,37.73594],[-122.393265,37.736256],[-122.393265,37.736885],[-122.39366,37.7372],[-122.394455,37.7372],[-122.39485,37.737514],[-122.39485,37.738148],[-122.39525,37.73846],[-122.39604,37.73846],[-122.396835,37.73783],[-122.39763,37.73783],[-122.39842,37.73846],[-122.399216,37.73783],[-122.401596,37.73783],[-122.40238,37.7372],[-122.403175,37.7372],[-122.40476,37.73594],[-122.405556,37.73594],[-122.40595,37.736256],[-122.40595,37.736885],[-122.404366,37.738148],[-122.404366,37.738777],[-122.40516,37.739407],[-122.40516,37.7413],[-122.40476,37.741615],[-122.403175,37.741615],[-122.40278,37.741932],[-122.40278,37.743824],[-122.40397,37.74477],[-122.40635,37.74477],[-122.406746,37.744453],[-122.40595,37.743824],[-122.40595,37.74319],[-122.40754,37.741932],[-122.40754,37.7413],[-122.40873,37.740353],[-122.41032,37.740353],[-122.41071,37.74004],[-122.41071,37.738777],[-122.40952,37.73783],[-122.40873,37.73846],[-122.40833,37.738148],[-122.40833,37.736885],[-122.40873,37.73657],[-122.40952,37.73657],[-122.40992,37.736256],[-122.40992,37.735622],[-122.41071,37.734993],[-122.41071,37.734364],[-122.4127,37.732784],[-122.41349,37.732784],[-122.41428,37.732155],[-122.41508,37.732155],[-122.415474,37.73184],[-122.415474,37.73121],[-122.41587,37.730892],[-122.41984,37.730892],[-122.421425,37.729633],[-122.426186,37.729633],[-122.427376,37.728687],[-122.42698,37.72837],[-122.426186,37.72774],[-122.42539,37.72837],[-122.4246,37.72837],[-122.423805,37.72774],[-122.42301,37.72774],[-122.42222,37.727108],[-122.421425,37.72774]]],[[[-122.44165,37.781033],[-122.44125,37.780716],[-122.44046,37.780716],[-122.43927,37.77977],[-122.43927,37.77851],[-122.44006,37.77788],[-122.44006,37.77725],[-122.43887,37.776302],[-122.43808,37.776302],[-122.43768,37.77662],[-122.43768,37.77851],[-122.43848,37.77914],[-122.43848,37.77977],[-122.43729,37.780716],[-122.434906,37.780716],[-122.433716,37.77977],[-122.43411,37.779457],[-122.434906,37.779457],[-122.4353,37.77914],[-122.4353,37.77725],[-122.434906,37.776936],[-122.43411,37.777565],[-122.433716,37.77725],[-122.433716,37.77662],[-122.43451,37.77599],[-122.43451,37.775356],[-122.433716,37.774727],[-122.433716,37.774097],[-122.43451,37.773464],[-122.43451,37.772835],[-122.434906,37.77252],[-122.4357,37.77315],[-122.4361,37.772835],[-122.4361,37.772205],[-122.43649,37.77189],[-122.43729,37.77189],[-122.43848,37.770943],[-122.43848,37.770313],[-122.43927,37.76968],[-122.43927,37.76842],[-122.43848,37.767788],[-122.43848,37.76716],[-122.43887,37.76684],[-122.43967,37.76684],[-122.44006,37.76653],[-122.44006,37.764637],[-122.44046,37.76432],[-122.44125,37.76432],[-122.44165,37.764004],[-122.44165,37.763374],[-122.44324,37.76211],[-122.44324,37.761482],[-122.442444,37.760853],[-122.442444,37.76022],[-122.44205,37.759907],[-122.44046,37.759907],[-122.44006,37.75959],[-122.44006,37.75896],[-122.43967,37.758644],[-122.43887,37.758644],[-122.43848,37.758327],[-122.43848,37.757698],[-122.43689,37.756435],[-122.43689,37.755806],[-122.4353,37.754543],[-122.4361,37.753914],[-122.4353,37.753284],[-122.4353,37.75265],[-122.43451,37.75202],[-122.43451,37.75076],[-122.43411,37.750446],[-122.433716,37.75076],[-122.433716,37.75202],[-122.43293,37.75265],[-122.43293,37.755177],[-122.433716,37.755806],[-122.433716,37.756435],[-122.43333,37.756752],[-122.43253,37.756123],[-122.43214,37.756435],[-122.43214,37.757698],[-122.43134,37.758327],[-122.43214,37.75896],[-122.43095,37.759907],[-122.43015,37.759907],[-122.429756,37.76022],[-122.429756,37.760853],[-122.42936,37.761166],[-122.42896,37.760853],[-122.42896,37.76022],[-122.428566,37.759907],[-122.426186,37.7618],[-122.42539,37.7618],[-122.42341,37.76022],[-122.42341,37.75896],[-122.4242,37.758327],[-122.423805,37.758015],[-122.42301,37.758015],[-122.42182,37.75707],[-122.42182,37.756435],[-122.42341,37.755177],[-122.42341,37.754543],[-122.42658,37.75202],[-122.426186,37.751705],[-122.42539,37.751705],[-122.4242,37.75076],[-122.4242,37.75013],[-122.42341,37.7495],[-122.42341,37.748867],[-122.42301,37.748554],[-122.42222,37.748554],[-122.42103,37.74761],[-122.42103,37.746975],[-122.421425,37.746662],[-122.42222,37.746662],[-122.422615,37.746346],[-122.42182,37.745716],[-122.42182,37.743824],[-122.42222,37.743507],[-122.42301,37.743507],[-122.42341,37.74319],[-122.42341,37.74256],[-122.4242,37.741932],[-122.42341,37.7413],[-122.4242,37.74067],[-122.42341,37.74004],[-122.4242,37.739407],[-122.4242,37.737514],[-122.423805,37.7372],[-122.42341,37.737514],[-122.42341,37.739407],[-122.42301,37.739723],[-122.42222,37.739723],[-122.42103,37.74067],[-122.42103,37.7413],[-122.420235,37.741932],[-122.420235,37.74319],[-122.419044,37.744137],[-122.41746,37.744137],[-122.41627,37.745083],[-122.41627,37.746346],[-122.41587,37.746662],[-122.415474,37.746346],[-122.415474,37.745716],[-122.41428,37.74477],[-122.41349,37.74477],[-122.41111,37.746662],[-122.41032,37.746662],[-122.40992,37.746975],[-122.40992,37.74761],[-122.40913,37.748238],[-122.40913,37.7495],[-122.40992,37.75013],[-122.40952,37.750446],[-122.40873,37.750446],[-122.407936,37.751076],[-122.40714,37.751076],[-122.40635,37.750446],[-122.40595,37.75076],[-122.40595,37.751392],[-122.405556,37.751705],[-122.40476,37.751705],[-122.40397,37.75234],[-122.40278,37.751392],[-122.40357,37.75076],[-122.40357,37.75013],[-122.403175,37.749813],[-122.40238,37.750446],[-122.39842,37.750446],[-122.39763,37.751076],[-122.396835,37.751076],[-122.39525,37.75234],[-122.394455,37.75234],[-122.393265,37.751392],[-122.393265,37.7495],[-122.39287,37.749184],[-122.392075,37.749184],[-122.39128,37.749813],[-122.390884,37.7495],[-122.390884,37.748238],[-122.39049,37.74792],[-122.389694,37.74792],[-122.3889,37.747845],[-122.38652,37.747845],[-122.38493,37.748474],[-122.38454,37.748867],[-122.38454,37.75013],[-122.38533,37.75076],[-122.38533,37.751392],[-122.38573,37.751705],[-122.38652,37.751705],[-122.38692,37.75202],[-122.38533,37.753284],[-122.38533,37.753914],[-122.38493,37.75423],[-122.38414,37.75423],[-122.38295,37.755177],[-122.38295,37.755806],[-122.38374,37.756435],[-122.38374,37.75707],[-122.38335,37.75738],[-122.38176,37.75738],[-122.38126,37.757698],[-122.38126,37.75959],[-122.38176,37.759907],[-122.38295,37.76022],[-122.38216,37.760853],[-122.38255,37.761246],[-122.38295,37.76211],[-122.38335,37.76251],[-122.38523,37.763374],[-122.38573,37.763767],[-122.386024,37.765266],[-122.38523,37.76716],[-122.38523,37.770313],[-122.386024,37.771572],[-122.38335,37.77244],[-122.38255,37.77244],[-122.38176,37.77252],[-122.38136,37.772835],[-122.38126,37.773464],[-122.38126,37.774727],[-122.38176,37.77512],[-122.38255,37.775043],[-122.38493,37.774963],[-122.38444,37.775356],[-122.38444,37.77599],[-122.38493,37.776382],[-122.38811,37.77812],[-122.38761,37.77851],[-122.38573,37.78127],[-122.38523,37.781662],[-122.38652,37.78269],[-122.38493,37.785683],[-122.38444,37.78608],[-122.38444,37.78734],[-122.38573,37.788364],[-122.38573,37.788837],[-122.38523,37.78923],[-122.38573,37.789627],[-122.38652,37.789627],[-122.388405,37.790493],[-122.390785,37.793015],[-122.39396,37.79617],[-122.39475,37.79806],[-122.395546,37.801216],[-122.39604,37.80161],[-122.39842,37.80271],[-122.39793,37.80311],[-122.39793,37.804367],[-122.39842,37.804764],[-122.399216,37.804764],[-122.40031,37.805],[-122.40031,37.80752],[-122.4008,37.807915],[-122.40268,37.80752],[-122.403175,37.807915],[-122.40367,37.80752],[-122.40427,37.80752],[-122.40476,37.807915],[-122.40526,37.80752],[-122.40585,37.809414],[-122.40635,37.809807],[-122.406845,37.809414],[-122.40903,37.809414],[-122.40982,37.810677],[-122.41032,37.81107],[-122.4119,37.809807],[-122.416664,37.809807],[-122.41746,37.80973],[-122.41795,37.809414],[-122.41746,37.808548],[-122.42063,37.808548],[-122.42222,37.807915],[-122.42539,37.807285],[-122.426186,37.807285],[-122.42658,37.806892],[-122.426186,37.805946],[-122.42698,37.805946],[-122.427376,37.80563],[-122.427376,37.802475],[-122.42658,37.801846],[-122.42658,37.801216],[-122.424995,37.799953],[-122.424995,37.799324],[-122.426186,37.798378],[-122.42698,37.799007],[-122.42817,37.79806],[-122.42698,37.797115],[-122.426186,37.797745],[-122.42539,37.797115],[-122.4246,37.797115],[-122.4242,37.7968],[-122.4242,37.794277],[-122.4246,37.79396],[-122.42539,37.79396],[-122.427376,37.792385],[-122.427376,37.791756],[-122.428566,37.79081],[-122.42936,37.79081],[-122.43095,37.789547],[-122.43174,37.789547],[-122.43253,37.790176],[-122.43333,37.790176],[-122.43411,37.79081],[-122.434906,37.79081],[-122.4361,37.789864],[-122.4353,37.78923],[-122.4353,37.7886],[-122.4361,37.78797],[-122.4361,37.78671],[-122.43729,37.785763],[-122.43768,37.78608],[-122.43768,37.78671],[-122.43808,37.787025],[-122.43967,37.787025],[-122.44006,37.78734],[-122.44006,37.78797],[-122.44125,37.788918],[-122.44165,37.7886],[-122.44165,37.78797],[-122.44086,37.78734],[-122.44086,37.78608],[-122.44324,37.784187],[-122.44324,37.783554],[-122.443634,37.78324],[-122.44681,37.78324],[-122.4476,37.78387],[-122.449585,37.782295],[-122.4476,37.780716],[-122.44681,37.780716],[-122.44641,37.781033],[-122.44641,37.781662],[-122.446014,37.78198],[-122.44125,37.78198],[-122.44086,37.781662],[-122.44165,37.781033]]],[[[-122.29887,37.80311],[-122.29887,37.802475],[-122.297676,37.80153],[-122.29688,37.802162],[-122.29609,37.802162],[-122.295296,37.80279],[-122.2945,37.80279],[-122.29371,37.802162],[-122.292915,37.802162],[-122.29212,37.80279],[-122.290535,37.80279],[-122.28974,37.80342],[-122.28895,37.80342],[-122.28855,37.803738],[-122.28895,37.804054],[-122.28974,37.804054],[-122.29014,37.804367],[-122.29014,37.80626],[-122.29093,37.806892],[-122.29093,37.80752],[-122.29371,37.80973],[-122.2945,37.809097],[-122.29609,37.809097],[-122.297676,37.80784],[-122.29926,37.80784],[-122.29966,37.80752],[-122.29966,37.806892],[-122.30006,37.806576],[-122.30125,37.80752],[-122.30125,37.80815],[-122.30164,37.808468],[-122.30244,37.808468],[-122.30283,37.80815],[-122.30204,37.80752],[-122.30283,37.806892],[-122.29966,37.804367],[-122.30045,37.803738],[-122.30006,37.80342],[-122.29926,37.80342],[-122.29887,37.80311]]]]}},{"type":"Feature","properties":{"contour":34},"geometry":{"type":"MultiPolygon","coordinates":[[[[-122.45984,37.745193],[-122.45984,37.745914],[-122.45938,37.746277],[-122.45848,37.745556],[-122.45576,37.745556],[-122.45486,37.744835],[-122.45395,37.745556],[-122.45213,37.745556],[-122.45168,37.745914],[-122.45213,37.746277],[-122.45395,37.746277],[-122.45486,37.746998],[-122.45576,37.746998],[-122.456215,37.747356],[-122.456215,37.74952],[-122.45757,37.7506],[-122.4612,37.7506],[-122.46165,37.75024],[-122.46165,37.748077],[-122.46075,37.747356],[-122.46075,37.746635],[-122.46165,37.745914],[-122.46029,37.744835],[-122.45984,37.745193]]],[[[-122.43491,37.73114],[-122.434006,37.73042],[-122.43129,37.73042],[-122.43038,37.7297],[-122.42902,37.730778],[-122.42902,37.73222],[-122.42721,37.73366],[-122.427666,37.734024],[-122.42857,37.734024],[-122.42902,37.734383],[-122.428116,37.735104],[-122.429474,37.736183],[-122.434006,37.736183],[-122.43446,37.736546],[-122.43446,37.737267],[-122.43491,37.737625],[-122.43537,37.737267],[-122.43537,37.736546],[-122.43673,37.735466],[-122.43854,37.735466],[-122.438995,37.735104],[-122.438995,37.734383],[-122.43809,37.73366],[-122.43809,37.7315],[-122.43673,37.73042],[-122.43582,37.73114],[-122.43491,37.73114]]],[[[-122.421776,37.727177],[-122.42132,37.727535],[-122.42042,37.727535],[-122.4186,37.726093],[-122.417694,37.726093],[-122.41679,37.726814],[-122.416336,37.726456],[-122.416336,37.725735],[-122.415886,37.725372],[-122.41498,37.726093],[-122.41407,37.726093],[-122.41362,37.726456],[-122.41362,37.727177],[-122.41316,37.727535],[-122.412254,37.727535],[-122.4109,37.726456],[-122.411804,37.725735],[-122.40999,37.724293],[-122.411354,37.72321],[-122.41316,37.72321],[-122.41362,37.72285],[-122.41362,37.72213],[-122.41316,37.721767],[-122.412254,37.721767],[-122.411354,37.72249],[-122.40682,37.72249],[-122.406364,37.72213],[-122.406364,37.72141],[-122.40772,37.72033],[-122.40863,37.721046],[-122.40954,37.721046],[-122.40999,37.720688],[-122.40999,37.719967],[-122.410446,37.71961],[-122.412254,37.71961],[-122.41271,37.719246],[-122.41271,37.718525],[-122.411354,37.717445],[-122.410446,37.717445],[-122.40954,37.718166],[-122.40682,37.718166],[-122.405914,37.718887],[-122.40501,37.718887],[-122.40456,37.718525],[-122.40456,37.717804],[-122.40274,37.716362],[-122.40274,37.71348],[-122.40456,37.71204],[-122.40456,37.709877],[-122.4041,37.709515],[-122.4032,37.709515],[-122.40274,37.709156],[-122.40274,37.70483],[-122.400475,37.70303],[-122.400024,37.70339],[-122.400024,37.70411],[-122.39776,37.705914],[-122.39685,37.705914],[-122.3964,37.706272],[-122.3964,37.707714],[-122.39549,37.708435],[-122.39549,37.709877],[-122.3964,37.710598],[-122.3964,37.71132],[-122.3973,37.71204],[-122.3973,37.71276],[-122.39776,37.71312],[-122.39867,37.71312],[-122.39912,37.71348],[-122.39867,37.71384],[-122.39776,37.71384],[-122.3973,37.7142],[-122.3973,37.71492],[-122.39821,37.71564],[-122.3973,37.716362],[-122.39776,37.716724],[-122.39867,37.716724],[-122.39912,37.717083],[-122.39912,37.718525],[-122.400024,37.719246],[-122.400024,37.719967],[-122.39867,37.721046],[-122.39776,37.721046],[-122.39685,37.721767],[-122.39594,37.721767],[-122.39549,37.72213],[-122.3973,37.72357],[-122.3973,37.725735],[-122.3964,37.726456],[-122.39685,37.726814],[-122.39776,37.726814],[-122.39821,37.727177],[-122.39821,37.727898],[-122.3973,37.728615],[-122.3973,37.729336],[-122.39821,37.730057],[-122.39821,37.730778],[-122.3973,37.7315],[-122.3973,37.73222],[-122.3964,37.73294],[-122.3973,37.73366],[-122.3973,37.735104],[-122.39685,37.735466],[-122.39594,37.735466],[-122.395035,37.734745],[-122.394135,37.734745],[-122.39368,37.734383],[-122.394585,37.73366],[-122.394135,37.733303],[-122.39323,37.733303],[-122.39232,37.734024],[-122.39141,37.734024],[-122.39005,37.73294],[-122.39005,37.73222],[-122.3896,37.73186],[-122.388245,37.73294],[-122.388695,37.733303],[-122.3896,37.733303],[-122.39005,37.73366],[-122.39005,37.735104],[-122.3905,37.735466],[-122.39141,37.734745],[-122.39187,37.735104],[-122.39187,37.735825],[-122.39096,37.736546],[-122.39141,37.736904],[-122.39232,37.736904],[-122.39277,37.737267],[-122.39277,37.737988],[-122.39323,37.738346],[-122.39368,37.737988],[-122.39368,37.737267],[-122.394135,37.736904],[-122.394585,37.737267],[-122.394585,37.73871],[-122.395035,37.739067],[-122.39594,37.739067],[-122.39685,37.739788],[-122.39776,37.739788],[-122.39821,37.73943],[-122.39821,37.737988],[-122.39867,37.737625],[-122.400475,37.737625],[-122.40138,37.738346],[-122.40183,37.737988],[-122.40183,37.737267],[-122.40229,37.736904],[-122.4032,37.736904],[-122.40501,37.735466],[-122.405464,37.735825],[-122.405464,37.737267],[-122.40501,37.737625],[-122.4041,37.737625],[-122.40365,37.737988],[-122.40365,37.74087],[-122.4032,37.74123],[-122.40229,37.74123],[-122.40183,37.741592],[-122.40274,37.742313],[-122.40274,37.744473],[-122.40365,37.745193],[-122.40365,37.745914],[-122.4041,37.746277],[-122.40501,37.745556],[-122.405914,37.745556],[-122.40727,37.744473],[-122.406364,37.74375],[-122.406364,37.742313],[-122.40727,37.741592],[-122.40727,37.74087],[-122.40772,37.74051],[-122.40863,37.74051],[-122.40954,37.74123],[-122.410446,37.74051],[-122.411354,37.74051],[-122.41271,37.73943],[-122.412254,37.739067],[-122.411354,37.739067],[-122.4109,37.73871],[-122.4109,37.737988],[-122.410446,37.737625],[-122.40863,37.737625],[-122.40818,37.737267],[-122.40818,37.736546],[-122.40863,37.736183],[-122.40954,37.736183],[-122.410446,37.735466],[-122.411354,37.735466],[-122.411804,37.735104],[-122.411804,37.734383],[-122.4109,37.73366],[-122.412254,37.732582],[-122.41498,37.732582],[-122.41543,37.73222],[-122.41543,37.7315],[-122.41679,37.73042],[-122.4186,37.73042],[-122.41951,37.73114],[-122.42042,37.73042],[-122.42132,37.73042],[-122.421776,37.730057],[-122.421776,37.729336],[-122.422226,37.728977],[-122.42404,37.728977],[-122.42585,37.73042],[-122.427666,37.728977],[-122.429474,37.728977],[-122.42993,37.728615],[-122.42993,37.727898],[-122.429474,37.727535],[-122.42857,37.727535],[-122.427666,37.728256],[-122.42676,37.728256],[-122.42585,37.727535],[-122.42404,37.727535],[-122.422226,37.726093],[-122.421776,37.726456],[-122.421776,37.727177]]],[[[-122.38416,37.738346],[-122.38507,37.738346],[-122.38552,37.73871],[-122.38552,37.74015],[-122.38461,37.74087],[-122.38461,37.741592],[-122.38552,37.742313],[-122.38552,37.74303],[-122.38734,37.744473],[-122.38688,37.744835],[-122.38598,37.744835],[-122.38552,37.745193],[-122.38552,37.746635],[-122.38598,37.747086],[-122.388695,37.747086],[-122.389145,37.746635],[-122.3896,37.744835],[-122.3905,37.744835],[-122.39096,37.744473],[-122.39096,37.74375],[-122.3905,37.743393],[-122.3896,37.742764],[-122.39005,37.742313],[-122.39005,37.73871],[-122.3896,37.738346],[-122.38779,37.738346],[-122.38688,37.737625],[-122.38643,37.737988],[-122.38598,37.738346],[-122.38416,37.736904],[-122.383255,37.736904],[-122.382805,37.737267],[-122.38416,37.738346]]],[[[-122.44715,37.780514],[-122.44669,37.780872],[-122.44579,37.780872],[-122.444885,37.781593],[-122.44307,37.781593],[-122.44126,37.78015],[-122.44035,37.78015],[-122.4399,37.779793],[-122.4399,37.77907],[-122.44171,37.77763],[-122.44035,37.77655],[-122.439445,37.77655],[-122.438995,37.776188],[-122.438995,37.775467],[-122.43854,37.77511],[-122.43627,37.77691],[-122.43627,37.77763],[-122.43582,37.777992],[-122.43537,37.77763],[-122.43537,37.775467],[-122.43446,37.774746],[-122.43446,37.774025],[-122.43491,37.773666],[-122.43764,37.773666],[-122.43809,37.773304],[-122.43809,37.771866],[-122.4399,37.770424],[-122.4399,37.76826],[-122.438995,37.76754],[-122.4399,37.76682],[-122.4399,37.766098],[-122.4408,37.765377],[-122.4408,37.764656],[-122.44126,37.764297],[-122.44216,37.765015],[-122.44262,37.764656],[-122.44171,37.763935],[-122.44353,37.762493],[-122.44353,37.76033],[-122.44216,37.75925],[-122.44126,37.75925],[-122.44035,37.75997],[-122.4399,37.75961],[-122.4399,37.75889],[-122.439445,37.75853],[-122.43854,37.75853],[-122.43809,37.758167],[-122.43809,37.75601],[-122.43718,37.755287],[-122.43718,37.754566],[-122.43537,37.753124],[-122.43537,37.75096],[-122.43446,37.75024],[-122.43446,37.74952],[-122.434006,37.74916],[-122.433556,37.74952],[-122.433556,37.75024],[-122.43265,37.75096],[-122.43265,37.752403],[-122.43174,37.753124],[-122.43174,37.753845],[-122.43084,37.754566],[-122.43174,37.755287],[-122.43084,37.75601],[-122.43174,37.75673],[-122.43174,37.757446],[-122.43129,37.75781],[-122.43038,37.75781],[-122.42993,37.758167],[-122.43084,37.75889],[-122.429474,37.75997],[-122.42857,37.75925],[-122.427666,37.75925],[-122.42721,37.75961],[-122.42721,37.76033],[-122.42585,37.761414],[-122.42449,37.76033],[-122.42449,37.758167],[-122.423584,37.757446],[-122.423584,37.755287],[-122.4254,37.753845],[-122.4254,37.753124],[-122.42721,37.751682],[-122.42676,37.75132],[-122.42585,37.75132],[-122.4254,37.75096],[-122.4254,37.75024],[-122.42449,37.74952],[-122.42449,37.7488],[-122.42404,37.74844],[-122.423134,37.74844],[-122.42268,37.748077],[-122.42268,37.747356],[-122.423584,37.746635],[-122.42268,37.745914],[-122.42268,37.74375],[-122.423134,37.743393],[-122.42404,37.743393],[-122.4254,37.742313],[-122.42449,37.741592],[-122.42449,37.737988],[-122.4254,37.737267],[-122.4254,37.735825],[-122.42494,37.735466],[-122.42404,37.735466],[-122.423584,37.735825],[-122.423584,37.736546],[-122.421776,37.737988],[-122.42268,37.73871],[-122.42268,37.73943],[-122.422226,37.739788],[-122.42132,37.739788],[-122.41996,37.74087],[-122.41996,37.741592],[-122.41905,37.742313],[-122.41905,37.74303],[-122.41679,37.744835],[-122.41407,37.744835],[-122.41362,37.744473],[-122.41362,37.74375],[-122.41316,37.743393],[-122.4109,37.745193],[-122.4109,37.745914],[-122.40818,37.748077],[-122.40818,37.74952],[-122.40909,37.75024],[-122.40863,37.7506],[-122.40501,37.7506],[-122.4041,37.75132],[-122.40365,37.75096],[-122.40365,37.75024],[-122.40229,37.74916],[-122.40183,37.74952],[-122.40183,37.75024],[-122.40138,37.7506],[-122.400475,37.74988],[-122.39957,37.7506],[-122.39685,37.7506],[-122.39594,37.74988],[-122.39549,37.75024],[-122.39549,37.751682],[-122.395035,37.75204],[-122.394135,37.75204],[-122.39368,37.751682],[-122.39368,37.75096],[-122.394585,37.75024],[-122.39323,37.74916],[-122.39141,37.74916],[-122.39096,37.7488],[-122.39096,37.748077],[-122.3905,37.747627],[-122.38688,37.747627],[-122.38507,37.74835],[-122.38461,37.7488],[-122.38371,37.75024],[-122.38461,37.75096],[-122.38461,37.753124],[-122.3819,37.755287],[-122.3819,37.75601],[-122.382805,37.75673],[-122.38235,37.757088],[-122.38145,37.757088],[-122.38099,37.757446],[-122.380875,37.758167],[-122.380875,37.75889],[-122.38178,37.76033],[-122.3819,37.76105],[-122.38235,37.7615],[-122.386314,37.764656],[-122.38541,37.76682],[-122.38541,37.771145],[-122.383255,37.772133],[-122.38235,37.772224],[-122.3819,37.772583],[-122.38178,37.773304],[-122.38178,37.774746],[-122.38235,37.775196],[-122.38507,37.775017],[-122.38451,37.775467],[-122.38507,37.775917],[-122.38779,37.776638],[-122.3896,37.776638],[-122.3896,37.77718],[-122.38722,37.77907],[-122.38598,37.781506],[-122.38451,37.782677],[-122.38507,37.783127],[-122.38507,37.785828],[-122.38451,37.78628],[-122.38451,37.787],[-122.386314,37.78916],[-122.38903,37.791325],[-122.39266,37.79493],[-122.39323,37.797363],[-122.39266,37.797813],[-122.39685,37.801147],[-122.39867,37.802406],[-122.398094,37.802856],[-122.398094,37.8043],[-122.40138,37.80691],[-122.4032,37.807632],[-122.403534,37.808624],[-122.4041,37.809074],[-122.40557,37.807903],[-122.40625,37.809345],[-122.40682,37.809795],[-122.40897,37.809345],[-122.40988,37.810787],[-122.410446,37.811237],[-122.411354,37.811237],[-122.41192,37.810787],[-122.412254,37.809795],[-122.41498,37.809795],[-122.41713,37.810066],[-122.417694,37.810425],[-122.41815,37.810066],[-122.41826,37.809345],[-122.417694,37.808895],[-122.42132,37.808353],[-122.42619,37.807903],[-122.42676,37.808353],[-122.42721,37.807903],[-122.428116,37.80574],[-122.428116,37.8043],[-122.42902,37.803577],[-122.42857,37.80322],[-122.427666,37.80322],[-122.42721,37.802856],[-122.42993,37.800697],[-122.429474,37.800335],[-122.42857,37.800335],[-122.428116,37.799976],[-122.428116,37.798534],[-122.42902,37.797813],[-122.427666,37.79673],[-122.42585,37.79673],[-122.4254,37.79637],[-122.4254,37.79421],[-122.42585,37.793846],[-122.42676,37.793846],[-122.42721,37.793488],[-122.42721,37.792767],[-122.427666,37.792408],[-122.42857,37.792408],[-122.43038,37.790966],[-122.43129,37.790966],[-122.4322,37.790245],[-122.43265,37.790604],[-122.43265,37.792767],[-122.434006,37.793846],[-122.43491,37.793846],[-122.43537,37.793488],[-122.43537,37.791325],[-122.43627,37.790604],[-122.43627,37.78844],[-122.43764,37.78736],[-122.43854,37.788082],[-122.439445,37.788082],[-122.4399,37.78844],[-122.4399,37.789883],[-122.44035,37.790245],[-122.44126,37.790245],[-122.44171,37.789883],[-122.44171,37.78844],[-122.44262,37.78772],[-122.44262,37.78556],[-122.44443,37.78412],[-122.44443,37.783398],[-122.444885,37.783035],[-122.44579,37.783756],[-122.44669,37.783035],[-122.44715,37.783398],[-122.44715,37.78484],[-122.4476,37.7852],[-122.44896,37.78412],[-122.44896,37.783398],[-122.44987,37.782677],[-122.450775,37.781956],[-122.450325,37.781593],[-122.44851,37.781593],[-122.44806,37.781235],[-122.44806,37.779793],[-122.4476,37.77943],[-122.44715,37.779793],[-122.44715,37.780514]]],[[[-122.29716,37.801777],[-122.29444,37.801777],[-122.29353,37.802498],[-122.292625,37.802498],[-122.29172,37.80322],[-122.29082,37.80322],[-122.28991,37.802498],[-122.28945,37.802856],[-122.28945,37.803577],[-122.289,37.80394],[-122.28809,37.80322],[-122.28764,37.803577],[-122.28764,37.8043],[-122.28945,37.80574],[-122.28945,37.80646],[-122.29127,37.807903],[-122.29127,37.809345],[-122.292625,37.810425],[-122.29444,37.810425],[-122.29535,37.809704],[-122.29716,37.809704],[-122.297615,37.809345],[-122.297615,37.808624],[-122.298065,37.808266],[-122.29897,37.808266],[-122.29988,37.807545],[-122.30033,37.807903],[-122.30033,37.808624],[-122.30078,37.808983],[-122.303505,37.808983],[-122.303955,37.808624],[-122.303955,37.807182],[-122.303505,37.806824],[-122.30124,37.80502],[-122.30124,37.803577],[-122.30078,37.80322],[-122.29988,37.80322],[-122.29897,37.802498],[-122.298065,37.802498],[-122.29716,37.801777]]]]}},{"type":"Feature","properties":{"contour":35},"geometry":{"type":"MultiPolygon","coordinates":[[[[-122.44781,37.71853],[-122.44735,37.71817],[-122.44645,37.71889],[-122.44463,37.71889],[-122.443726,37.71817],[-122.442825,37.71817],[-122.44237,37.71853],[-122.443275,37.71925],[-122.443275,37.72069],[-122.44418,37.721413],[-122.44418,37.723576],[-122.44463,37.723934],[-122.45007,37.723934],[-122.45052,37.723576],[-122.45052,37.722855],[-122.45143,37.722134],[-122.45052,37.721413],[-122.45052,37.71997],[-122.45007,37.719612],[-122.44826,37.719612],[-122.44781,37.71925],[-122.44781,37.71853]]],[[[-122.45007,37.743397],[-122.449615,37.743755],[-122.449615,37.744476],[-122.45052,37.745197],[-122.45052,37.74592],[-122.45188,37.747],[-122.4537,37.747],[-122.454605,37.747723],[-122.45641,37.747723],[-122.45687,37.74808],[-122.45687,37.748802],[-122.45596,37.749523],[-122.45732,37.750603],[-122.460045,37.750603],[-122.460495,37.750965],[-122.460495,37.751686],[-122.460945,37.752045],[-122.4614,37.751686],[-122.4614,37.750244],[-122.4623,37.749523],[-122.4623,37.745197],[-122.46185,37.74484],[-122.460045,37.74484],[-122.45641,37.74484],[-122.45551,37.744118],[-122.454605,37.744118],[-122.4537,37.74484],[-122.45188,37.74484],[-122.45007,37.743397]]],[[[-122.38527,37.74664],[-122.38573,37.74709],[-122.38935,37.74709],[-122.3898,37.74664],[-122.39026,37.74484],[-122.39117,37.74484],[-122.39162,37.744476],[-122.39162,37.743755],[-122.39117,37.743397],[-122.39026,37.742767],[-122.39071,37.742313],[-122.39071,37.739433],[-122.3898,37.738712],[-122.3898,37.73799],[-122.39026,37.73763],[-122.39117,37.73763],[-122.39207,37.736908],[-122.392525,37.73727],[-122.392525,37.73799],[-122.39162,37.738712],[-122.39207,37.73907],[-122.392975,37.73835],[-122.39388,37.73835],[-122.39479,37.73907],[-122.3957,37.73907],[-122.3966,37.73979],[-122.40022,37.73979],[-122.40113,37.73907],[-122.40204,37.73907],[-122.4034,37.740154],[-122.40295,37.740513],[-122.40204,37.740513],[-122.40159,37.740875],[-122.40159,37.743034],[-122.40249,37.743755],[-122.40249,37.745197],[-122.403854,37.74628],[-122.404755,37.74556],[-122.40657,37.74556],[-122.40702,37.745197],[-122.40702,37.744476],[-122.40793,37.743755],[-122.40702,37.743034],[-122.40702,37.742313],[-122.40748,37.741955],[-122.40929,37.741955],[-122.4111,37.740513],[-122.41201,37.740513],[-122.41337,37.739433],[-122.41292,37.73907],[-122.41201,37.73907],[-122.41155,37.738712],[-122.41155,37.73799],[-122.410194,37.736908],[-122.40929,37.736908],[-122.40884,37.73655],[-122.410194,37.735466],[-122.4111,37.736187],[-122.41246,37.735107],[-122.41246,37.732944],[-122.41292,37.732586],[-122.41382,37.732586],[-122.415634,37.731144],[-122.41835,37.731144],[-122.41926,37.731865],[-122.420166,37.731865],[-122.420616,37.731503],[-122.41971,37.73078],[-122.420166,37.730423],[-122.421074,37.730423],[-122.421974,37.729702],[-122.42288,37.729702],[-122.42379,37.72898],[-122.425606,37.730423],[-122.426506,37.730423],[-122.42832,37.72898],[-122.42923,37.72898],[-122.42968,37.72934],[-122.42968,37.73006],[-122.42923,37.730423],[-122.42832,37.730423],[-122.42787,37.73078],[-122.42787,37.732944],[-122.427414,37.733307],[-122.426506,37.733307],[-122.426056,37.733665],[-122.42787,37.735107],[-122.42787,37.73583],[-122.42923,37.736908],[-122.43104,37.736908],[-122.431946,37.736187],[-122.43285,37.736187],[-122.433304,37.73655],[-122.433304,37.73727],[-122.43421,37.73799],[-122.43421,37.738712],[-122.43466,37.73907],[-122.43512,37.738712],[-122.43512,37.73799],[-122.43603,37.73727],[-122.43603,37.73655],[-122.437386,37.735466],[-122.4401,37.735466],[-122.44056,37.735107],[-122.43919,37.734028],[-122.43829,37.734028],[-122.437836,37.733665],[-122.43874,37.732944],[-122.437836,37.732224],[-122.43829,37.731865],[-122.43919,37.731865],[-122.43965,37.731503],[-122.43965,37.73078],[-122.43919,37.730423],[-122.43829,37.730423],[-122.437386,37.729702],[-122.43648,37.729702],[-122.43557,37.730423],[-122.43466,37.729702],[-122.43376,37.729702],[-122.43104,37.72754],[-122.43013,37.72754],[-122.42923,37.726818],[-122.426506,37.726818],[-122.425606,37.72754],[-122.4247,37.72754],[-122.42424,37.72718],[-122.42424,37.72646],[-122.42379,37.726097],[-122.421074,37.726097],[-122.420166,37.726818],[-122.41971,37.72646],[-122.41971,37.72574],[-122.41926,37.725376],[-122.41835,37.726097],[-122.41473,37.726097],[-122.414276,37.72574],[-122.414276,37.725018],[-122.41337,37.724297],[-122.41337,37.722855],[-122.414276,37.722134],[-122.41382,37.72177],[-122.41292,37.72177],[-122.41201,37.72105],[-122.41155,37.721413],[-122.41155,37.722134],[-122.4111,37.722492],[-122.409744,37.721413],[-122.41065,37.72069],[-122.409744,37.71997],[-122.410194,37.719612],[-122.41201,37.719612],[-122.41292,37.72033],[-122.41337,37.71997],[-122.41337,37.717808],[-122.41292,37.71745],[-122.410194,37.71745],[-122.40929,37.71817],[-122.40839,37.71817],[-122.40748,37.71745],[-122.403854,37.71745],[-122.4034,37.717087],[-122.4034,37.71348],[-122.403854,37.713123],[-122.404305,37.71348],[-122.404305,37.714203],[-122.404755,37.714565],[-122.40521,37.714203],[-122.40521,37.71348],[-122.40566,37.713123],[-122.40748,37.713123],[-122.409744,37.711323],[-122.40929,37.71096],[-122.40748,37.71096],[-122.40657,37.71168],[-122.40612,37.711323],[-122.40612,37.70988],[-122.404755,37.708797],[-122.403854,37.70952],[-122.40295,37.70952],[-122.40249,37.70916],[-122.40249,37.707718],[-122.4034,37.706997],[-122.4034,37.706276],[-122.40249,37.705555],[-122.40249,37.704113],[-122.40113,37.703033],[-122.40022,37.703754],[-122.39932,37.703754],[-122.398865,37.704113],[-122.398865,37.704834],[-122.3966,37.706635],[-122.3957,37.706635],[-122.39524,37.706997],[-122.39524,37.711323],[-122.39615,37.712044],[-122.39615,37.71348],[-122.39706,37.714203],[-122.39706,37.715645],[-122.397964,37.716366],[-122.397964,37.717087],[-122.39977,37.71853],[-122.39977,37.71997],[-122.39932,37.72033],[-122.398415,37.719612],[-122.3966,37.72105],[-122.39388,37.72105],[-122.392975,37.72033],[-122.392525,37.72069],[-122.39433,37.722134],[-122.39433,37.722855],[-122.39479,37.723213],[-122.3966,37.723213],[-122.39706,37.723576],[-122.39615,37.724297],[-122.39706,37.725018],[-122.39706,37.72574],[-122.39615,37.72646],[-122.39615,37.72862],[-122.39706,37.72934],[-122.39706,37.73078],[-122.39388,37.733307],[-122.39207,37.733307],[-122.39117,37.732586],[-122.39026,37.732586],[-122.38935,37.731865],[-122.387535,37.731865],[-122.386635,37.731144],[-122.38618,37.731503],[-122.38618,37.732224],[-122.38573,37.732586],[-122.38482,37.732586],[-122.38437,37.732944],[-122.38573,37.734028],[-122.386635,37.733307],[-122.387535,37.733307],[-122.3898,37.735107],[-122.3898,37.73655],[-122.38844,37.73763],[-122.386635,37.73763],[-122.38573,37.73835],[-122.38527,37.73799],[-122.38527,37.73727],[-122.38437,37.73655],[-122.38437,37.73583],[-122.38391,37.735466],[-122.38301,37.735466],[-122.38255,37.73583],[-122.38255,37.738712],[-122.38301,37.73907],[-122.38391,37.73907],[-122.38437,37.739433],[-122.38437,37.743034],[-122.38527,37.743755],[-122.38527,37.745197],[-122.38437,37.74592],[-122.38527,37.74664]]],[[[-122.43648,37.750603],[-122.43557,37.750603],[-122.43512,37.750244],[-122.43512,37.749523],[-122.43421,37.748802],[-122.43421,37.74808],[-122.43376,37.747723],[-122.43285,37.747723],[-122.432396,37.74808],[-122.433304,37.748802],[-122.433304,37.749523],[-122.432396,37.750244],[-122.432396,37.750965],[-122.431496,37.751686],[-122.431496,37.752407],[-122.43059,37.753128],[-122.431496,37.75385],[-122.431496,37.75529],[-122.43059,37.756012],[-122.43059,37.75673],[-122.42968,37.75745],[-122.42968,37.75817],[-122.42923,37.758533],[-122.42832,37.757812],[-122.427414,37.757812],[-122.42696,37.75817],[-122.42696,37.758892],[-122.426056,37.759613],[-122.42696,37.760334],[-122.426506,37.760696],[-122.425606,37.760696],[-122.42515,37.760334],[-122.42515,37.759613],[-122.42424,37.758892],[-122.42424,37.75745],[-122.42334,37.75673],[-122.42515,37.75529],[-122.42424,37.75457],[-122.4247,37.754208],[-122.426506,37.754208],[-122.42696,37.75385],[-122.42696,37.753128],[-122.42787,37.752407],[-122.42787,37.750965],[-122.427414,37.750603],[-122.426506,37.750603],[-122.42515,37.749523],[-122.42515,37.748802],[-122.42334,37.74736],[-122.42334,37.74664],[-122.42243,37.74592],[-122.42243,37.745197],[-122.42334,37.744476],[-122.42334,37.743755],[-122.42379,37.743397],[-122.4247,37.743397],[-122.426056,37.742313],[-122.42515,37.741596],[-122.42515,37.740154],[-122.42424,37.739433],[-122.42424,37.738712],[-122.4247,37.73835],[-122.425606,37.73835],[-122.426056,37.73799],[-122.426056,37.73655],[-122.42515,37.73583],[-122.42515,37.735107],[-122.4247,37.73475],[-122.42243,37.73655],[-122.42243,37.73727],[-122.421524,37.73799],[-122.42243,37.738712],[-122.42243,37.739433],[-122.421974,37.73979],[-122.420166,37.73979],[-122.41926,37.740513],[-122.41835,37.740513],[-122.4179,37.740875],[-122.41881,37.741596],[-122.41881,37.742313],[-122.41835,37.742676],[-122.41744,37.742676],[-122.41699,37.743034],[-122.41699,37.743755],[-122.41654,37.744118],[-122.41473,37.744118],[-122.41382,37.743397],[-122.41292,37.743397],[-122.4111,37.74484],[-122.410194,37.74484],[-122.409744,37.745197],[-122.409744,37.74592],[-122.40884,37.74664],[-122.40884,37.74736],[-122.40839,37.747723],[-122.40748,37.747723],[-122.40702,37.74808],[-122.40702,37.748802],[-122.40793,37.749523],[-122.40748,37.74988],[-122.40657,37.74988],[-122.40566,37.749165],[-122.40521,37.749523],[-122.40521,37.750244],[-122.404755,37.750603],[-122.403854,37.750603],[-122.4034,37.750244],[-122.4034,37.749523],[-122.40249,37.748802],[-122.40249,37.74808],[-122.40204,37.747723],[-122.39977,37.749523],[-122.39977,37.750244],[-122.39932,37.750603],[-122.39751,37.750603],[-122.39706,37.750244],[-122.39706,37.749523],[-122.3966,37.749165],[-122.39388,37.749165],[-122.39343,37.748802],[-122.39343,37.74808],[-122.392975,37.747723],[-122.39241,37.74808],[-122.39173,37.74808],[-122.39117,37.747723],[-122.39026,37.74763],[-122.386635,37.74763],[-122.38482,37.748352],[-122.38437,37.748802],[-122.38391,37.74988],[-122.38301,37.74988],[-122.38255,37.750244],[-122.38301,37.750603],[-122.38391,37.750603],[-122.38437,37.750965],[-122.38437,37.753128],[-122.38391,37.753487],[-122.38335,37.75385],[-122.381195,37.75493],[-122.380745,37.75529],[-122.381645,37.756012],[-122.381645,37.75673],[-122.38153,37.75745],[-122.38153,37.760334],[-122.38573,37.763668],[-122.38606,37.76538],[-122.38516,37.767544],[-122.38516,37.770428],[-122.38301,37.772137],[-122.3821,37.772137],[-122.38153,37.772587],[-122.38153,37.77475],[-122.3821,37.7752],[-122.38301,37.7752],[-122.38573,37.77502],[-122.38516,37.77547],[-122.38573,37.77592],[-122.387535,37.77664],[-122.38935,37.777184],[-122.38788,37.778355],[-122.38573,37.78151],[-122.38516,37.78196],[-122.38516,37.78268],[-122.38573,37.78313],[-122.38482,37.78583],[-122.384254,37.78628],[-122.384254,37.787003],[-122.38697,37.789165],[-122.38879,37.79133],[-122.390594,37.79277],[-122.39241,37.794933],[-122.392975,37.797367],[-122.39241,37.797817],[-122.3966,37.80115],[-122.398415,37.80241],[-122.39785,37.80286],[-122.39785,37.804302],[-122.40113,37.806915],[-122.40295,37.807636],[-122.40328,37.808628],[-122.403854,37.80908],[-122.40533,37.807907],[-122.406006,37.80935],[-122.40657,37.8098],[-122.40872,37.80935],[-122.40963,37.81079],[-122.410194,37.81124],[-122.4111,37.81124],[-122.41167,37.81079],[-122.41201,37.8098],[-122.41473,37.8098],[-122.417786,37.81079],[-122.41835,37.81115],[-122.41881,37.81079],[-122.4179,37.81007],[-122.418015,37.80935],[-122.421074,37.80908],[-122.42594,37.807907],[-122.426506,37.808357],[-122.427414,37.808357],[-122.42787,37.807907],[-122.42877,37.806465],[-122.42877,37.805744],[-122.42968,37.805023],[-122.42877,37.804302],[-122.42968,37.80358],[-122.42877,37.80286],[-122.42877,37.80142],[-122.42923,37.80106],[-122.43104,37.80106],[-122.431496,37.800697],[-122.431496,37.79854],[-122.433304,37.797096],[-122.431946,37.796013],[-122.43013,37.796013],[-122.42923,37.796734],[-122.42832,37.796734],[-122.427414,37.796013],[-122.426506,37.796013],[-122.426056,37.795654],[-122.426056,37.794933],[-122.42923,37.79241],[-122.43013,37.79241],[-122.43104,37.79169],[-122.431946,37.79169],[-122.432396,37.79205],[-122.432396,37.79277],[-122.43285,37.793133],[-122.43376,37.793133],[-122.43421,37.79349],[-122.43421,37.794212],[-122.43466,37.79457],[-122.43512,37.794212],[-122.43512,37.79349],[-122.43603,37.79277],[-122.43603,37.79133],[-122.43693,37.790607],[-122.43693,37.789165],[-122.437386,37.788807],[-122.43829,37.788807],[-122.44056,37.790607],[-122.44056,37.79205],[-122.44101,37.79241],[-122.44146,37.79205],[-122.44146,37.788445],[-122.44192,37.788086],[-122.443726,37.788086],[-122.44418,37.787724],[-122.443275,37.787003],[-122.443275,37.785564],[-122.44554,37.78376],[-122.44735,37.785202],[-122.44781,37.784843],[-122.44781,37.784122],[-122.44826,37.78376],[-122.449165,37.78376],[-122.45143,37.78196],[-122.45098,37.781597],[-122.45007,37.781597],[-122.449615,37.78124],[-122.449615,37.780518],[-122.44826,37.779434],[-122.44735,37.779434],[-122.44554,37.780876],[-122.44192,37.780876],[-122.44056,37.779797],[-122.44056,37.779076],[-122.44237,37.777634],[-122.44237,37.776913],[-122.44192,37.776554],[-122.44101,37.776554],[-122.4401,37.775833],[-122.43919,37.776554],[-122.43874,37.77619],[-122.43874,37.773308],[-122.43965,37.772587],[-122.43965,37.771866],[-122.44146,37.770428],[-122.44056,37.769707],[-122.44056,37.767544],[-122.43965,37.766823],[-122.44101,37.76574],[-122.44192,37.76574],[-122.44237,37.76538],[-122.44237,37.76394],[-122.442825,37.76358],[-122.443726,37.76358],[-122.44418,37.763218],[-122.44418,37.762497],[-122.44508,37.761776],[-122.44508,37.761055],[-122.44192,37.758533],[-122.44101,37.758533],[-122.43965,37.75745],[-122.43965,37.75673],[-122.437836,37.75529],[-122.43874,37.75457],[-122.43693,37.753128],[-122.43693,37.750965],[-122.43648,37.750603]]],[[[-122.301895,37.80286],[-122.301445,37.8025],[-122.30054,37.8025],[-122.29963,37.80178],[-122.29419,37.80178],[-122.29328,37.8025],[-122.29238,37.8025],[-122.29147,37.803223],[-122.290565,37.803223],[-122.28966,37.8025],[-122.28876,37.8025],[-122.28785,37.803223],[-122.28694,37.803223],[-122.28649,37.80358],[-122.28739,37.804302],[-122.28739,37.805023],[-122.28921,37.806465],[-122.28921,37.807186],[-122.290115,37.807907],[-122.290115,37.808628],[-122.291016,37.80935],[-122.291016,37.81007],[-122.29147,37.81043],[-122.29238,37.81043],[-122.29328,37.81115],[-122.29419,37.81043],[-122.29691,37.81043],[-122.29872,37.808987],[-122.29963,37.808987],[-122.30054,37.809708],[-122.301445,37.808987],[-122.30325,37.808987],[-122.30371,37.808628],[-122.30461,37.807907],[-122.30371,37.807186],[-122.30371,37.805744],[-122.30325,37.805386],[-122.302345,37.805386],[-122.301895,37.805023],[-122.301895,37.80286]]]]}},{"type":"Feature","properties":{"contour":36},"geometry":{"type":"MultiPolygon","coordinates":[[[[-122.46711,37.739075],[-122.465294,37.739075],[-122.463486,37.740517],[-122.46258,37.740517],[-122.46213,37.74088],[-122.46213,37.741596],[-122.46303,37.742317],[-122.46303,37.74376],[-122.463486,37.74412],[-122.4662,37.74412],[-122.46665,37.74376],[-122.46665,37.74304],[-122.46802,37.74196],[-122.46892,37.74196],[-122.469376,37.741596],[-122.46847,37.74088],[-122.46847,37.740158],[-122.46756,37.739437],[-122.46802,37.739075],[-122.469826,37.739075],[-122.47028,37.738716],[-122.47028,37.737274],[-122.469826,37.73691],[-122.46802,37.73691],[-122.46756,37.737274],[-122.46756,37.738716],[-122.46711,37.739075]]],[[[-122.448074,37.717453],[-122.447624,37.71781],[-122.447624,37.718533],[-122.447174,37.718895],[-122.446266,37.718174],[-122.44536,37.718174],[-122.44445,37.717453],[-122.44264,37.717453],[-122.442184,37.71781],[-122.442184,37.719975],[-122.44309,37.720695],[-122.44309,37.72358],[-122.44445,37.72466],[-122.44536,37.723938],[-122.44898,37.723938],[-122.44989,37.72466],[-122.45034,37.7243],[-122.45034,37.72358],[-122.4508,37.723217],[-122.4517,37.723217],[-122.452156,37.72286],[-122.4517,37.722496],[-122.45125,37.722137],[-122.45125,37.720695],[-122.45034,37.719975],[-122.45125,37.719254],[-122.44898,37.717453],[-122.448074,37.717453]]],[[[-122.45261,37.744843],[-122.44989,37.74268],[-122.44943,37.74304],[-122.44943,37.746643],[-122.44989,37.747005],[-122.45261,37.747005],[-122.453064,37.747364],[-122.453064,37.748085],[-122.453514,37.748447],[-122.45442,37.747726],[-122.45623,37.747726],[-122.45669,37.748085],[-122.45669,37.750248],[-122.45714,37.750607],[-122.458046,37.750607],[-122.458954,37.751328],[-122.45986,37.751328],[-122.46031,37.75169],[-122.46031,37.75241],[-122.46076,37.75277],[-122.46213,37.75169],[-122.46213,37.75097],[-122.46122,37.750248],[-122.46303,37.748806],[-122.46303,37.7452],[-122.46167,37.74412],[-122.458954,37.74412],[-122.45714,37.74412],[-122.45623,37.7434],[-122.45533,37.7434],[-122.45442,37.74412],[-122.453514,37.74412],[-122.45261,37.744843]]],[[[-122.42905,37.72682],[-122.42814,37.72682],[-122.42723,37.7261],[-122.42089,37.7261],[-122.41998,37.72538],[-122.419075,37.72538],[-122.41817,37.72466],[-122.41636,37.7261],[-122.415,37.72502],[-122.415,37.72358],[-122.41409,37.72286],[-122.415,37.722137],[-122.415,37.721416],[-122.41454,37.721054],[-122.413635,37.721054],[-122.413185,37.720695],[-122.41409,37.719975],[-122.41409,37.71781],[-122.412735,37.716732],[-122.41092,37.716732],[-122.41001,37.717453],[-122.4082,37.717453],[-122.407295,37.716732],[-122.40367,37.716732],[-122.40321,37.71637],[-122.40321,37.71565],[-122.40458,37.71457],[-122.40548,37.71457],[-122.40639,37.71385],[-122.4082,37.71385],[-122.40865,37.713486],[-122.40865,37.712765],[-122.4091,37.712406],[-122.41001,37.712406],[-122.41092,37.713127],[-122.41137,37.712765],[-122.41137,37.712048],[-122.40956,37.710606],[-122.40956,37.709885],[-122.4091,37.709522],[-122.4082,37.709522],[-122.407295,37.710243],[-122.40684,37.709885],[-122.40684,37.709164],[-122.40548,37.70808],[-122.40276,37.70808],[-122.40231,37.70772],[-122.40321,37.707],[-122.40321,37.70556],[-122.40231,37.704838],[-122.40321,37.704117],[-122.40321,37.703396],[-122.401855,37.702316],[-122.40005,37.702316],[-122.39959,37.702675],[-122.39959,37.704117],[-122.39732,37.705917],[-122.396416,37.705917],[-122.39506,37.707],[-122.39506,37.709885],[-122.39415,37.710606],[-122.39415,37.711327],[-122.39461,37.711685],[-122.395515,37.711685],[-122.395966,37.712048],[-122.395966,37.714207],[-122.39778,37.71565],[-122.39778,37.71781],[-122.39868,37.718533],[-122.39732,37.719616],[-122.396416,37.719616],[-122.395966,37.719975],[-122.395966,37.720695],[-122.395515,37.721054],[-122.39461,37.720333],[-122.39279,37.720333],[-122.391884,37.719616],[-122.39098,37.719616],[-122.390076,37.718895],[-122.389626,37.719254],[-122.39415,37.72286],[-122.39415,37.72358],[-122.39461,37.723938],[-122.396416,37.723938],[-122.39687,37.7243],[-122.395966,37.72502],[-122.395966,37.730785],[-122.39506,37.731506],[-122.39506,37.732227],[-122.39461,37.73259],[-122.3937,37.73259],[-122.39279,37.73331],[-122.39234,37.73295],[-122.39234,37.732227],[-122.391884,37.73187],[-122.39098,37.73187],[-122.390076,37.731148],[-122.38917,37.731148],[-122.38826,37.730427],[-122.38736,37.730427],[-122.38645,37.731148],[-122.385544,37.730427],[-122.38509,37.730785],[-122.385994,37.731506],[-122.384636,37.73259],[-122.38101,37.73259],[-122.379196,37.731148],[-122.378746,37.731506],[-122.379654,37.732227],[-122.378746,37.73295],[-122.379196,37.73331],[-122.38101,37.73331],[-122.38146,37.73367],[-122.38146,37.737274],[-122.38328,37.738716],[-122.38328,37.74304],[-122.38373,37.7434],[-122.384636,37.7434],[-122.38509,37.74376],[-122.38509,37.7452],[-122.384636,37.745564],[-122.38373,37.745564],[-122.38328,37.745922],[-122.38373,37.746284],[-122.384636,37.746284],[-122.38509,37.746643],[-122.385544,37.747093],[-122.390076,37.747093],[-122.390526,37.746643],[-122.39143,37.7452],[-122.39143,37.74376],[-122.39234,37.74304],[-122.391884,37.74268],[-122.39098,37.74268],[-122.39098,37.739796],[-122.39279,37.739796],[-122.3937,37.739075],[-122.39461,37.739075],[-122.396416,37.740517],[-122.39732,37.740517],[-122.39823,37.739796],[-122.401855,37.739796],[-122.40231,37.740158],[-122.401855,37.740517],[-122.40095,37.740517],[-122.4005,37.74088],[-122.4005,37.742317],[-122.401405,37.74304],[-122.401405,37.74376],[-122.40231,37.74448],[-122.40231,37.745922],[-122.40321,37.746643],[-122.40321,37.747364],[-122.40276,37.747726],[-122.40095,37.747726],[-122.39868,37.749527],[-122.39868,37.750248],[-122.39823,37.750607],[-122.39778,37.750248],[-122.39778,37.749527],[-122.39687,37.748806],[-122.39687,37.747364],[-122.396416,37.747005],[-122.395966,37.747364],[-122.395966,37.748806],[-122.395515,37.749165],[-122.3937,37.749165],[-122.39325,37.748806],[-122.39279,37.748356],[-122.39098,37.747635],[-122.38645,37.747635],[-122.384636,37.748356],[-122.384186,37.748806],[-122.38373,37.749886],[-122.38192,37.749886],[-122.38146,37.750248],[-122.38283,37.751328],[-122.38373,37.751328],[-122.384186,37.75169],[-122.384186,37.75313],[-122.38373,37.75349],[-122.38316,37.753853],[-122.38283,37.75484],[-122.38237,37.755295],[-122.38192,37.757095],[-122.381355,37.757454],[-122.381355,37.760338],[-122.385544,37.76367],[-122.38589,37.765385],[-122.38498,37.767548],[-122.38498,37.77043],[-122.38283,37.77214],[-122.38192,37.77214],[-122.381355,37.77259],[-122.381355,37.774754],[-122.38192,37.775204],[-122.38283,37.775204],[-122.385544,37.775024],[-122.38498,37.775475],[-122.385544,37.775925],[-122.38736,37.776646],[-122.38917,37.777187],[-122.387695,37.77836],[-122.385544,37.781513],[-122.38498,37.781963],[-122.38498,37.782684],[-122.385544,37.783134],[-122.384636,37.785835],[-122.38407,37.786285],[-122.38407,37.787006],[-122.38679,37.78917],[-122.3886,37.791332],[-122.39041,37.792774],[-122.393135,37.79782],[-122.39732,37.801155],[-122.398575,37.802864],[-122.398575,37.804306],[-122.39914,37.804756],[-122.40038,37.805027],[-122.40038,37.80719],[-122.40095,37.80764],[-122.40367,37.80692],[-122.40433,37.80766],[-122.40401,37.80791],[-122.40401,37.80863],[-122.40458,37.809082],[-122.40514,37.80863],[-122.40514,37.808582],[-122.40582,37.809353],[-122.40639,37.809803],[-122.40695,37.809353],[-122.40945,37.809353],[-122.410355,37.810795],[-122.41092,37.811245],[-122.41148,37.810795],[-122.41148,37.810074],[-122.413635,37.809803],[-122.41851,37.811516],[-122.419075,37.811874],[-122.41953,37.811516],[-122.41953,37.810795],[-122.418625,37.810074],[-122.41817,37.809624],[-122.42089,37.809082],[-122.42576,37.80791],[-122.42632,37.80836],[-122.42814,37.80836],[-122.42905,37.80827],[-122.4295,37.80791],[-122.42905,37.80755],[-122.42814,37.80755],[-122.42769,37.80719],[-122.4295,37.805748],[-122.4295,37.804306],[-122.430405,37.803585],[-122.4295,37.802864],[-122.4295,37.802143],[-122.429955,37.801785],[-122.43176,37.801785],[-122.43222,37.801422],[-122.43222,37.799263],[-122.43312,37.798542],[-122.43312,37.79782],[-122.43403,37.7971],[-122.43176,37.795296],[-122.429955,37.795296],[-122.4295,37.79566],[-122.4295,37.79638],[-122.42905,37.796738],[-122.42814,37.796738],[-122.42769,37.79638],[-122.42769,37.794937],[-122.42859,37.794216],[-122.42859,37.793495],[-122.42905,37.793133],[-122.43176,37.793133],[-122.43267,37.793854],[-122.43358,37.793854],[-122.43448,37.794575],[-122.43539,37.794575],[-122.435844,37.794937],[-122.435844,37.79638],[-122.43494,37.7971],[-122.43494,37.799263],[-122.43448,37.79962],[-122.43358,37.79962],[-122.43312,37.79998],[-122.43539,37.801785],[-122.436295,37.801785],[-122.43765,37.8007],[-122.43765,37.799263],[-122.435844,37.79782],[-122.436295,37.79746],[-122.4372,37.79746],[-122.43765,37.7971],[-122.43765,37.793495],[-122.435844,37.792053],[-122.43811,37.790253],[-122.43856,37.79061],[-122.43856,37.792053],[-122.43901,37.792416],[-122.44083,37.792416],[-122.441734,37.793133],[-122.442184,37.792774],[-122.44128,37.792053],[-122.44309,37.79061],[-122.44309,37.78989],[-122.444,37.78917],[-122.444,37.78845],[-122.44491,37.787727],[-122.444,37.787006],[-122.444,37.785564],[-122.44536,37.784485],[-122.44581,37.784847],[-122.44581,37.785564],[-122.446266,37.785927],[-122.447174,37.785206],[-122.448074,37.785206],[-122.44853,37.784847],[-122.447624,37.784126],[-122.448074,37.783764],[-122.44898,37.783764],[-122.44989,37.784485],[-122.45125,37.783405],[-122.45125,37.782684],[-122.4517,37.782322],[-122.45261,37.782322],[-122.453514,37.783043],[-122.45487,37.781963],[-122.453514,37.78088],[-122.4517,37.78088],[-122.4508,37.78016],[-122.44898,37.78016],[-122.44853,37.7798],[-122.44853,37.77908],[-122.447174,37.777996],[-122.44672,37.77836],[-122.44672,37.77908],[-122.446266,37.779438],[-122.44536,37.779438],[-122.44354,37.78088],[-122.441734,37.78088],[-122.44128,37.78052],[-122.442184,37.7798],[-122.44128,37.77908],[-122.44309,37.777637],[-122.44309,37.776917],[-122.43947,37.774033],[-122.43947,37.77187],[-122.43992,37.77151],[-122.44083,37.772232],[-122.44128,37.77187],[-122.44128,37.767548],[-122.44038,37.766827],[-122.441734,37.765743],[-122.44354,37.765743],[-122.444,37.765385],[-122.442184,37.763943],[-122.44264,37.76358],[-122.44354,37.76358],[-122.44581,37.76178],[-122.44491,37.76106],[-122.44491,37.759617],[-122.44445,37.75926],[-122.44354,37.75926],[-122.44264,37.758537],[-122.44083,37.758537],[-122.44038,37.758175],[-122.44038,37.757454],[-122.43947,37.756733],[-122.43947,37.753853],[-122.43901,37.75349],[-122.43811,37.75349],[-122.43765,37.75313],[-122.43765,37.75097],[-122.436745,37.750248],[-122.436745,37.749527],[-122.43358,37.747005],[-122.43267,37.747726],[-122.430855,37.747726],[-122.430405,37.748085],[-122.43131,37.748806],[-122.43131,37.749527],[-122.43176,37.749886],[-122.43267,37.749886],[-122.43312,37.750248],[-122.43176,37.751328],[-122.430855,37.750607],[-122.430405,37.75097],[-122.430405,37.75169],[-122.43131,37.75241],[-122.43131,37.755295],[-122.430855,37.755653],[-122.42905,37.755653],[-122.42859,37.756016],[-122.4295,37.756733],[-122.4295,37.757454],[-122.42905,37.757816],[-122.42769,37.756733],[-122.42769,37.756016],[-122.42723,37.755653],[-122.42632,37.755653],[-122.42587,37.755295],[-122.42587,37.754574],[-122.4295,37.75169],[-122.42905,37.751328],[-122.42814,37.751328],[-122.42769,37.75097],[-122.42769,37.750248],[-122.42723,37.749886],[-122.42632,37.749886],[-122.424965,37.748806],[-122.424965,37.745922],[-122.424515,37.745564],[-122.42361,37.746284],[-122.42316,37.745922],[-122.42316,37.7452],[-122.42406,37.74448],[-122.42406,37.74376],[-122.424515,37.7434],[-122.42542,37.7434],[-122.42678,37.742317],[-122.42678,37.741596],[-122.42587,37.74088],[-122.42678,37.740158],[-122.424965,37.738716],[-122.42587,37.737995],[-122.42587,37.736553],[-122.42632,37.73619],[-122.42723,37.73691],[-122.42814,37.73619],[-122.42905,37.73691],[-122.429955,37.73619],[-122.430855,37.73691],[-122.43358,37.73691],[-122.43403,37.737274],[-122.43403,37.738716],[-122.43448,37.739075],[-122.436295,37.739075],[-122.43765,37.737995],[-122.436745,37.737274],[-122.436745,37.736553],[-122.4372,37.73619],[-122.43992,37.73619],[-122.44128,37.73511],[-122.44083,37.73475],[-122.43992,37.73475],[-122.43947,37.73439],[-122.44038,37.73367],[-122.44038,37.730064],[-122.43992,37.729706],[-122.43901,37.730427],[-122.43811,37.730427],[-122.4372,37.729706],[-122.436295,37.729706],[-122.43539,37.728985],[-122.43448,37.728985],[-122.43267,37.727543],[-122.43176,37.728264],[-122.430855,37.727543],[-122.429955,37.727543],[-122.42905,37.72682]],[[-122.42769,37.731506],[-122.42769,37.73295],[-122.42723,37.73331],[-122.42542,37.73331],[-122.424965,37.73367],[-122.424965,37.73439],[-122.424515,37.73475],[-122.4227,37.73475],[-122.42225,37.73511],[-122.42225,37.738716],[-122.42316,37.739437],[-122.4227,37.739796],[-122.42089,37.739796],[-122.41998,37.739075],[-122.419075,37.739075],[-122.418625,37.739437],[-122.418625,37.740158],[-122.41772,37.74088],[-122.41772,37.742317],[-122.41727,37.74268],[-122.41636,37.74268],[-122.4159,37.74304],[-122.4159,37.74376],[-122.41545,37.74412],[-122.41454,37.74412],[-122.413635,37.7434],[-122.41183,37.7434],[-122.41137,37.74376],[-122.41137,37.74448],[-122.41092,37.744843],[-122.41001,37.744843],[-122.40684,37.747364],[-122.40684,37.748085],[-122.40548,37.749165],[-122.40412,37.748085],[-122.40412,37.747364],[-122.40458,37.747005],[-122.40548,37.747005],[-122.407745,37.7452],[-122.407745,37.74376],[-122.40865,37.74304],[-122.40865,37.742317],[-122.4091,37.74196],[-122.41092,37.74196],[-122.41137,37.741596],[-122.41137,37.74088],[-122.41183,37.740517],[-122.412735,37.740517],[-122.41409,37.739437],[-122.41409,37.738716],[-122.412735,37.737633],[-122.41183,37.737633],[-122.41137,37.737274],[-122.41137,37.735832],[-122.41183,37.73547],[-122.412735,37.73547],[-122.413635,37.73619],[-122.41454,37.73547],[-122.41817,37.73547],[-122.418625,37.73511],[-122.41817,37.73475],[-122.41636,37.73475],[-122.41545,37.73403],[-122.413635,37.73403],[-122.413185,37.73367],[-122.413185,37.73295],[-122.413635,37.73259],[-122.41545,37.73259],[-122.4159,37.732227],[-122.4159,37.731506],[-122.41636,37.731148],[-122.41727,37.73187],[-122.41817,37.731148],[-122.419075,37.73187],[-122.42089,37.73187],[-122.42134,37.731506],[-122.42134,37.730785],[-122.42179,37.730427],[-122.424515,37.730427],[-122.424965,37.730785],[-122.42632,37.73187],[-122.42723,37.731148],[-122.42769,37.731506]]],[[[-122.40458,37.65258],[-122.40276,37.654022],[-122.40095,37.654022],[-122.4005,37.65438],[-122.401405,37.6551],[-122.401405,37.657986],[-122.401855,37.658348],[-122.40276,37.658348],[-122.40367,37.657627],[-122.40458,37.658348],[-122.40548,37.658348],[-122.40594,37.657986],[-122.40594,37.656544],[-122.407295,37.655464],[-122.4091,37.655464],[-122.40956,37.6551],[-122.40865,37.65438],[-122.40865,37.653664],[-122.4082,37.6533],[-122.407295,37.654022],[-122.40548,37.654022],[-122.40503,37.653664],[-122.40503,37.652943],[-122.40458,37.65258]]],[[[-122.29764,37.801785],[-122.293106,37.801785],[-122.29265,37.801422],[-122.29265,37.8007],[-122.2922,37.800343],[-122.29129,37.801064],[-122.29038,37.801064],[-122.28993,37.801422],[-122.29084,37.802143],[-122.29084,37.802864],[-122.29038,37.803226],[-122.288574,37.801785],[-122.28722,37.802864],[-122.28722,37.803585],[-122.28631,37.804306],[-122.28676,37.80467],[-122.28767,37.80467],[-122.28812,37.805027],[-122.28812,37.80719],[-122.29084,37.809353],[-122.29084,37.810795],[-122.2922,37.811874],[-122.29401,37.811874],[-122.29673,37.814037],[-122.29764,37.814037],[-122.29854,37.813316],[-122.300354,37.813316],[-122.300804,37.812958],[-122.300804,37.812237],[-122.299904,37.811516],[-122.299904,37.810795],[-122.300354,37.810432],[-122.30217,37.810432],[-122.30307,37.80971],[-122.30398,37.80971],[-122.304436,37.809353],[-122.304436,37.80863],[-122.305336,37.80791],[-122.30353,37.80647],[-122.304436,37.805748],[-122.30398,37.80539],[-122.30307,37.80467],[-122.30217,37.80467],[-122.30171,37.804306],[-122.30171,37.802864],[-122.300354,37.801785],[-122.299446,37.802505],[-122.29854,37.802505],[-122.29764,37.801785]]],[[[-122.26229,37.795296],[-122.26184,37.79566],[-122.26184,37.798542],[-122.26229,37.7989],[-122.2632,37.7989],[-122.26365,37.799263],[-122.26365,37.79998],[-122.26411,37.800343],[-122.265915,37.800343],[-122.26818,37.798542],[-122.26818,37.7971],[-122.26727,37.79638],[-122.26818,37.79566],[-122.26682,37.794575],[-122.26411,37.794575],[-122.2632,37.795296],[-122.26229,37.795296]]]]}},{"type":"Feature","properties":{"contour":37},"geometry":{"type":"MultiPolygon","coordinates":[[[[-122.46228,37.741787],[-122.46228,37.74323],[-122.46183,37.743587],[-122.46092,37.743587],[-122.460014,37.74431],[-122.458206,37.74431],[-122.45639,37.742867],[-122.45549,37.742867],[-122.45458,37.743587],[-122.45096,37.743587],[-122.45005,37.742867],[-122.44914,37.742867],[-122.447784,37.74395],[-122.44824,37.74431],[-122.44914,37.74431],[-122.4496,37.74467],[-122.44869,37.745388],[-122.44869,37.74611],[-122.45005,37.747192],[-122.451866,37.747192],[-122.45277,37.747913],[-122.453674,37.747913],[-122.45458,37.748634],[-122.45639,37.747192],[-122.45685,37.74755],[-122.45685,37.748272],[-122.45594,37.748993],[-122.45594,37.749714],[-122.4573,37.750797],[-122.458206,37.750076],[-122.45866,37.750435],[-122.45866,37.751156],[-122.459114,37.75152],[-122.460014,37.75152],[-122.46047,37.751877],[-122.46092,37.752327],[-122.46183,37.751606],[-122.46319,37.750435],[-122.46228,37.749714],[-122.46319,37.748993],[-122.46319,37.74755],[-122.464096,37.74683],[-122.464096,37.745388],[-122.465454,37.74431],[-122.466354,37.74431],[-122.46772,37.74323],[-122.46726,37.742867],[-122.466354,37.742867],[-122.465904,37.742508],[-122.466354,37.742146],[-122.46908,37.742146],[-122.46953,37.741787],[-122.46953,37.741066],[-122.46772,37.739624],[-122.46817,37.73926],[-122.46908,37.73926],[-122.46998,37.739983],[-122.470436,37.739624],[-122.470436,37.738182],[-122.471344,37.73746],[-122.471344,37.73674],[-122.47089,37.73638],[-122.46998,37.737103],[-122.46908,37.73638],[-122.46726,37.73638],[-122.46681,37.73674],[-122.46681,37.738182],[-122.466354,37.73854],[-122.46455,37.73854],[-122.46319,37.739624],[-122.46319,37.740345],[-122.46273,37.740704],[-122.46183,37.740704],[-122.46137,37.741066],[-122.46228,37.741787]]],[[[-122.4496,37.762688],[-122.4496,37.761967],[-122.44914,37.76161],[-122.44869,37.761967],[-122.44869,37.76341],[-122.447784,37.76413],[-122.447784,37.76485],[-122.446884,37.76557],[-122.447784,37.766293],[-122.447784,37.767014],[-122.44914,37.768093],[-122.45005,37.768093],[-122.45096,37.768814],[-122.453674,37.766655],[-122.45458,37.766655],[-122.45549,37.765934],[-122.45639,37.765934],[-122.45866,37.76413],[-122.458206,37.76377],[-122.4573,37.764492],[-122.45458,37.764492],[-122.45277,37.76305],[-122.451866,37.76305],[-122.45096,37.76377],[-122.4496,37.762688]]],[[[-122.44552,37.71692],[-122.44462,37.71764],[-122.44371,37.71764],[-122.4428,37.71692],[-122.441895,37.71692],[-122.44009,37.715477],[-122.43964,37.715836],[-122.43964,37.717278],[-122.44009,37.71764],[-122.440994,37.71764],[-122.441444,37.718],[-122.441444,37.71944],[-122.44326,37.720882],[-122.441895,37.721966],[-122.440994,37.721966],[-122.44009,37.722683],[-122.43737,37.722683],[-122.43646,37.721966],[-122.435555,37.722683],[-122.434654,37.721966],[-122.4342,37.722324],[-122.435104,37.723045],[-122.435104,37.723766],[-122.435555,37.724125],[-122.43737,37.724125],[-122.43827,37.724846],[-122.43918,37.724846],[-122.44009,37.725567],[-122.441895,37.724125],[-122.4428,37.724846],[-122.44371,37.724846],[-122.44462,37.724125],[-122.447334,37.724125],[-122.44824,37.724846],[-122.45096,37.724846],[-122.453224,37.723045],[-122.45277,37.722683],[-122.45232,37.722324],[-122.45232,37.720882],[-122.45141,37.72016],[-122.45141,37.718],[-122.45096,37.71764],[-122.44643,37.71764],[-122.44552,37.71692]]],[[[-122.40385,37.652046],[-122.40295,37.652046],[-122.40158,37.65313],[-122.40158,37.65385],[-122.40113,37.65421],[-122.40022,37.65421],[-122.39977,37.65457],[-122.40068,37.655293],[-122.40068,37.658894],[-122.40113,37.659256],[-122.40204,37.658535],[-122.40385,37.658535],[-122.404755,37.659256],[-122.405205,37.658894],[-122.405205,37.658173],[-122.40747,37.656372],[-122.40838,37.656372],[-122.40974,37.655293],[-122.40974,37.65385],[-122.40838,37.652767],[-122.40747,37.652767],[-122.40702,37.65313],[-122.40657,37.65349],[-122.405205,37.65241],[-122.405205,37.651688],[-122.404755,37.651325],[-122.40385,37.652046]]],[[[-122.30193,37.803055],[-122.300575,37.80197],[-122.29967,37.80197],[-122.29876,37.802692],[-122.29786,37.80197],[-122.294235,37.80197],[-122.29288,37.80089],[-122.29288,37.79945],[-122.29242,37.799088],[-122.29151,37.79981],[-122.29061,37.79981],[-122.2897,37.80053],[-122.288795,37.80053],[-122.288345,37.80089],[-122.288345,37.801613],[-122.28744,37.802334],[-122.28744,37.803055],[-122.28699,37.803413],[-122.28608,37.802692],[-122.28517,37.802692],[-122.28472,37.803055],[-122.28744,37.805214],[-122.28744,37.806656],[-122.288345,37.807377],[-122.288345,37.808098],[-122.29015,37.80954],[-122.2897,37.809902],[-122.288795,37.809902],[-122.288345,37.81026],[-122.288795,37.810623],[-122.2897,37.810623],[-122.29242,37.812782],[-122.294235,37.812782],[-122.294685,37.813145],[-122.294685,37.813866],[-122.295135,37.814224],[-122.300575,37.814224],[-122.301025,37.813866],[-122.301025,37.811703],[-122.30465,37.80882],[-122.30556,37.808098],[-122.30465,37.807377],[-122.30465,37.806656],[-122.30374,37.805935],[-122.30374,37.805214],[-122.30193,37.803776],[-122.30193,37.803055]]],[[[-122.270676,37.80125],[-122.269775,37.80197],[-122.26796,37.80197],[-122.26751,37.802334],[-122.26842,37.803055],[-122.26842,37.804493],[-122.26887,37.804855],[-122.269775,37.804855],[-122.270226,37.805214],[-122.26751,37.807377],[-122.26842,37.808098],[-122.26796,37.80846],[-122.26705,37.80846],[-122.2666,37.80882],[-122.26796,37.809902],[-122.26887,37.809902],[-122.270226,37.80882],[-122.270226,37.806656],[-122.270676,37.806297],[-122.27158,37.806297],[-122.27249,37.805576],[-122.2734,37.805576],[-122.27385,37.805214],[-122.27476,37.804493],[-122.27476,37.803055],[-122.27385,37.802334],[-122.27385,37.80089],[-122.2734,37.80053],[-122.27249,37.80125],[-122.270676,37.80125]]],[[[-122.263435,37.794044],[-122.26117,37.795845],[-122.26117,37.79873],[-122.26207,37.79945],[-122.26207,37.80017],[-122.263435,37.80125],[-122.264336,37.80125],[-122.26524,37.80053],[-122.26705,37.80053],[-122.26932,37.79873],[-122.26932,37.797287],[-122.26842,37.796566],[-122.26842,37.795124],[-122.26796,37.794765],[-122.26705,37.794044],[-122.26615,37.794765],[-122.26524,37.794765],[-122.264336,37.794044],[-122.263435,37.794044]]],[[[-122.42831,37.725567],[-122.42741,37.726288],[-122.42559,37.726288],[-122.42514,37.72593],[-122.42604,37.72521],[-122.42559,37.724846],[-122.42468,37.724846],[-122.42378,37.725567],[-122.422874,37.725567],[-122.42106,37.724125],[-122.42016,37.724846],[-122.41925,37.724125],[-122.41834,37.724846],[-122.41789,37.724487],[-122.41789,37.723766],[-122.417435,37.723404],[-122.416985,37.723766],[-122.416985,37.724487],[-122.41789,37.72521],[-122.416534,37.726288],[-122.41518,37.72521],[-122.41608,37.724487],[-122.41518,37.723766],[-122.41518,37.723045],[-122.41608,37.722324],[-122.41427,37.720882],[-122.41427,37.72016],[-122.41518,37.71944],[-122.41518,37.71872],[-122.41563,37.71836],[-122.416534,37.71836],[-122.416985,37.71872],[-122.416985,37.71944],[-122.417435,37.719803],[-122.41834,37.719803],[-122.41925,37.720524],[-122.4197,37.72016],[-122.4197,37.71944],[-122.42016,37.71908],[-122.42106,37.71908],[-122.42197,37.71836],[-122.422874,37.71908],[-122.423325,37.71872],[-122.423325,37.718],[-122.422874,37.71764],[-122.41834,37.71764],[-122.417435,37.71692],[-122.416534,37.71764],[-122.41563,37.71764],[-122.41472,37.71692],[-122.41291,37.71692],[-122.412,37.716198],[-122.40929,37.716198],[-122.40838,37.715477],[-122.40747,37.715477],[-122.40702,37.715836],[-122.40702,37.716557],[-122.40657,37.71692],[-122.40566,37.716198],[-122.404755,37.716198],[-122.404305,37.715836],[-122.404305,37.71512],[-122.404755,37.714756],[-122.40747,37.714756],[-122.40793,37.714397],[-122.40793,37.713676],[-122.40838,37.713314],[-122.40929,37.713314],[-122.410194,37.714035],[-122.41245,37.712234],[-122.412,37.711872],[-122.411095,37.711872],[-122.410645,37.711514],[-122.411095,37.71115],[-122.41291,37.71115],[-122.41336,37.710793],[-122.412,37.70971],[-122.410194,37.70971],[-122.40929,37.70899],[-122.40657,37.70899],[-122.40611,37.70863],[-122.40611,37.707188],[-122.40566,37.70683],[-122.404755,37.70683],[-122.40295,37.708267],[-122.40249,37.70791],[-122.40249,37.707188],[-122.4034,37.706467],[-122.4034,37.705746],[-122.40249,37.705025],[-122.40249,37.703583],[-122.4034,37.70286],[-122.40295,37.702503],[-122.40204,37.702503],[-122.40113,37.701782],[-122.40022,37.701782],[-122.397964,37.703583],[-122.397964,37.705746],[-122.39751,37.70611],[-122.3966,37.70611],[-122.3957,37.705387],[-122.39479,37.705387],[-122.39434,37.705746],[-122.39434,37.706467],[-122.39524,37.707188],[-122.39524,37.70791],[-122.39479,37.708267],[-122.39388,37.708267],[-122.39343,37.70863],[-122.39434,37.70935],[-122.39434,37.71007],[-122.39343,37.710793],[-122.39343,37.711514],[-122.39388,37.711872],[-122.3957,37.711872],[-122.39615,37.712234],[-122.39615,37.714397],[-122.39706,37.71512],[-122.39706,37.715836],[-122.397964,37.716557],[-122.397964,37.718],[-122.3957,37.719803],[-122.392975,37.719803],[-122.39162,37.71872],[-122.39162,37.718],[-122.39117,37.71764],[-122.38981,37.71872],[-122.38981,37.71944],[-122.3889,37.72016],[-122.38935,37.720524],[-122.39026,37.720524],[-122.39072,37.720882],[-122.39072,37.721603],[-122.39162,37.722324],[-122.39162,37.723045],[-122.392075,37.723404],[-122.39388,37.723404],[-122.39434,37.723766],[-122.39343,37.724487],[-122.39388,37.724846],[-122.3957,37.724846],[-122.39615,37.72521],[-122.39615,37.728813],[-122.3957,37.72917],[-122.39479,37.72917],[-122.39434,37.729534],[-122.39524,37.73025],[-122.39524,37.730972],[-122.39388,37.732056],[-122.392975,37.732056],[-122.392525,37.731693],[-122.392525,37.730972],[-122.392075,37.730614],[-122.38935,37.730614],[-122.38845,37.729893],[-122.38754,37.729893],[-122.386635,37.730614],[-122.385735,37.730614],[-122.38483,37.729893],[-122.38437,37.73025],[-122.38528,37.730972],[-122.38392,37.732056],[-122.38211,37.732056],[-122.3812,37.732777],[-122.379845,37.731693],[-122.380745,37.730972],[-122.380745,37.73025],[-122.380295,37.729893],[-122.37849,37.729893],[-122.37758,37.72917],[-122.37667,37.72917],[-122.37622,37.729534],[-122.37622,37.73025],[-122.37667,37.730614],[-122.37849,37.730614],[-122.37894,37.730972],[-122.37894,37.731693],[-122.37803,37.732414],[-122.38165,37.7353],[-122.380745,37.73602],[-122.38165,37.73674],[-122.38165,37.73746],[-122.38256,37.738182],[-122.38256,37.740345],[-122.38347,37.741066],[-122.38256,37.741787],[-122.38347,37.742508],[-122.38256,37.74323],[-122.38301,37.743587],[-122.38392,37.743587],[-122.38528,37.74467],[-122.38528,37.745388],[-122.38483,37.74575],[-122.38392,37.74503],[-122.38256,37.74611],[-122.38392,37.747192],[-122.38483,37.74728],[-122.38935,37.74728],[-122.392075,37.74575],[-122.392525,37.745388],[-122.39162,37.74467],[-122.39162,37.74323],[-122.392525,37.742508],[-122.392525,37.741787],[-122.392075,37.741425],[-122.39117,37.742146],[-122.392075,37.739983],[-122.3957,37.739983],[-122.3966,37.740704],[-122.39932,37.740704],[-122.40068,37.741787],[-122.39977,37.742508],[-122.40022,37.742867],[-122.40113,37.742867],[-122.40158,37.74323],[-122.40158,37.74467],[-122.40068,37.745388],[-122.40158,37.74611],[-122.40158,37.74683],[-122.39977,37.748272],[-122.39977,37.748993],[-122.39932,37.749355],[-122.39751,37.749355],[-122.39706,37.748993],[-122.39706,37.74683],[-122.3966,37.74647],[-122.3957,37.74647],[-122.39388,37.74503],[-122.39343,37.745388],[-122.39343,37.74611],[-122.39388,37.74647],[-122.39479,37.74647],[-122.39524,37.74683],[-122.39524,37.74755],[-122.39434,37.748272],[-122.39524,37.748993],[-122.39388,37.750076],[-122.39343,37.749714],[-122.39343,37.748272],[-122.392975,37.747913],[-122.392075,37.747913],[-122.39117,37.74782],[-122.38483,37.74782],[-122.38437,37.748272],[-122.38392,37.749355],[-122.38211,37.749355],[-122.380745,37.750435],[-122.38211,37.75152],[-122.38392,37.75152],[-122.38437,37.751877],[-122.38347,37.752598],[-122.38347,37.75332],[-122.383354,37.75404],[-122.38211,37.75512],[-122.38165,37.75548],[-122.38165,37.756924],[-122.38154,37.757645],[-122.38154,37.759808],[-122.38245,37.761246],[-122.385735,37.76386],[-122.38607,37.76557],[-122.38426,37.769897],[-122.38301,37.77233],[-122.38211,37.77233],[-122.38154,37.77278],[-122.38154,37.774223],[-122.38211,37.774673],[-122.385735,37.77521],[-122.38516,37.77566],[-122.385735,37.776115],[-122.38754,37.776833],[-122.38935,37.777374],[-122.387886,37.778545],[-122.386635,37.7817],[-122.38516,37.78287],[-122.385735,37.78332],[-122.38483,37.785305],[-122.38426,37.785755],[-122.38426,37.787197],[-122.385735,37.78837],[-122.385735,37.788906],[-122.38516,37.78936],[-122.385735,37.78981],[-122.386635,37.78981],[-122.38879,37.7908],[-122.3915,37.793682],[-122.39332,37.795845],[-122.39241,37.798008],[-122.392975,37.79846],[-122.39694,37.80017],[-122.39751,37.80062],[-122.39785,37.803055],[-122.39932,37.804226],[-122.400566,37.806656],[-122.40113,37.807106],[-122.40295,37.807827],[-122.404755,37.807827],[-122.406,37.80954],[-122.40657,37.80999],[-122.407135,37.80954],[-122.40962,37.81098],[-122.410194,37.81143],[-122.411095,37.81143],[-122.41166,37.81098],[-122.41834,37.81143],[-122.42016,37.81143],[-122.42072,37.81098],[-122.42016,37.81053],[-122.417435,37.808548],[-122.41925,37.808548],[-122.420494,37.80882],[-122.42106,37.80927],[-122.4265,37.807827],[-122.42831,37.807827],[-122.429214,37.80774],[-122.429665,37.807377],[-122.429665,37.806656],[-122.43057,37.805935],[-122.43057,37.805214],[-122.43148,37.804493],[-122.43148,37.803776],[-122.43239,37.803055],[-122.43239,37.802334],[-122.43375,37.80125],[-122.434654,37.80197],[-122.435555,37.80197],[-122.43646,37.802692],[-122.43873,37.80089],[-122.43873,37.80017],[-122.43964,37.79945],[-122.43964,37.79873],[-122.43918,37.798367],[-122.43827,37.798367],[-122.43782,37.798008],[-122.43782,37.797287],[-122.43827,37.79693],[-122.43918,37.79693],[-122.43964,37.796566],[-122.43873,37.795845],[-122.43873,37.793682],[-122.43918,37.793324],[-122.440994,37.793324],[-122.44326,37.79152],[-122.44326,37.7908],[-122.44416,37.790077],[-122.44416,37.786476],[-122.44462,37.786114],[-122.44552,37.786114],[-122.44598,37.786476],[-122.44507,37.787197],[-122.44507,37.787918],[-122.44552,37.788277],[-122.447334,37.788277],[-122.44869,37.787197],[-122.44869,37.785755],[-122.45096,37.78395],[-122.451866,37.78395],[-122.45277,37.78323],[-122.453674,37.78323],[-122.45549,37.78179],[-122.45639,37.78179],[-122.458206,37.78323],[-122.459114,37.78323],[-122.459564,37.78287],[-122.459564,37.78215],[-122.460014,37.78179],[-122.46092,37.78179],[-122.46137,37.78143],[-122.46137,37.78071],[-122.46092,37.78035],[-122.460014,37.78035],[-122.459564,37.779987],[-122.459564,37.779266],[-122.459114,37.778908],[-122.45866,37.779266],[-122.45866,37.779987],[-122.458206,37.78035],[-122.453674,37.78035],[-122.45277,37.77963],[-122.451866,37.78035],[-122.45096,37.77963],[-122.44914,37.77963],[-122.44869,37.779266],[-122.44869,37.778545],[-122.447784,37.777824],[-122.447784,37.776382],[-122.44869,37.77566],[-122.447334,37.774582],[-122.44552,37.774582],[-122.44416,37.77566],[-122.44416,37.776382],[-122.44371,37.776745],[-122.441895,37.775303],[-122.440994,37.775303],[-122.44054,37.77494],[-122.44054,37.773502],[-122.441444,37.77278],[-122.441444,37.77134],[-122.441895,37.770977],[-122.4428,37.770977],[-122.44326,37.77062],[-122.44235,37.769897],[-122.44235,37.768456],[-122.441444,37.767735],[-122.441444,37.766293],[-122.441895,37.765934],[-122.44371,37.765934],[-122.44416,37.76557],[-122.44416,37.76341],[-122.44552,37.76233],[-122.44643,37.76233],[-122.446884,37.761967],[-122.44507,37.760525],[-122.44507,37.759087],[-122.44462,37.758724],[-122.44371,37.758724],[-122.441895,37.757282],[-122.44009,37.757282],[-122.43964,37.756924],[-122.43964,37.75476],[-122.44054,37.75404],[-122.43964,37.75332],[-122.43964,37.752598],[-122.43873,37.751877],[-122.43873,37.751156],[-122.43827,37.750797],[-122.43737,37.750797],[-122.43691,37.750435],[-122.43691,37.749714],[-122.43601,37.748993],[-122.43601,37.748272],[-122.43375,37.74647],[-122.43329,37.74683],[-122.43329,37.74755],[-122.43284,37.747913],[-122.43239,37.74755],[-122.43239,37.74683],[-122.43193,37.74647],[-122.43103,37.74647],[-122.43057,37.74683],[-122.43057,37.750435],[-122.43012,37.750797],[-122.42831,37.750797],[-122.42786,37.750435],[-122.42786,37.749714],[-122.42741,37.749355],[-122.4265,37.750076],[-122.42604,37.749714],[-122.42604,37.74611],[-122.42423,37.74467],[-122.42423,37.74395],[-122.42468,37.743587],[-122.4265,37.743587],[-122.42786,37.742508],[-122.42786,37.741787],[-122.42695,37.741066],[-122.42695,37.738182],[-122.42831,37.737103],[-122.429214,37.737103],[-122.43012,37.73782],[-122.43103,37.737103],[-122.43193,37.737103],[-122.43329,37.738182],[-122.43329,37.738903],[-122.43375,37.73926],[-122.434654,37.73926],[-122.435555,37.739983],[-122.43646,37.739983],[-122.43782,37.738903],[-122.43782,37.73746],[-122.43918,37.73638],[-122.44009,37.737103],[-122.44054,37.73674],[-122.44054,37.73602],[-122.440994,37.73566],[-122.441895,37.73566],[-122.44235,37.7353],[-122.441895,37.73494],[-122.440994,37.73494],[-122.44054,37.734577],[-122.44054,37.733856],[-122.441444,37.733135],[-122.441444,37.730972],[-122.43918,37.72917],[-122.43827,37.72917],[-122.43737,37.729893],[-122.43646,37.72917],[-122.435555,37.72917],[-122.435104,37.728813],[-122.435104,37.728092],[-122.4342,37.72737],[-122.4342,37.72665],[-122.43375,37.726288],[-122.43284,37.72701],[-122.43193,37.72701],[-122.43148,37.72737],[-122.43103,37.72773],[-122.43057,37.72737],[-122.43057,37.72665],[-122.429214,37.725567],[-122.42831,37.725567]],[[-122.42378,37.73422],[-122.422874,37.73422],[-122.42152,37.7353],[-122.422424,37.73602],[-122.42197,37.73638],[-122.42106,37.73638],[-122.4197,37.73746],[-122.42106,37.73854],[-122.42197,37.73854],[-122.422424,37.738903],[-122.42197,37.73926],[-122.41925,37.73926],[-122.41834,37.73854],[-122.41789,37.738903],[-122.41789,37.739624],[-122.416985,37.740345],[-122.416985,37.742508],[-122.41608,37.74323],[-122.41608,37.74395],[-122.41563,37.74431],[-122.41472,37.74431],[-122.41381,37.743587],[-122.410194,37.743587],[-122.40974,37.74323],[-122.40974,37.742508],[-122.410194,37.742146],[-122.411095,37.742867],[-122.41381,37.740704],[-122.41472,37.740704],[-122.41518,37.740345],[-122.41518,37.738903],[-122.41381,37.73782],[-122.412,37.73782],[-122.41155,37.73746],[-122.41155,37.73674],[-122.412,37.73638],[-122.41834,37.73638],[-122.4188,37.73602],[-122.4188,37.733856],[-122.41834,37.733498],[-122.417435,37.733498],[-122.416534,37.73422],[-122.41563,37.73422],[-122.41336,37.732414],[-122.41381,37.732056],[-122.41472,37.732056],[-122.41563,37.731335],[-122.416534,37.731335],[-122.417435,37.732056],[-122.41834,37.731335],[-122.42016,37.731335],[-122.42061,37.731693],[-122.42061,37.732414],[-122.42106,37.732777],[-122.42152,37.732414],[-122.42152,37.731693],[-122.422424,37.730972],[-122.42152,37.73025],[-122.42197,37.729893],[-122.42378,37.729893],[-122.42514,37.730972],[-122.42514,37.731693],[-122.42559,37.732056],[-122.4265,37.732056],[-122.42695,37.732414],[-122.42559,37.733498],[-122.42468,37.733498],[-122.42378,37.73422]]]]}},{"type":"Feature","properties":{"contour":38},"geometry":{"type":"MultiPolygon","coordinates":[[[[-122.46202,37.740707],[-122.46111,37.740707],[-122.46066,37.74107],[-122.46066,37.74179],[-122.46157,37.74251],[-122.46157,37.743233],[-122.46111,37.74359],[-122.45749,37.74359],[-122.45704,37.743233],[-122.45704,37.74251],[-122.45659,37.74215],[-122.45568,37.74215],[-122.45477,37.74287],[-122.44843,37.74287],[-122.447075,37.74179],[-122.44798,37.74107],[-122.447525,37.740707],[-122.44481,37.740707],[-122.4439,37.739986],[-122.44345,37.74035],[-122.44888,37.74467],[-122.44888,37.74539],[-122.44798,37.746113],[-122.44888,37.746834],[-122.44888,37.747555],[-122.44934,37.747917],[-122.45024,37.747196],[-122.45206,37.747196],[-122.45477,37.74936],[-122.45568,37.74936],[-122.45795,37.75116],[-122.45795,37.75188],[-122.4584,37.75224],[-122.459305,37.75224],[-122.46021,37.75296],[-122.46078,37.7526],[-122.46293,37.751522],[-122.46429,37.75044],[-122.46429,37.748276],[-122.46338,37.747555],[-122.46383,37.747196],[-122.46474,37.747196],[-122.465195,37.746834],[-122.465195,37.74539],[-122.465645,37.745033],[-122.46655,37.745033],[-122.467,37.74467],[-122.467,37.743954],[-122.46791,37.743233],[-122.46791,37.74251],[-122.46836,37.74215],[-122.46927,37.74287],[-122.47063,37.74179],[-122.47063,37.74035],[-122.471535,37.739628],[-122.47063,37.738907],[-122.47244,37.737465],[-122.471535,37.736744],[-122.471535,37.736023],[-122.47244,37.735302],[-122.47244,37.73458],[-122.471985,37.734222],[-122.47018,37.734222],[-122.46972,37.73458],[-122.47063,37.735302],[-122.47018,37.735664],[-122.46927,37.735664],[-122.46836,37.736385],[-122.46745,37.736385],[-122.467,37.736744],[-122.467,37.737465],[-122.46655,37.737823],[-122.465645,37.737823],[-122.46474,37.738544],[-122.46383,37.737823],[-122.46338,37.738186],[-122.46429,37.738907],[-122.46383,37.739265],[-122.46293,37.739265],[-122.46247,37.739628],[-122.46247,37.74035],[-122.46202,37.740707]]],[[[-122.46927,37.70467],[-122.46836,37.70395],[-122.46655,37.70395],[-122.466095,37.704308],[-122.466095,37.70575],[-122.465195,37.70647],[-122.466095,37.70719],[-122.466095,37.708633],[-122.46655,37.708992],[-122.46745,37.70827],[-122.46836,37.70827],[-122.46927,37.708992],[-122.46972,37.708633],[-122.46972,37.707912],[-122.47063,37.70719],[-122.47063,37.70575],[-122.471535,37.70503],[-122.47108,37.70467],[-122.47063,37.704308],[-122.47063,37.703587],[-122.47018,37.703228],[-122.46972,37.703587],[-122.46972,37.704308],[-122.46927,37.70467]]],[[[-122.44934,37.717644],[-122.447525,37.7162],[-122.44662,37.716923],[-122.44572,37.7162],[-122.44481,37.716923],[-122.4439,37.7162],[-122.44299,37.716923],[-122.441635,37.71584],[-122.44254,37.71512],[-122.44209,37.71476],[-122.441185,37.71476],[-122.44028,37.71548],[-122.43938,37.71548],[-122.43892,37.71512],[-122.43892,37.7144],[-122.43847,37.71404],[-122.43665,37.71404],[-122.43575,37.713318],[-122.435295,37.71368],[-122.435295,37.7144],[-122.43665,37.71548],[-122.43756,37.71548],[-122.43892,37.71656],[-122.43892,37.718002],[-122.43938,37.718365],[-122.44028,37.718365],[-122.440735,37.718723],[-122.440735,37.719444],[-122.43983,37.720165],[-122.44028,37.720528],[-122.441185,37.720528],[-122.441635,37.720886],[-122.44028,37.72197],[-122.43847,37.72197],[-122.43756,37.722687],[-122.43665,37.72197],[-122.43575,37.72197],[-122.434845,37.72125],[-122.43394,37.72125],[-122.43303,37.720528],[-122.43258,37.720886],[-122.43258,37.721607],[-122.43349,37.72233],[-122.43349,37.72305],[-122.43439,37.72377],[-122.43439,37.72449],[-122.43213,37.72629],[-122.43031,37.72629],[-122.428505,37.72485],[-122.42216,37.72485],[-122.42126,37.72413],[-122.41944,37.72413],[-122.41853,37.723408],[-122.41763,37.723408],[-122.416725,37.72413],[-122.41582,37.72413],[-122.41537,37.72377],[-122.416275,37.72305],[-122.416275,37.721607],[-122.41537,37.720886],[-122.41537,37.719444],[-122.41582,37.719086],[-122.416725,37.719086],[-122.417175,37.719444],[-122.417175,37.720165],[-122.41853,37.72125],[-122.41944,37.72125],[-122.42126,37.719807],[-122.423065,37.719807],[-122.42352,37.719444],[-122.42352,37.718723],[-122.42533,37.71728],[-122.42488,37.716923],[-122.423065,37.716923],[-122.42216,37.717644],[-122.42035,37.717644],[-122.41944,37.716923],[-122.41492,37.716923],[-122.41446,37.71656],[-122.41446,37.71584],[-122.41401,37.71548],[-122.4131,37.7162],[-122.40948,37.7162],[-122.40903,37.71584],[-122.40903,37.7144],[-122.40948,37.71404],[-122.41129,37.71404],[-122.41265,37.71296],[-122.41265,37.71224],[-122.4131,37.711876],[-122.41401,37.711876],[-122.41492,37.712597],[-122.416725,37.712597],[-122.417175,37.71224],[-122.416725,37.711876],[-122.41582,37.711876],[-122.41492,37.711155],[-122.41401,37.711155],[-122.41355,37.710796],[-122.41355,37.710075],[-122.4131,37.709713],[-122.41129,37.709713],[-122.410385,37.708992],[-122.40948,37.708992],[-122.40857,37.70827],[-122.40767,37.708992],[-122.40721,37.708633],[-122.40721,37.707912],[-122.40631,37.70719],[-122.40631,37.70647],[-122.40585,37.706112],[-122.404945,37.706833],[-122.404045,37.706833],[-122.40269,37.70575],[-122.40269,37.702866],[-122.40178,37.702145],[-122.40178,37.701424],[-122.40042,37.700344],[-122.39951,37.700344],[-122.39906,37.700703],[-122.39906,37.701424],[-122.39725,37.702866],[-122.39725,37.70575],[-122.3968,37.706112],[-122.39589,37.70539],[-122.39498,37.70539],[-122.39453,37.70575],[-122.39453,37.70647],[-122.39544,37.70719],[-122.39544,37.707912],[-122.39498,37.70827],[-122.39317,37.70827],[-122.39261,37.708633],[-122.392715,37.711517],[-122.39408,37.712597],[-122.39498,37.712597],[-122.39589,37.711876],[-122.39634,37.71224],[-122.39634,37.7144],[-122.39725,37.71512],[-122.39725,37.71584],[-122.398155,37.71656],[-122.3977,37.716923],[-122.3968,37.716923],[-122.39634,37.71728],[-122.39634,37.718002],[-122.39408,37.719807],[-122.39362,37.719444],[-122.39362,37.718723],[-122.39317,37.718365],[-122.392265,37.718365],[-122.391815,37.718002],[-122.391815,37.71728],[-122.39136,37.716923],[-122.39046,37.716923],[-122.38955,37.7162],[-122.38909,37.71656],[-122.38909,37.718723],[-122.38819,37.719444],[-122.39,37.720886],[-122.39,37.72233],[-122.39136,37.723408],[-122.39317,37.723408],[-122.39362,37.72377],[-122.39362,37.725212],[-122.39408,37.72557],[-122.39589,37.72557],[-122.39634,37.725933],[-122.39634,37.727375],[-122.39362,37.729534],[-122.39362,37.731697],[-122.39317,37.73206],[-122.392715,37.731697],[-122.392715,37.730255],[-122.392265,37.729897],[-122.39046,37.729897],[-122.38955,37.729176],[-122.38864,37.729176],[-122.38773,37.729897],[-122.38502,37.729897],[-122.38457,37.730255],[-122.38457,37.730976],[-122.38411,37.73134],[-122.38321,37.73134],[-122.3823,37.73206],[-122.38139,37.73206],[-122.38094,37.731697],[-122.38094,37.730255],[-122.380486,37.729897],[-122.37868,37.729897],[-122.37686,37.728455],[-122.37596,37.729176],[-122.37505,37.729176],[-122.3746,37.729534],[-122.37596,37.730618],[-122.37777,37.730618],[-122.37823,37.730976],[-122.37823,37.732418],[-122.37913,37.73314],[-122.37913,37.73458],[-122.379585,37.734943],[-122.380486,37.734943],[-122.38094,37.735302],[-122.38094,37.736023],[-122.38185,37.736744],[-122.38185,37.737465],[-122.38094,37.738186],[-122.38185,37.738907],[-122.38185,37.743233],[-122.38321,37.744312],[-122.38411,37.744312],[-122.38457,37.74467],[-122.38411,37.745033],[-122.38321,37.745033],[-122.38185,37.746113],[-122.38321,37.747196],[-122.38377,37.746834],[-122.38502,37.747284],[-122.39046,37.747284],[-122.39317,37.745754],[-122.39544,37.747555],[-122.39498,37.747917],[-122.39317,37.747917],[-122.39261,37.748276],[-122.39193,37.748276],[-122.39136,37.747917],[-122.39046,37.747826],[-122.38411,37.747826],[-122.38366,37.748276],[-122.38411,37.74936],[-122.38321,37.74936],[-122.3823,37.74864],[-122.38094,37.749718],[-122.38094,37.75044],[-122.380035,37.75116],[-122.38275,37.753323],[-122.38264,37.754044],[-122.3823,37.755035],[-122.38185,37.755486],[-122.38139,37.757286],[-122.38083,37.75765],[-122.38083,37.75909],[-122.38174,37.76125],[-122.38321,37.76242],[-122.38536,37.766296],[-122.38411,37.76945],[-122.383545,37.7699],[-122.38321,37.77233],[-122.3823,37.77233],[-122.38174,37.772785],[-122.38174,37.774223],[-122.3823,37.774677],[-122.38502,37.775215],[-122.38445,37.775665],[-122.38502,37.776115],[-122.38773,37.776836],[-122.38773,37.7781],[-122.38717,37.77855],[-122.385925,37.781704],[-122.38445,37.782875],[-122.38502,37.783325],[-122.38502,37.78531],[-122.38445,37.78576],[-122.38445,37.7872],[-122.385925,37.788372],[-122.385925,37.78891],[-122.38536,37.78936],[-122.385925,37.789814],[-122.389885,37.792244],[-122.39351,37.79585],[-122.39261,37.79801],[-122.39317,37.798462],[-122.39713,37.800175],[-122.3977,37.800625],[-122.39804,37.80306],[-122.39951,37.80423],[-122.40076,37.80666],[-122.40132,37.80711],[-122.40314,37.80783],[-122.404945,37.80783],[-122.4062,37.809544],[-122.40676,37.809994],[-122.407326,37.809544],[-122.40982,37.810986],[-122.410385,37.811436],[-122.41129,37.811436],[-122.41186,37.810986],[-122.41853,37.811436],[-122.42035,37.811436],[-122.42091,37.810986],[-122.42035,37.810535],[-122.41763,37.80855],[-122.41944,37.80855],[-122.42069,37.808823],[-122.42126,37.809273],[-122.42669,37.80783],[-122.428505,37.80783],[-122.429405,37.807743],[-122.43076,37.80666],[-122.43076,37.80594],[-122.43167,37.805218],[-122.43167,37.803776],[-122.43258,37.80306],[-122.43258,37.802338],[-122.43303,37.801975],[-122.434845,37.801975],[-122.435295,37.802338],[-122.435295,37.80306],[-122.43575,37.803417],[-122.43665,37.803417],[-122.43801,37.802338],[-122.43801,37.800896],[-122.43847,37.800533],[-122.43938,37.800533],[-122.440735,37.799454],[-122.440735,37.798733],[-122.44028,37.79837],[-122.43847,37.79837],[-122.43801,37.79801],[-122.43801,37.79729],[-122.43847,37.79693],[-122.43938,37.79693],[-122.43983,37.79657],[-122.43983,37.79585],[-122.43892,37.795128],[-122.43892,37.794407],[-122.43938,37.79405],[-122.44209,37.79405],[-122.44254,37.793686],[-122.44254,37.792965],[-122.44345,37.792244],[-122.44345,37.790802],[-122.44526,37.78936],[-122.44526,37.78792],[-122.44572,37.78756],[-122.44617,37.78792],[-122.44617,37.788643],[-122.44662,37.789],[-122.447525,37.789],[-122.44888,37.78792],[-122.44888,37.78648],[-122.44934,37.786118],[-122.44979,37.78648],[-122.44979,37.78792],[-122.45024,37.78828],[-122.4507,37.78792],[-122.4507,37.78648],[-122.44979,37.78576],[-122.452965,37.783234],[-122.453865,37.783234],[-122.45477,37.782513],[-122.45749,37.782513],[-122.45885,37.783596],[-122.45885,37.784317],[-122.459305,37.784676],[-122.459755,37.784317],[-122.459755,37.783596],[-122.46202,37.78179],[-122.46293,37.78179],[-122.46383,37.782513],[-122.46474,37.782513],[-122.467,37.780712],[-122.46655,37.780354],[-122.465645,37.780354],[-122.46474,37.779633],[-122.46293,37.779633],[-122.46247,37.77999],[-122.46247,37.780712],[-122.46202,37.781075],[-122.46066,37.77999],[-122.46066,37.77927],[-122.4584,37.77747],[-122.45795,37.77783],[-122.45795,37.77855],[-122.45659,37.779633],[-122.453865,37.779633],[-122.452965,37.780354],[-122.45206,37.780354],[-122.45115,37.779633],[-122.44934,37.779633],[-122.44888,37.77927],[-122.44979,37.77855],[-122.44934,37.77819],[-122.44843,37.77819],[-122.44798,37.77783],[-122.44798,37.777107],[-122.44888,37.776386],[-122.44888,37.774223],[-122.44843,37.773865],[-122.447525,37.773865],[-122.44662,37.773144],[-122.44572,37.773144],[-122.44526,37.773506],[-122.44526,37.774223],[-122.44481,37.774586],[-122.4439,37.774586],[-122.44345,37.774944],[-122.44345,37.775665],[-122.44299,37.776028],[-122.441635,37.774944],[-122.441635,37.772785],[-122.4439,37.77098],[-122.44481,37.77098],[-122.44572,37.7717],[-122.44617,37.771343],[-122.44617,37.7699],[-122.44481,37.768818],[-122.4439,37.76954],[-122.44299,37.76954],[-122.44254,37.76918],[-122.44254,37.767017],[-122.44299,37.766655],[-122.44481,37.766655],[-122.44526,37.766296],[-122.44526,37.764854],[-122.44436,37.764133],[-122.44436,37.763412],[-122.44481,37.763054],[-122.44662,37.763054],[-122.447525,37.762333],[-122.44843,37.762333],[-122.44888,37.76269],[-122.447075,37.764133],[-122.447075,37.766296],[-122.44617,37.767017],[-122.44662,37.767376],[-122.447525,37.767376],[-122.44934,37.768818],[-122.45115,37.768818],[-122.45206,37.768097],[-122.453865,37.768097],[-122.45522,37.767017],[-122.45522,37.766296],[-122.45568,37.765938],[-122.45749,37.765938],[-122.459755,37.764133],[-122.459305,37.763775],[-122.45749,37.763775],[-122.45659,37.763054],[-122.45568,37.763775],[-122.45477,37.763775],[-122.453865,37.763054],[-122.452965,37.763054],[-122.45206,37.762333],[-122.45115,37.762333],[-122.45024,37.763054],[-122.44979,37.76269],[-122.44979,37.76125],[-122.44934,37.76089],[-122.44662,37.76089],[-122.44617,37.76053],[-122.44617,37.759808],[-122.44299,37.757286],[-122.44028,37.757286],[-122.43983,37.756927],[-122.43983,37.756207],[-122.440735,37.755486],[-122.440735,37.754044],[-122.43983,37.753323],[-122.43983,37.75188],[-122.43847,37.7508],[-122.43756,37.7508],[-122.43711,37.75044],[-122.43711,37.747555],[-122.43665,37.747196],[-122.434845,37.747196],[-122.43439,37.746834],[-122.43439,37.746113],[-122.43394,37.745754],[-122.43213,37.745754],[-122.43167,37.74539],[-122.43258,37.74467],[-122.43213,37.744312],[-122.43122,37.744312],[-122.43076,37.74467],[-122.43076,37.749718],[-122.43031,37.75008],[-122.429405,37.75008],[-122.42805,37.748997],[-122.42805,37.748276],[-122.4276,37.747917],[-122.42669,37.747917],[-122.42624,37.747555],[-122.42624,37.746834],[-122.42715,37.746113],[-122.42669,37.745754],[-122.42578,37.745754],[-122.42442,37.74467],[-122.42442,37.743954],[-122.42488,37.74359],[-122.42578,37.74359],[-122.42669,37.744312],[-122.42805,37.743233],[-122.42805,37.74251],[-122.428955,37.74179],[-122.42805,37.74107],[-122.42805,37.738186],[-122.428505,37.737823],[-122.429405,37.738544],[-122.43122,37.737103],[-122.43213,37.737103],[-122.43349,37.738186],[-122.43349,37.738907],[-122.43439,37.739628],[-122.43439,37.74035],[-122.434845,37.740707],[-122.43665,37.740707],[-122.43711,37.74035],[-122.43711,37.739628],[-122.43801,37.738907],[-122.43801,37.738186],[-122.43847,37.737823],[-122.44028,37.737823],[-122.440735,37.737465],[-122.440735,37.736744],[-122.441185,37.736385],[-122.44209,37.736385],[-122.44254,37.736023],[-122.44254,37.735302],[-122.441635,37.73458],[-122.441635,37.73386],[-122.44254,37.73314],[-122.44254,37.731697],[-122.441635,37.730976],[-122.441635,37.729534],[-122.44028,37.728455],[-122.43938,37.728455],[-122.43847,37.729176],[-122.43756,37.728455],[-122.43665,37.729176],[-122.4362,37.728817],[-122.4362,37.728096],[-122.43575,37.727734],[-122.434845,37.727734],[-122.43439,37.727375],[-122.43439,37.725212],[-122.434845,37.72485],[-122.43665,37.72485],[-122.43711,37.725212],[-122.43711,37.725933],[-122.43756,37.72629],[-122.43847,37.72557],[-122.44028,37.72557],[-122.441185,37.72485],[-122.44209,37.72557],[-122.4439,37.72557],[-122.44436,37.725212],[-122.44436,37.72449],[-122.44481,37.72413],[-122.44662,37.72413],[-122.447525,37.72485],[-122.44843,37.72485],[-122.44934,37.72557],[-122.45115,37.72557],[-122.45161,37.725212],[-122.45161,37.72449],[-122.45206,37.72413],[-122.45659,37.72413],[-122.45704,37.72377],[-122.45659,37.723408],[-122.45568,37.723408],[-122.45477,37.723408],[-122.45251,37.721607],[-122.45251,37.719444],[-122.45161,37.718723],[-122.45161,37.718002],[-122.45115,37.717644],[-122.44934,37.717644]]],[[[-122.41537,37.629345],[-122.41492,37.628986],[-122.41401,37.628986],[-122.4131,37.629707],[-122.41174,37.628624],[-122.41174,37.627903],[-122.41129,37.627544],[-122.410385,37.627544],[-122.40993,37.627903],[-122.40993,37.628624],[-122.40721,37.630787],[-122.40857,37.63187],[-122.40948,37.63187],[-122.40993,37.63223],[-122.40993,37.63295],[-122.41129,37.63403],[-122.4131,37.63259],[-122.41401,37.63259],[-122.41446,37.63223],[-122.41355,37.631508],[-122.41355,37.630066],[-122.41401,37.629707],[-122.41492,37.63043],[-122.41537,37.630066],[-122.41537,37.629345]]],[[[-122.40132,37.653492],[-122.40042,37.653492],[-122.39951,37.654213],[-122.398605,37.654213],[-122.398155,37.654575],[-122.39996,37.656013],[-122.39996,37.658897],[-122.40042,37.65926],[-122.40132,37.65926],[-122.40223,37.65854],[-122.40314,37.65854],[-122.40359,37.658897],[-122.40359,37.65962],[-122.404045,37.65998],[-122.4054,37.658897],[-122.4054,37.658176],[-122.40676,37.657097],[-122.40767,37.657097],[-122.40857,37.656376],[-122.40948,37.656376],[-122.410835,37.655293],[-122.410835,37.654575],[-122.40903,37.653133],[-122.40903,37.652412],[-122.40857,37.65205],[-122.40676,37.653492],[-122.40631,37.653133],[-122.40631,37.65169],[-122.40585,37.65133],[-122.404945,37.65133],[-122.404045,37.65205],[-122.40223,37.65205],[-122.40178,37.652412],[-122.40178,37.653133],[-122.40132,37.653492]]],[[[-122.302124,37.804497],[-122.302124,37.80306],[-122.300766,37.801975],[-122.299866,37.801975],[-122.29896,37.802696],[-122.29805,37.801975],[-122.294426,37.801975],[-122.293976,37.801617],[-122.293976,37.800896],[-122.29307,37.800175],[-122.29307,37.799454],[-122.29262,37.79909],[-122.29171,37.799812],[-122.288994,37.799812],[-122.28627,37.801975],[-122.28537,37.801975],[-122.28401,37.80306],[-122.28401,37.803776],[-122.28627,37.80558],[-122.28718,37.80558],[-122.287636,37.80594],[-122.28673,37.80666],[-122.288536,37.8081],[-122.288536,37.808823],[-122.287636,37.809544],[-122.287636,37.810986],[-122.288086,37.811344],[-122.289894,37.811344],[-122.29126,37.812428],[-122.29126,37.81315],[-122.29171,37.813507],[-122.29262,37.812786],[-122.29352,37.812786],[-122.294876,37.81387],[-122.294876,37.81459],[-122.295334,37.81495],[-122.299866,37.81495],[-122.30122,37.81387],[-122.30122,37.812428],[-122.30349,37.810627],[-122.30439,37.810627],[-122.30485,37.810265],[-122.30485,37.808823],[-122.3053,37.808464],[-122.306206,37.808464],[-122.306656,37.8081],[-122.306206,37.807743],[-122.3053,37.807743],[-122.30485,37.80738],[-122.30485,37.80666],[-122.30394,37.80594],[-122.30394,37.805218],[-122.30349,37.80486],[-122.30258,37.80486],[-122.302124,37.804497]]],[[[-122.2677,37.802338],[-122.2677,37.804497],[-122.269516,37.80594],[-122.26906,37.8063],[-122.26816,37.8063],[-122.2668,37.80738],[-122.2668,37.808823],[-122.26816,37.809906],[-122.26906,37.809906],[-122.269966,37.809185],[-122.270874,37.809185],[-122.271324,37.808823],[-122.271324,37.80738],[-122.27178,37.807022],[-122.27268,37.807022],[-122.2745,37.80558],[-122.275406,37.80558],[-122.275856,37.805218],[-122.27495,37.804497],[-122.27495,37.801617],[-122.2745,37.801254],[-122.27359,37.800533],[-122.27178,37.800533],[-122.270874,37.801254],[-122.26906,37.801254],[-122.2677,37.802338]]],[[[-122.26861,37.795128],[-122.26861,37.793686],[-122.26816,37.793327],[-122.26725,37.79405],[-122.26634,37.79405],[-122.265434,37.79477],[-122.263626,37.793327],[-122.26227,37.794407],[-122.26227,37.795128],[-122.26181,37.79549],[-122.26,37.79549],[-122.25955,37.79585],[-122.26045,37.79657],[-122.26045,37.79801],[-122.26136,37.798733],[-122.26136,37.800175],[-122.26227,37.800896],[-122.26227,37.801617],[-122.26272,37.801975],[-122.263626,37.801254],[-122.26634,37.801254],[-122.26725,37.800533],[-122.26906,37.800533],[-122.269516,37.800175],[-122.269516,37.799454],[-122.27042,37.798733],[-122.27042,37.79801],[-122.269516,37.79729],[-122.269516,37.79585],[-122.26861,37.795128]]]]}},{"type":"Feature","properties":{"contour":39},"geometry":{"type":"MultiPolygon","coordinates":[[[[-122.46585,37.707916],[-122.46585,37.70936],[-122.46631,37.709717],[-122.46722,37.708996],[-122.47083,37.708996],[-122.47129,37.708637],[-122.47038,37.707916],[-122.47038,37.707195],[-122.47129,37.706474],[-122.47129,37.705753],[-122.4722,37.705032],[-122.4722,37.70431],[-122.47083,37.70323],[-122.46993,37.70323],[-122.469025,37.703953],[-122.46631,37.703953],[-122.46495,37.705032],[-122.46495,37.707195],[-122.46585,37.707916]]],[[[-122.47129,37.733864],[-122.47083,37.734226],[-122.46993,37.734226],[-122.469475,37.734585],[-122.469475,37.735306],[-122.469025,37.73567],[-122.468575,37.735306],[-122.468575,37.734585],[-122.46812,37.734226],[-122.46767,37.734585],[-122.46767,37.735306],[-122.468575,37.736027],[-122.46812,37.736385],[-122.46631,37.736385],[-122.4654,37.73567],[-122.46495,37.736027],[-122.46585,37.736748],[-122.46449,37.737827],[-122.46359,37.737106],[-122.463135,37.73747],[-122.463135,37.73891],[-122.46178,37.73999],[-122.46087,37.73999],[-122.45951,37.741074],[-122.45997,37.741432],[-122.46087,37.741432],[-122.46133,37.741795],[-122.46042,37.742516],[-122.46042,37.743237],[-122.45906,37.744316],[-122.45815,37.744316],[-122.456795,37.743237],[-122.4577,37.742516],[-122.4577,37.741795],[-122.457245,37.741432],[-122.45544,37.741432],[-122.45453,37.742153],[-122.450905,37.742153],[-122.45,37.742874],[-122.4491,37.742874],[-122.44864,37.742516],[-122.44864,37.741795],[-122.44728,37.74071],[-122.44547,37.74071],[-122.445015,37.740353],[-122.445015,37.73963],[-122.444565,37.73927],[-122.44321,37.740353],[-122.44366,37.74071],[-122.444565,37.74071],[-122.445015,37.741074],[-122.445015,37.741795],[-122.44774,37.743954],[-122.44774,37.745396],[-122.44683,37.746117],[-122.44683,37.746838],[-122.4491,37.748642],[-122.44955,37.74828],[-122.44955,37.74756],[-122.45,37.7472],[-122.450905,37.74792],[-122.45272,37.74792],[-122.45453,37.749363],[-122.45544,37.749363],[-122.4577,37.751163],[-122.4577,37.752605],[-122.45815,37.752964],[-122.45997,37.752964],[-122.46053,37.752605],[-122.46449,37.751522],[-122.46495,37.751163],[-122.46495,37.750443],[-122.46404,37.74972],[-122.46404,37.74828],[-122.46585,37.746838],[-122.46585,37.746117],[-122.46676,37.745396],[-122.46676,37.744675],[-122.46722,37.744316],[-122.46812,37.744316],[-122.47083,37.742153],[-122.47174,37.742153],[-122.4722,37.741795],[-122.4722,37.741074],[-122.47129,37.740353],[-122.47129,37.73891],[-122.47174,37.73855],[-122.47265,37.73855],[-122.4731,37.73819],[-122.4731,37.73747],[-122.4722,37.736748],[-122.4722,37.736027],[-122.47401,37.734585],[-122.47174,37.732784],[-122.47129,37.733143],[-122.47129,37.733864]]],[[[-122.41195,37.626827],[-122.41014,37.626827],[-122.407875,37.628628],[-122.40878,37.62935],[-122.408325,37.62971],[-122.407425,37.62971],[-122.40607,37.63079],[-122.407425,37.631874],[-122.408325,37.631874],[-122.40969,37.632954],[-122.40969,37.633675],[-122.41014,37.634033],[-122.413765,37.634033],[-122.414215,37.633675],[-122.414215,37.632954],[-122.41512,37.632233],[-122.41512,37.63079],[-122.41603,37.63007],[-122.41603,37.62935],[-122.41557,37.62899],[-122.41467,37.62827],[-122.413765,37.62827],[-122.41286,37.62899],[-122.41241,37.628628],[-122.41241,37.627186],[-122.41195,37.626827]]],[[[-122.401085,37.652775],[-122.40018,37.652775],[-122.39927,37.653496],[-122.39836,37.653496],[-122.397,37.654575],[-122.39791,37.655296],[-122.39791,37.656017],[-122.39836,37.65638],[-122.39927,37.65638],[-122.39972,37.65674],[-122.39882,37.65746],[-122.39972,37.65818],[-122.39972,37.6589],[-122.40018,37.659264],[-122.40289,37.659264],[-122.40334,37.659622],[-122.40334,37.660343],[-122.4038,37.660706],[-122.40425,37.660343],[-122.40425,37.659622],[-122.40516,37.6589],[-122.40516,37.65818],[-122.40561,37.65782],[-122.407425,37.65782],[-122.408325,37.6571],[-122.40923,37.6571],[-122.4115,37.655296],[-122.4115,37.65386],[-122.41105,37.653496],[-122.40923,37.653496],[-122.40878,37.653137],[-122.40878,37.652416],[-122.408325,37.652054],[-122.407425,37.652054],[-122.40652,37.651333],[-122.40471,37.651333],[-122.4038,37.652054],[-122.40289,37.651333],[-122.401985,37.651333],[-122.401535,37.651695],[-122.401535,37.652416],[-122.401085,37.652775]]],[[[-122.45272,37.71981],[-122.45226,37.719448],[-122.45317,37.718727],[-122.45226,37.718006],[-122.45226,37.717285],[-122.45181,37.716927],[-122.450905,37.716927],[-122.450455,37.716564],[-122.450455,37.715843],[-122.45,37.715485],[-122.4491,37.716206],[-122.44547,37.716206],[-122.445015,37.716564],[-122.445015,37.717285],[-122.444565,37.717648],[-122.444115,37.717285],[-122.444115,37.716564],[-122.44366,37.716206],[-122.44276,37.716206],[-122.4423,37.715843],[-122.4423,37.715122],[-122.44321,37.7144],[-122.44276,37.714043],[-122.44185,37.714043],[-122.44094,37.714764],[-122.44003,37.714043],[-122.43913,37.714764],[-122.43732,37.71332],[-122.43551,37.71332],[-122.4346,37.7126],[-122.431885,37.7126],[-122.43143,37.712963],[-122.431885,37.71332],[-122.432785,37.71332],[-122.43369,37.714043],[-122.4346,37.714043],[-122.43505,37.7144],[-122.43505,37.715122],[-122.43551,37.715485],[-122.43641,37.715485],[-122.43687,37.715843],[-122.43687,37.716564],[-122.43732,37.716927],[-122.438225,37.716206],[-122.438675,37.716564],[-122.438675,37.718006],[-122.437775,37.718727],[-122.437775,37.72017],[-122.438225,37.72053],[-122.43913,37.71981],[-122.44049,37.72089],[-122.44003,37.721252],[-122.43732,37.721252],[-122.43641,37.72197],[-122.43551,37.72197],[-122.4346,37.721252],[-122.43369,37.721252],[-122.431885,37.71981],[-122.43098,37.71981],[-122.43007,37.71909],[-122.42916,37.71909],[-122.42735,37.717648],[-122.426445,37.717648],[-122.425545,37.71837],[-122.42509,37.718006],[-122.42509,37.717285],[-122.42464,37.716927],[-122.42192,37.716927],[-122.42101,37.717648],[-122.420105,37.716927],[-122.41557,37.716927],[-122.41512,37.716564],[-122.41512,37.715843],[-122.41467,37.715485],[-122.41286,37.715485],[-122.41195,37.716206],[-122.41105,37.716206],[-122.41059,37.715843],[-122.41059,37.7144],[-122.41105,37.714043],[-122.41195,37.714043],[-122.41286,37.71332],[-122.413765,37.71332],[-122.414215,37.712963],[-122.414215,37.712242],[-122.41467,37.71188],[-122.41512,37.712242],[-122.41512,37.713684],[-122.41557,37.714043],[-122.41694,37.712963],[-122.41694,37.71152],[-122.41557,37.710438],[-122.41467,37.710438],[-122.41286,37.708996],[-122.40923,37.708996],[-122.40878,37.708637],[-122.40878,37.707916],[-122.408325,37.707554],[-122.407425,37.708275],[-122.40697,37.707916],[-122.40697,37.705753],[-122.40652,37.705395],[-122.40425,37.707195],[-122.40425,37.707916],[-122.40289,37.708996],[-122.40244,37.708637],[-122.40244,37.707195],[-122.40334,37.706474],[-122.40334,37.705753],[-122.40244,37.705032],[-122.40244,37.70431],[-122.40334,37.70359],[-122.40334,37.70287],[-122.40289,37.70251],[-122.401985,37.70251],[-122.401535,37.70215],[-122.40244,37.701427],[-122.40244,37.700706],[-122.401985,37.700348],[-122.39927,37.700348],[-122.39791,37.701427],[-122.39791,37.70287],[-122.39655,37.703953],[-122.39474,37.703953],[-122.39429,37.70431],[-122.39429,37.706474],[-122.395195,37.707195],[-122.395195,37.707916],[-122.39474,37.708275],[-122.39384,37.708275],[-122.393265,37.708637],[-122.39293,37.708908],[-122.39248,37.70936],[-122.39157,37.7108],[-122.39248,37.71152],[-122.39248,37.712242],[-122.39384,37.71332],[-122.39474,37.71332],[-122.39791,37.715843],[-122.39791,37.716564],[-122.39746,37.716927],[-122.39655,37.716927],[-122.39474,37.71837],[-122.39384,37.717648],[-122.39293,37.717648],[-122.39248,37.717285],[-122.39248,37.716564],[-122.39202,37.716206],[-122.39111,37.716206],[-122.39021,37.715485],[-122.389305,37.715485],[-122.388855,37.715843],[-122.388855,37.716564],[-122.38749,37.717648],[-122.38659,37.717648],[-122.38613,37.718006],[-122.38659,37.71837],[-122.38749,37.71837],[-122.38795,37.718727],[-122.38795,37.72017],[-122.389755,37.72161],[-122.389755,37.722332],[-122.39066,37.723053],[-122.39066,37.724495],[-122.39111,37.724854],[-122.39202,37.724854],[-122.39384,37.726295],[-122.39655,37.726295],[-122.397,37.726658],[-122.39655,37.727016],[-122.395645,37.727016],[-122.395195,37.72738],[-122.395195,37.7281],[-122.39474,37.72846],[-122.39384,37.72846],[-122.39338,37.728817],[-122.39338,37.729538],[-122.39293,37.7299],[-122.39202,37.72918],[-122.39111,37.72918],[-122.39021,37.72846],[-122.389305,37.72846],[-122.38749,37.7299],[-122.38659,37.72918],[-122.38568,37.72918],[-122.382965,37.731342],[-122.38206,37.731342],[-122.38161,37.73098],[-122.38251,37.73026],[-122.38206,37.7299],[-122.37934,37.7299],[-122.376625,37.727737],[-122.37572,37.72846],[-122.37481,37.72846],[-122.3739,37.727737],[-122.373,37.727737],[-122.37164,37.728817],[-122.373,37.7299],[-122.3739,37.7299],[-122.37572,37.731342],[-122.376625,37.73062],[-122.37888,37.73242],[-122.37888,37.733864],[-122.37798,37.734585],[-122.37934,37.73567],[-122.38025,37.73567],[-122.3807,37.736027],[-122.3807,37.73747],[-122.37979,37.73819],[-122.38025,37.73855],[-122.38115,37.73855],[-122.38161,37.73891],[-122.3807,37.73963],[-122.38161,37.740353],[-122.3807,37.741074],[-122.3807,37.741795],[-122.38161,37.742516],[-122.38161,37.743237],[-122.38251,37.743954],[-122.38251,37.744675],[-122.38161,37.745396],[-122.38161,37.746838],[-122.38206,37.747288],[-122.39111,37.747288],[-122.39202,37.7472],[-122.39338,37.746838],[-122.39338,37.74756],[-122.392586,37.74828],[-122.39202,37.74792],[-122.39111,37.74783],[-122.38477,37.74783],[-122.38432,37.74828],[-122.38387,37.750084],[-122.383415,37.74972],[-122.383415,37.74828],[-122.382965,37.74783],[-122.38206,37.74783],[-122.37979,37.74972],[-122.37979,37.750443],[-122.37888,37.751163],[-122.38025,37.752243],[-122.38115,37.752243],[-122.38161,37.752605],[-122.38206,37.753056],[-122.38115,37.75504],[-122.3807,37.75549],[-122.38161,37.75693],[-122.38149,37.757652],[-122.38149,37.75981],[-122.3824,37.761253],[-122.38568,37.763866],[-122.386024,37.76558],[-122.38421,37.769905],[-122.382965,37.772335],[-122.38206,37.772335],[-122.38149,37.77279],[-122.38149,37.774227],[-122.38206,37.77468],[-122.38568,37.77522],[-122.38512,37.77567],[-122.38568,37.77612],[-122.38749,37.77684],[-122.389305,37.77738],[-122.38783,37.778553],[-122.38659,37.781708],[-122.38512,37.78288],[-122.38568,37.78333],[-122.38477,37.785313],[-122.38421,37.785763],[-122.38421,37.787205],[-122.38568,37.788376],[-122.38568,37.788914],[-122.38512,37.789364],[-122.38568,37.789818],[-122.38659,37.789818],[-122.38874,37.790806],[-122.392365,37.79441],[-122.39508,37.798016],[-122.395645,37.798466],[-122.39599,37.8009],[-122.39655,37.80135],[-122.398705,37.80234],[-122.398705,37.80378],[-122.39927,37.804234],[-122.40051,37.806664],[-122.401085,37.807114],[-122.40289,37.807835],[-122.40471,37.807835],[-122.40595,37.809547],[-122.40652,37.809998],[-122.40708,37.809547],[-122.40958,37.81099],[-122.41014,37.81144],[-122.41105,37.81144],[-122.41161,37.81099],[-122.4183,37.81144],[-122.420105,37.81144],[-122.42067,37.81099],[-122.420105,37.81054],[-122.41739,37.808556],[-122.4192,37.808556],[-122.42045,37.808826],[-122.42101,37.809277],[-122.426445,37.807835],[-122.42916,37.807835],[-122.43007,37.807747],[-122.43143,37.806664],[-122.43143,37.805943],[-122.432335,37.80522],[-122.432335,37.8045],[-122.43415,37.803062],[-122.43324,37.80234],[-122.43369,37.80198],[-122.4346,37.80198],[-122.43505,37.80234],[-122.43505,37.803062],[-122.43641,37.804142],[-122.43732,37.804142],[-122.438675,37.803062],[-122.438675,37.80162],[-122.43913,37.801258],[-122.44003,37.801258],[-122.44049,37.8009],[-122.44049,37.80018],[-122.44094,37.799816],[-122.44185,37.799816],[-122.4423,37.80018],[-122.4423,37.8009],[-122.44276,37.801258],[-122.44547,37.801258],[-122.44638,37.80198],[-122.44728,37.801258],[-122.44774,37.80162],[-122.44819,37.80207],[-122.44955,37.8009],[-122.44955,37.80018],[-122.44728,37.798374],[-122.44638,37.798374],[-122.44547,37.799095],[-122.444565,37.798374],[-122.44366,37.798374],[-122.44321,37.798016],[-122.44321,37.795853],[-122.4423,37.79513],[-122.4423,37.79369],[-122.445015,37.791527],[-122.445015,37.790806],[-122.44638,37.789726],[-122.44728,37.789726],[-122.44774,37.789364],[-122.44774,37.788643],[-122.44819,37.788284],[-122.450905,37.788284],[-122.45136,37.787926],[-122.45136,37.787205],[-122.45181,37.786842],[-122.45362,37.786842],[-122.45408,37.786484],[-122.45408,37.785763],[-122.45362,37.7854],[-122.45272,37.78612],[-122.45181,37.78612],[-122.45136,37.785763],[-122.45136,37.78504],[-122.45181,37.78468],[-122.45453,37.78468],[-122.45499,37.78432],[-122.45499,37.7836],[-122.45408,37.78288],[-122.45453,37.782516],[-122.457245,37.782516],[-122.4577,37.78288],[-122.4577,37.78432],[-122.45906,37.7854],[-122.45951,37.78504],[-122.45951,37.78432],[-122.46042,37.7836],[-122.46042,37.78288],[-122.46087,37.782516],[-122.46359,37.782516],[-122.46404,37.78288],[-122.46404,37.7836],[-122.46449,37.78396],[-122.46495,37.7836],[-122.46495,37.78288],[-122.46585,37.782158],[-122.46585,37.781437],[-122.46631,37.781075],[-122.46722,37.781075],[-122.46767,37.780716],[-122.46722,37.780357],[-122.46631,37.780357],[-122.46495,37.779274],[-122.46495,37.778553],[-122.46449,37.778194],[-122.46359,37.778194],[-122.463135,37.778553],[-122.463135,37.779274],[-122.46178,37.780357],[-122.46133,37.779995],[-122.46133,37.779274],[-122.45997,37.778194],[-122.45906,37.778194],[-122.45815,37.777473],[-122.4577,37.777832],[-122.4577,37.778553],[-122.457245,37.778915],[-122.45362,37.778915],[-122.45272,37.779636],[-122.45,37.779636],[-122.44955,37.779274],[-122.45,37.778915],[-122.450905,37.778915],[-122.45136,37.778553],[-122.450905,37.778194],[-122.45,37.778194],[-122.44864,37.77711],[-122.450905,37.77531],[-122.45181,37.77603],[-122.45362,37.77603],[-122.45408,37.77567],[-122.45408,37.774227],[-122.45362,37.77387],[-122.450905,37.77387],[-122.45,37.77459],[-122.4491,37.77459],[-122.44864,37.774227],[-122.44864,37.773506],[-122.44819,37.773148],[-122.44638,37.773148],[-122.44592,37.77279],[-122.44592,37.772068],[-122.44728,37.770985],[-122.4491,37.770985],[-122.45,37.770264],[-122.450905,37.770264],[-122.45181,37.769543],[-122.45362,37.769543],[-122.45408,37.769184],[-122.45408,37.768463],[-122.45499,37.767742],[-122.45499,37.76702],[-122.45544,37.76666],[-122.456345,37.76666],[-122.457245,37.765938],[-122.45815,37.76666],[-122.45951,37.76558],[-122.45951,37.76486],[-122.46042,37.764137],[-122.45997,37.76378],[-122.45906,37.76378],[-122.45815,37.763058],[-122.45362,37.763058],[-122.45,37.760174],[-122.4491,37.760174],[-122.44819,37.760895],[-122.44728,37.760895],[-122.44683,37.760532],[-122.44683,37.75909],[-122.44638,37.75873],[-122.44547,37.75873],[-122.444565,37.75801],[-122.44366,37.75801],[-122.44139,37.75621],[-122.44139,37.752605],[-122.44094,37.752243],[-122.44003,37.752964],[-122.43958,37.752605],[-122.43958,37.751884],[-122.44049,37.751163],[-122.438675,37.74972],[-122.438675,37.749],[-122.438225,37.748642],[-122.43732,37.749363],[-122.43687,37.749],[-122.43687,37.746838],[-122.4346,37.745037],[-122.43369,37.745758],[-122.432785,37.745758],[-122.432335,37.745396],[-122.432335,37.744675],[-122.43143,37.743954],[-122.43143,37.743237],[-122.43098,37.742874],[-122.43007,37.742874],[-122.42962,37.742516],[-122.42962,37.740353],[-122.42871,37.73963],[-122.42916,37.73927],[-122.43007,37.73927],[-122.43053,37.73891],[-122.43053,37.73819],[-122.431885,37.737106],[-122.432785,37.737106],[-122.43324,37.73747],[-122.43324,37.740353],[-122.43369,37.74071],[-122.4346,37.74071],[-122.43505,37.741074],[-122.43505,37.742516],[-122.43551,37.742874],[-122.43596,37.742516],[-122.43596,37.741074],[-122.438225,37.73927],[-122.43913,37.73999],[-122.44049,37.73891],[-122.44049,37.73747],[-122.44094,37.737106],[-122.44366,37.737106],[-122.444115,37.736748],[-122.444115,37.736027],[-122.44366,37.73567],[-122.44276,37.73567],[-122.4423,37.735306],[-122.4423,37.733864],[-122.44321,37.733143],[-122.44321,37.73098],[-122.4423,37.73026],[-122.4423,37.729538],[-122.44139,37.728817],[-122.44139,37.7281],[-122.44094,37.727737],[-122.43913,37.727737],[-122.438225,37.72846],[-122.43732,37.727737],[-122.43641,37.727737],[-122.43505,37.726658],[-122.43505,37.725937],[-122.43551,37.725574],[-122.43732,37.725574],[-122.438225,37.726295],[-122.444565,37.726295],[-122.44592,37.725216],[-122.44592,37.724495],[-122.44638,37.724133],[-122.44683,37.724495],[-122.44683,37.725216],[-122.44728,37.725574],[-122.4491,37.725574],[-122.45,37.726295],[-122.450905,37.726295],[-122.45272,37.724854],[-122.456345,37.724854],[-122.456795,37.724495],[-122.4577,37.723774],[-122.456345,37.72269],[-122.45453,37.72269],[-122.45408,37.722332],[-122.45408,37.72017],[-122.45362,37.71981],[-122.45272,37.71981]]],[[[-122.30189,37.80378],[-122.30189,37.803062],[-122.30053,37.80198],[-122.296,37.80198],[-122.29554,37.80162],[-122.29554,37.8009],[-122.29418,37.799816],[-122.29328,37.799816],[-122.29237,37.799095],[-122.291466,37.799816],[-122.29056,37.799816],[-122.28966,37.799095],[-122.2892,37.799458],[-122.2892,37.80018],[-122.28875,37.800537],[-122.286934,37.800537],[-122.28648,37.8009],[-122.28648,37.80162],[-122.28603,37.80198],[-122.285126,37.80198],[-122.28377,37.803062],[-122.285576,37.8045],[-122.285576,37.80522],[-122.28648,37.805943],[-122.285576,37.806664],[-122.28648,37.807384],[-122.28648,37.808105],[-122.28603,37.808468],[-122.28241,37.808468],[-122.2815,37.807747],[-122.28105,37.808105],[-122.28105,37.808826],[-122.2815,37.80919],[-122.28332,37.80919],[-122.284676,37.81027],[-122.284676,37.81099],[-122.285126,37.811348],[-122.28603,37.811348],[-122.286934,37.810627],[-122.28784,37.810627],[-122.2883,37.81099],[-122.2883,37.81171],[-122.28875,37.81207],[-122.28966,37.81207],[-122.29011,37.81243],[-122.29011,37.813152],[-122.291466,37.81423],[-122.29237,37.81351],[-122.29373,37.814594],[-122.29373,37.815315],[-122.29418,37.815674],[-122.29871,37.815674],[-122.29962,37.814953],[-122.30053,37.814953],[-122.30098,37.814594],[-122.30098,37.813152],[-122.30279,37.81171],[-122.30279,37.81099],[-122.303246,37.810627],[-122.30415,37.810627],[-122.3046,37.81027],[-122.3046,37.809547],[-122.30505,37.80919],[-122.30596,37.80919],[-122.30687,37.808468],[-122.30777,37.808468],[-122.30823,37.808105],[-122.30777,37.807747],[-122.30505,37.807747],[-122.3046,37.807384],[-122.3046,37.806664],[-122.303696,37.805943],[-122.303696,37.80522],[-122.30189,37.80378]]],[[[-122.27018,37.796574],[-122.27018,37.795853],[-122.26927,37.79513],[-122.26927,37.79369],[-122.267914,37.79261],[-122.26746,37.79297],[-122.26746,37.79369],[-122.267006,37.794052],[-122.266556,37.79369],[-122.266556,37.79297],[-122.2661,37.79261],[-122.2652,37.79333],[-122.26248,37.79333],[-122.26191,37.79369],[-122.26157,37.79396],[-122.261116,37.79441],[-122.26157,37.79486],[-122.26033,37.79513],[-122.25976,37.794773],[-122.25931,37.79513],[-122.25931,37.798016],[-122.260216,37.798737],[-122.260666,37.799187],[-122.26157,37.80045],[-122.261116,37.8009],[-122.262024,37.80234],[-122.26248,37.8027],[-122.26338,37.80198],[-122.26429,37.80198],[-122.2652,37.801258],[-122.2661,37.801258],[-122.266556,37.80162],[-122.266556,37.80234],[-122.26746,37.803062],[-122.26746,37.8045],[-122.268364,37.80522],[-122.268364,37.805943],[-122.267914,37.806305],[-122.2661,37.806305],[-122.26565,37.806664],[-122.266556,37.807384],[-122.26565,37.808105],[-122.26565,37.808826],[-122.266556,37.809547],[-122.266556,37.81099],[-122.267006,37.811348],[-122.267914,37.810627],[-122.26972,37.810627],[-122.27063,37.80991],[-122.27154,37.80991],[-122.27199,37.809547],[-122.27199,37.808826],[-122.272896,37.808105],[-122.272896,37.807384],[-122.273346,37.807026],[-122.274254,37.807026],[-122.27652,37.80522],[-122.27652,37.80378],[-122.27561,37.803062],[-122.27561,37.80162],[-122.27516,37.801258],[-122.273346,37.799816],[-122.27154,37.799816],[-122.27109,37.799458],[-122.27109,37.798016],[-122.27063,37.797653],[-122.26972,37.797653],[-122.26927,37.797295],[-122.27018,37.796574]]]]}},{"type":"Feature","properties":{"contour":40},"geometry":{"type":"MultiPolygon","coordinates":[[[[-122.465836,37.702873],[-122.46674,37.703594],[-122.465385,37.704678],[-122.46448,37.704678],[-122.46312,37.705757],[-122.46312,37.70648],[-122.46448,37.707558],[-122.465385,37.707558],[-122.465836,37.70792],[-122.465836,37.70864],[-122.464935,37.709362],[-122.465385,37.70972],[-122.4681,37.70972],[-122.46901,37.71044],[-122.46946,37.710083],[-122.46946,37.709362],[-122.46992,37.709],[-122.470825,37.709],[-122.471275,37.70864],[-122.471275,37.70792],[-122.47037,37.7072],[-122.471275,37.70648],[-122.471275,37.705757],[-122.47218,37.705036],[-122.47218,37.704315],[-122.471275,37.703594],[-122.471275,37.702873],[-122.470825,37.702515],[-122.46629,37.702515],[-122.465836,37.702873]]],[[[-122.4672,37.73423],[-122.46674,37.73459],[-122.46674,37.73531],[-122.46629,37.73567],[-122.465385,37.73567],[-122.464935,37.73603],[-122.464935,37.73675],[-122.46448,37.73711],[-122.46358,37.73711],[-122.46267,37.73639],[-122.46222,37.73675],[-122.46222,37.739635],[-122.46176,37.739994],[-122.46085,37.739994],[-122.45995,37.740715],[-122.45723,37.740715],[-122.45633,37.741436],[-122.45542,37.741436],[-122.45451,37.742157],[-122.45361,37.741436],[-122.452705,37.742157],[-122.4518,37.742157],[-122.45089,37.741436],[-122.44817,37.741436],[-122.447266,37.740715],[-122.44546,37.740715],[-122.44501,37.740356],[-122.44501,37.739635],[-122.44455,37.739273],[-122.44274,37.739273],[-122.44228,37.739635],[-122.44364,37.740715],[-122.44455,37.740715],[-122.44501,37.741077],[-122.44501,37.7418],[-122.44772,37.743958],[-122.44772,37.74468],[-122.44591,37.74612],[-122.44591,37.74684],[-122.446815,37.747562],[-122.446815,37.748283],[-122.44817,37.749367],[-122.44999,37.747925],[-122.45089,37.747925],[-122.45135,37.748283],[-122.45135,37.749004],[-122.4518,37.749367],[-122.452705,37.748646],[-122.45361,37.748646],[-122.45633,37.750805],[-122.45723,37.750805],[-122.45769,37.751167],[-122.45769,37.75261],[-122.45814,37.752968],[-122.46085,37.752968],[-122.461426,37.75261],[-122.462105,37.75261],[-122.46222,37.754772],[-122.46222,37.755493],[-122.46312,37.756214],[-122.46312,37.756935],[-122.46358,37.757294],[-122.46403,37.756935],[-122.46403,37.754772],[-122.464935,37.75405],[-122.46403,37.75333],[-122.46403,37.75189],[-122.46448,37.751526],[-122.465385,37.751526],[-122.465836,37.751167],[-122.465836,37.749725],[-122.464935,37.749004],[-122.465836,37.748283],[-122.464935,37.747562],[-122.465836,37.74684],[-122.465836,37.74612],[-122.46629,37.74576],[-122.4681,37.74576],[-122.46856,37.7454],[-122.46856,37.74468],[-122.47037,37.743237],[-122.47037,37.74252],[-122.470825,37.742157],[-122.47263,37.742157],[-122.47308,37.7418],[-122.47308,37.741077],[-122.47218,37.740356],[-122.47308,37.739635],[-122.47308,37.738194],[-122.47399,37.737473],[-122.47399,37.73531],[-122.4749,37.73459],[-122.47354,37.73351],[-122.47263,37.73351],[-122.471725,37.732788],[-122.46992,37.732788],[-122.46946,37.733147],[-122.47037,37.733868],[-122.46992,37.73423],[-122.4672,37.73423]]],[[[-122.4142,37.62791],[-122.4142,37.62719],[-122.41375,37.62683],[-122.41194,37.62683],[-122.41148,37.62647],[-122.41148,37.625748],[-122.41103,37.62539],[-122.410126,37.62611],[-122.40922,37.62611],[-122.40877,37.62647],[-122.40877,37.62719],[-122.40696,37.62863],[-122.40786,37.629353],[-122.40741,37.629715],[-122.4065,37.629715],[-122.40514,37.630795],[-122.4065,37.631874],[-122.40741,37.631874],[-122.40786,37.632236],[-122.40786,37.632957],[-122.410126,37.634758],[-122.41284,37.634758],[-122.41375,37.634037],[-122.41466,37.634758],[-122.41511,37.6344],[-122.4142,37.63368],[-122.41511,37.632957],[-122.41511,37.632236],[-122.416016,37.631516],[-122.416016,37.630074],[-122.41692,37.629353],[-122.41692,37.62863],[-122.416466,37.628273],[-122.41466,37.628273],[-122.4142,37.62791]]],[[[-122.39971,37.65242],[-122.39835,37.6535],[-122.397446,37.6535],[-122.39699,37.65386],[-122.39699,37.6553],[-122.397896,37.65602],[-122.397896,37.658184],[-122.3988,37.658905],[-122.3988,37.660347],[-122.399254,37.66071],[-122.40016,37.66071],[-122.40061,37.660347],[-122.40061,37.659626],[-122.40107,37.659267],[-122.40197,37.659267],[-122.40243,37.659626],[-122.40243,37.661068],[-122.40288,37.661427],[-122.404236,37.660347],[-122.404236,37.659626],[-122.405594,37.658546],[-122.40741,37.658546],[-122.40786,37.658184],[-122.40786,37.657463],[-122.40832,37.657104],[-122.40922,37.657104],[-122.410126,37.656384],[-122.41194,37.656384],[-122.41239,37.65602],[-122.41239,37.65458],[-122.41148,37.65386],[-122.41148,37.65314],[-122.41103,37.65278],[-122.40922,37.65278],[-122.40832,37.652058],[-122.40741,37.65278],[-122.40696,37.65242],[-122.40696,37.6517],[-122.4065,37.651337],[-122.40469,37.651337],[-122.403786,37.650616],[-122.40288,37.651337],[-122.40197,37.651337],[-122.40107,37.652058],[-122.40016,37.651337],[-122.39971,37.6517],[-122.39971,37.65242]]],[[[-122.45361,37.719814],[-122.453156,37.71945],[-122.45406,37.71873],[-122.453156,37.71801],[-122.453156,37.71729],[-122.45135,37.715847],[-122.45135,37.715126],[-122.45089,37.714767],[-122.44817,37.71693],[-122.44772,37.716568],[-122.44772,37.715847],[-122.447266,37.71549],[-122.446365,37.71549],[-122.44546,37.71621],[-122.44455,37.71549],[-122.44364,37.71621],[-122.44319,37.715847],[-122.44319,37.714405],[-122.44274,37.714046],[-122.44183,37.714046],[-122.440926,37.713326],[-122.44002,37.714046],[-122.43821,37.714046],[-122.4364,37.712605],[-122.434586,37.712605],[-122.43278,37.711163],[-122.43187,37.711163],[-122.43141,37.711525],[-122.43141,37.712246],[-122.43051,37.712967],[-122.43051,37.713684],[-122.43141,37.714405],[-122.43141,37.715126],[-122.43187,37.71549],[-122.43278,37.71549],[-122.43323,37.715126],[-122.43323,37.714405],[-122.43368,37.714046],[-122.434586,37.714046],[-122.435036,37.714405],[-122.434135,37.715126],[-122.43594,37.716568],[-122.43594,37.71729],[-122.4364,37.71765],[-122.4373,37.71693],[-122.43821,37.71693],[-122.43866,37.71729],[-122.43866,37.71801],[-122.43685,37.71945],[-122.43685,37.720173],[-122.4364,37.720535],[-122.43549,37.719814],[-122.435036,37.720173],[-122.435036,37.720894],[-122.434586,37.721252],[-122.43368,37.721252],[-122.43323,37.720894],[-122.434135,37.720173],[-122.43368,37.719814],[-122.43278,37.720535],[-122.43187,37.719814],[-122.43096,37.719814],[-122.43005,37.719093],[-122.42915,37.719093],[-122.428696,37.71873],[-122.428696,37.71729],[-122.428246,37.71693],[-122.42734,37.71765],[-122.42643,37.71693],[-122.42371,37.71693],[-122.422806,37.71621],[-122.421906,37.71693],[-122.415565,37.71693],[-122.41511,37.716568],[-122.41511,37.715847],[-122.41466,37.71549],[-122.41375,37.71549],[-122.41239,37.714405],[-122.41239,37.713684],[-122.41284,37.713326],[-122.41375,37.713326],[-122.41466,37.714046],[-122.415565,37.714046],[-122.41692,37.712967],[-122.41692,37.710804],[-122.416466,37.71044],[-122.415565,37.71044],[-122.4133,37.70864],[-122.4133,37.7072],[-122.41375,37.706837],[-122.41466,37.706837],[-122.41511,37.70648],[-122.41466,37.706116],[-122.41284,37.706116],[-122.41194,37.7054],[-122.41103,37.7054],[-122.410576,37.705757],[-122.41148,37.70648],[-122.41148,37.70792],[-122.410126,37.709],[-122.40922,37.709],[-122.40877,37.70864],[-122.40877,37.70792],[-122.40832,37.707558],[-122.40741,37.707558],[-122.40696,37.7072],[-122.40696,37.705036],[-122.4065,37.704678],[-122.40514,37.705757],[-122.40514,37.70648],[-122.404236,37.7072],[-122.404236,37.70792],[-122.403786,37.70828],[-122.40288,37.70828],[-122.40243,37.70792],[-122.40243,37.7072],[-122.403336,37.70648],[-122.403336,37.705757],[-122.40243,37.705036],[-122.40243,37.704315],[-122.403336,37.703594],[-122.403336,37.70071],[-122.40107,37.69891],[-122.40016,37.69891],[-122.39971,37.69927],[-122.39971,37.69999],[-122.397896,37.70143],[-122.397896,37.702873],[-122.39699,37.703594],[-122.39699,37.704315],[-122.39654,37.704678],[-122.39473,37.703236],[-122.39427,37.703594],[-122.39427,37.70792],[-122.39382,37.70828],[-122.39326,37.70864],[-122.392914,37.70891],[-122.39065,37.710804],[-122.39065,37.711525],[-122.391556,37.712246],[-122.391556,37.712967],[-122.392006,37.713326],[-122.392914,37.713326],[-122.39382,37.714046],[-122.39473,37.714046],[-122.39563,37.714767],[-122.39654,37.714767],[-122.39699,37.715126],[-122.39699,37.716568],[-122.39563,37.71765],[-122.39382,37.71765],[-122.392006,37.71621],[-122.391106,37.71621],[-122.38929,37.714767],[-122.38838,37.714767],[-122.38657,37.71621],[-122.385666,37.71621],[-122.385216,37.716568],[-122.38612,37.71729],[-122.38612,37.71801],[-122.387024,37.71873],[-122.387024,37.71945],[-122.38974,37.721615],[-122.38884,37.722336],[-122.38884,37.723057],[-122.38929,37.723415],[-122.3902,37.723415],[-122.39065,37.723778],[-122.38974,37.7245],[-122.391106,37.72558],[-122.392006,37.724857],[-122.39246,37.72522],[-122.39246,37.72666],[-122.392914,37.72702],[-122.39473,37.72702],[-122.39518,37.727383],[-122.39518,37.728104],[-122.39473,37.728462],[-122.392006,37.728462],[-122.391106,37.729183],[-122.38929,37.72774],[-122.38838,37.728462],[-122.38657,37.728462],[-122.385666,37.729183],[-122.385216,37.72882],[-122.385216,37.728104],[-122.38612,37.727383],[-122.38612,37.72666],[-122.385666,37.7263],[-122.385216,37.72666],[-122.385216,37.727383],[-122.38295,37.729183],[-122.38023,37.729183],[-122.379326,37.729904],[-122.37797,37.72882],[-122.37797,37.728104],[-122.37752,37.72774],[-122.372986,37.72774],[-122.37208,37.72702],[-122.37027,37.72702],[-122.36981,37.727383],[-122.36981,37.72882],[-122.37027,37.729183],[-122.37208,37.729183],[-122.374794,37.731346],[-122.37661,37.731346],[-122.37797,37.732426],[-122.37706,37.733147],[-122.37797,37.733868],[-122.37797,37.73603],[-122.378876,37.73675],[-122.378876,37.738194],[-122.380684,37.739635],[-122.380684,37.7418],[-122.379776,37.74252],[-122.38023,37.742878],[-122.381134,37.742878],[-122.38159,37.743237],[-122.38159,37.743958],[-122.380684,37.74468],[-122.380684,37.7454],[-122.379776,37.74612],[-122.38023,37.746483],[-122.381134,37.746483],[-122.38159,37.74684],[-122.38204,37.74729],[-122.392006,37.747833],[-122.38204,37.747833],[-122.381134,37.747925],[-122.378876,37.749725],[-122.378876,37.750446],[-122.37797,37.751167],[-122.38023,37.752968],[-122.381134,37.752247],[-122.38159,37.75261],[-122.38204,37.75306],[-122.381134,37.755043],[-122.38057,37.755493],[-122.38148,37.757656],[-122.38148,37.759815],[-122.382385,37.761257],[-122.385666,37.76387],[-122.38601,37.765583],[-122.38419,37.76991],[-122.38295,37.77234],[-122.38204,37.77234],[-122.38148,37.77279],[-122.38148,37.77423],[-122.38204,37.77468],[-122.385666,37.775223],[-122.3851,37.775673],[-122.385666,37.776123],[-122.38748,37.776844],[-122.38929,37.777386],[-122.38782,37.778557],[-122.38657,37.78171],[-122.3851,37.782883],[-122.385666,37.783333],[-122.38476,37.785316],[-122.38419,37.785767],[-122.38419,37.78721],[-122.385666,37.78838],[-122.385666,37.788918],[-122.3851,37.789368],[-122.385666,37.789818],[-122.38657,37.789818],[-122.388725,37.79081],[-122.39235,37.794415],[-122.395065,37.79802],[-122.39563,37.79847],[-122.39597,37.800903],[-122.39869,37.803062],[-122.39869,37.803783],[-122.400505,37.806667],[-122.40107,37.807117],[-122.40288,37.80784],[-122.40469,37.80784],[-122.40594,37.80955],[-122.4065,37.81],[-122.40707,37.80955],[-122.40956,37.810993],[-122.410126,37.811443],[-122.41103,37.811443],[-122.4116,37.810993],[-122.41828,37.811443],[-122.42009,37.811443],[-122.420654,37.810993],[-122.42009,37.810543],[-122.41737,37.80856],[-122.41918,37.80856],[-122.42043,37.80883],[-122.421,37.80928],[-122.42643,37.80784],[-122.42949,37.80811],[-122.43005,37.80847],[-122.43232,37.806667],[-122.432434,37.805946],[-122.43278,37.805676],[-122.43323,37.805225],[-122.434586,37.803425],[-122.4364,37.804867],[-122.4373,37.804867],[-122.43776,37.804504],[-122.43776,37.803783],[-122.43821,37.803425],[-122.43912,37.803425],[-122.43957,37.803062],[-122.43957,37.802345],[-122.440475,37.801624],[-122.440475,37.800903],[-122.440926,37.80054],[-122.44183,37.80054],[-122.44274,37.80126],[-122.44546,37.80126],[-122.44591,37.801624],[-122.44591,37.802345],[-122.446365,37.802704],[-122.44693,37.802345],[-122.44817,37.802074],[-122.44999,37.801983],[-122.45044,37.801624],[-122.45044,37.800903],[-122.44953,37.800182],[-122.44953,37.79874],[-122.44817,37.797657],[-122.446365,37.797657],[-122.44546,37.798378],[-122.44455,37.797657],[-122.44364,37.797657],[-122.44319,37.7973],[-122.44319,37.796577],[-122.44364,37.796215],[-122.44546,37.796215],[-122.44591,37.795856],[-122.44546,37.795494],[-122.44364,37.795494],[-122.44228,37.794415],[-122.44228,37.793694],[-122.44274,37.793335],[-122.44364,37.793335],[-122.44501,37.79225],[-122.44501,37.79153],[-122.44546,37.791172],[-122.446365,37.791172],[-122.447266,37.791893],[-122.44817,37.791893],[-122.44862,37.79153],[-122.44862,37.789368],[-122.44908,37.78901],[-122.45089,37.78901],[-122.452705,37.787567],[-122.45451,37.787567],[-122.45497,37.78721],[-122.45497,37.785767],[-122.45406,37.785046],[-122.45451,37.784683],[-122.45814,37.784683],[-122.458595,37.785046],[-122.458595,37.785767],[-122.459045,37.786125],[-122.459496,37.785767],[-122.459496,37.784325],[-122.45995,37.783962],[-122.46176,37.783962],[-122.46222,37.783604],[-122.46222,37.782883],[-122.46267,37.78252],[-122.46312,37.782883],[-122.46312,37.783604],[-122.46358,37.783962],[-122.465385,37.783962],[-122.465836,37.783604],[-122.465836,37.782883],[-122.46856,37.78072],[-122.4681,37.780357],[-122.4672,37.780357],[-122.465836,37.779278],[-122.465836,37.778557],[-122.465385,37.7782],[-122.46085,37.7782],[-122.459045,37.776756],[-122.45814,37.776756],[-122.45633,37.7782],[-122.45451,37.7782],[-122.452705,37.77964],[-122.45089,37.77964],[-122.45044,37.779278],[-122.45135,37.778557],[-122.45135,37.777836],[-122.45089,37.777477],[-122.44999,37.777477],[-122.44953,37.777115],[-122.44953,37.776394],[-122.44999,37.776035],[-122.45089,37.776035],[-122.452705,37.777477],[-122.453156,37.777115],[-122.453156,37.776394],[-122.45361,37.776035],[-122.45451,37.776035],[-122.45497,37.775673],[-122.45497,37.77423],[-122.45451,37.773872],[-122.45361,37.773872],[-122.452705,37.77315],[-122.45089,37.77315],[-122.45044,37.77351],[-122.45044,37.77423],[-122.44999,37.774593],[-122.446815,37.77207],[-122.44817,37.77099],[-122.44908,37.77099],[-122.44999,37.770267],[-122.45361,37.770267],[-122.45406,37.76991],[-122.45406,37.769188],[-122.45633,37.767384],[-122.45814,37.767384],[-122.46085,37.765224],[-122.46176,37.765224],[-122.46267,37.764503],[-122.46358,37.764503],[-122.46403,37.76414],[-122.46358,37.763783],[-122.46267,37.763783],[-122.46176,37.76306],[-122.46085,37.763783],[-122.45995,37.763783],[-122.45814,37.76234],[-122.45723,37.76234],[-122.45633,37.76306],[-122.45542,37.76306],[-122.45361,37.76162],[-122.452705,37.76234],[-122.45225,37.76198],[-122.45225,37.761257],[-122.45089,37.760178],[-122.447266,37.760178],[-122.446815,37.759815],[-122.446815,37.759094],[-122.446365,37.758736],[-122.44546,37.758736],[-122.44364,37.757294],[-122.44274,37.757294],[-122.44138,37.756214],[-122.44138,37.754772],[-122.44228,37.75405],[-122.44228,37.75333],[-122.44138,37.75261],[-122.44138,37.750446],[-122.440926,37.750088],[-122.44002,37.750088],[-122.43957,37.749725],[-122.43957,37.749004],[-122.43866,37.748283],[-122.43866,37.747562],[-122.43821,37.747204],[-122.4373,37.747204],[-122.43685,37.74684],[-122.43685,37.7454],[-122.4364,37.74504],[-122.434586,37.74504],[-122.43368,37.74432],[-122.43278,37.74504],[-122.43141,37.743958],[-122.43232,37.743237],[-122.43232,37.7418],[-122.43187,37.741436],[-122.43005,37.741436],[-122.4296,37.741077],[-122.4296,37.739635],[-122.43278,37.73711],[-122.43323,37.737473],[-122.43323,37.738914],[-122.43232,37.739635],[-122.43232,37.740356],[-122.43278,37.740715],[-122.43368,37.740715],[-122.435036,37.7418],[-122.435036,37.743237],[-122.4364,37.74432],[-122.43821,37.74432],[-122.43866,37.743958],[-122.43866,37.74252],[-122.43821,37.742157],[-122.4373,37.742878],[-122.43594,37.7418],[-122.43594,37.741077],[-122.4373,37.739994],[-122.43821,37.739994],[-122.43912,37.740715],[-122.440475,37.739635],[-122.440475,37.738914],[-122.44138,37.738194],[-122.44138,37.737473],[-122.44183,37.73711],[-122.44364,37.73711],[-122.44501,37.73603],[-122.44501,37.73531],[-122.44319,37.733868],[-122.44319,37.72882],[-122.44274,37.728462],[-122.44183,37.728462],[-122.44138,37.728104],[-122.44138,37.727383],[-122.44274,37.7263],[-122.447266,37.7263],[-122.44817,37.72702],[-122.45089,37.72702],[-122.45135,37.727383],[-122.45044,37.728104],[-122.45089,37.728462],[-122.4518,37.72774],[-122.452705,37.72774],[-122.45406,37.72666],[-122.453156,37.72594],[-122.453156,37.72522],[-122.45361,37.724857],[-122.45814,37.724857],[-122.458595,37.7245],[-122.45769,37.723778],[-122.45769,37.721615],[-122.45678,37.720894],[-122.45769,37.720173],[-122.45769,37.71945],[-122.45723,37.719093],[-122.45633,37.719093],[-122.45587,37.71945],[-122.45587,37.720894],[-122.45542,37.721252],[-122.45497,37.720894],[-122.45497,37.720173],[-122.45451,37.719814],[-122.45361,37.719814]]],[[[-122.2226,37.77243],[-122.2217,37.77315],[-122.220795,37.77315],[-122.22034,37.77351],[-122.22034,37.774952],[-122.221245,37.775673],[-122.221245,37.776394],[-122.2226,37.777477],[-122.22442,37.777477],[-122.22533,37.776756],[-122.227135,37.776756],[-122.227585,37.776394],[-122.226685,37.775673],[-122.227585,37.774952],[-122.227135,37.774593],[-122.22623,37.774593],[-122.22351,37.77243],[-122.2226,37.77243]]],[[[-122.29734,37.84271],[-122.29734,37.841988],[-122.29643,37.841267],[-122.29734,37.840546],[-122.29689,37.840183],[-122.29598,37.840183],[-122.295074,37.839466],[-122.294174,37.839466],[-122.292816,37.840546],[-122.292816,37.84271],[-122.29372,37.84343],[-122.29372,37.84415],[-122.294624,37.84487],[-122.29372,37.845592],[-122.29372,37.846313],[-122.294174,37.846672],[-122.295074,37.846672],[-122.29598,37.847393],[-122.29734,37.846313],[-122.29734,37.845592],[-122.29825,37.84487],[-122.29825,37.84343],[-122.29734,37.84271]]],[[[-122.30187,37.803062],[-122.300514,37.801983],[-122.29961,37.801983],[-122.2987,37.802704],[-122.2978,37.801983],[-122.29598,37.801983],[-122.29553,37.801624],[-122.29553,37.800903],[-122.294174,37.79982],[-122.29327,37.79982],[-122.29236,37.7991],[-122.29145,37.79982],[-122.29055,37.79982],[-122.29009,37.79946],[-122.29009,37.79874],[-122.28964,37.798378],[-122.28919,37.79874],[-122.28919,37.79946],[-122.288734,37.79982],[-122.28693,37.79982],[-122.28647,37.800182],[-122.28647,37.801624],[-122.28602,37.801983],[-122.28511,37.801983],[-122.28421,37.802704],[-122.2833,37.802704],[-122.282845,37.803062],[-122.282845,37.803783],[-122.28375,37.804504],[-122.28375,37.805225],[-122.28557,37.806667],[-122.28557,37.80811],[-122.28511,37.80847],[-122.28421,37.80847],[-122.2833,37.80775],[-122.28059,37.80775],[-122.28013,37.80811],[-122.28013,37.80883],[-122.282394,37.81063],[-122.282845,37.810272],[-122.281944,37.80955],[-122.282394,37.809193],[-122.2833,37.809193],[-122.28375,37.80955],[-122.28375,37.810993],[-122.28511,37.812073],[-122.28602,37.81135],[-122.28693,37.81135],[-122.288734,37.812794],[-122.28964,37.812794],[-122.29009,37.813156],[-122.29009,37.813877],[-122.29145,37.814957],[-122.29236,37.814957],[-122.294174,37.8164],[-122.2987,37.8164],[-122.300964,37.814598],[-122.300964,37.813156],[-122.30142,37.812794],[-122.30323,37.812794],[-122.30368,37.812435],[-122.30368,37.810993],[-122.30504,37.809914],[-122.30595,37.809914],[-122.30821,37.80811],[-122.30776,37.80775],[-122.30504,37.80775],[-122.30459,37.80739],[-122.30459,37.806667],[-122.30368,37.805946],[-122.30368,37.805225],[-122.30187,37.803783],[-122.30187,37.803062]]],[[[-122.27198,37.79802],[-122.27152,37.797657],[-122.270615,37.797657],[-122.270164,37.7973],[-122.270164,37.795856],[-122.26926,37.795135],[-122.26926,37.792973],[-122.26881,37.792614],[-122.26609,37.792614],[-122.26518,37.793335],[-122.263374,37.793335],[-122.26247,37.792614],[-122.26201,37.792973],[-122.26122,37.793694],[-122.26065,37.793335],[-122.25929,37.794415],[-122.25929,37.795135],[-122.258385,37.795856],[-122.25929,37.796577],[-122.25929,37.79802],[-122.25975,37.79847],[-122.260994,37.800903],[-122.26156,37.80189],[-122.26111,37.802345],[-122.26111,37.803062],[-122.26156,37.803425],[-122.26247,37.803425],[-122.264275,37.801983],[-122.26518,37.801983],[-122.26654,37.803062],[-122.26654,37.803783],[-122.26745,37.804504],[-122.26609,37.805588],[-122.26518,37.805588],[-122.26473,37.805946],[-122.26473,37.806667],[-122.26563,37.80739],[-122.26518,37.80775],[-122.264275,37.80775],[-122.263824,37.80811],[-122.264275,37.80847],[-122.26518,37.80847],[-122.26563,37.80883],[-122.26563,37.810993],[-122.26699,37.812073],[-122.2679,37.81135],[-122.269714,37.81135],[-122.270164,37.810993],[-122.270164,37.810272],[-122.270615,37.809914],[-122.27152,37.81063],[-122.27198,37.810272],[-122.27198,37.80955],[-122.27243,37.809193],[-122.27334,37.809193],[-122.27379,37.80883],[-122.27379,37.80739],[-122.27424,37.80703],[-122.27515,37.80703],[-122.276054,37.80631],[-122.27696,37.80631],[-122.27741,37.805946],[-122.27741,37.804504],[-122.2756,37.803062],[-122.276505,37.802345],[-122.276505,37.801624],[-122.276054,37.80126],[-122.2747,37.800182],[-122.2747,37.79946],[-122.27424,37.7991],[-122.27243,37.7991],[-122.27198,37.79874],[-122.27198,37.79802]]]]}}]}